design_id,tangentiality,center_baffle_ratio,shield_ratio,shield_gap_ratio,outlet_submergence_ratio,flow_distribution,complexity,weighted_capture_proxy,head_loss_proxy_m,overload_sediment_risk_proxy,maintainability_proxy,feasible
0,0.0,0.05,0.2,0.2,0.05,0.3,0.0,0.1525859450556277,0.036037550755379455,4.0,0.8000000000000002,True
1,0.3339410834966551,0.4499943153046311,0.36714628705448127,0.0751559701458012,0.3213005386134692,0.8477180734550669,0.024297537170607897,0.44947779502059937,0.06505338776410874,4.0,0.6328537129455187,True
2,0.862105627931578,0.10430683813752739,0.597758784236834,0.038748798422307405,0.18991109056807304,0.5480874170155341,0.9212462945130319,0.3738781102701529,0.16838169692871904,4.0,0.40224121576316596,False
3,0.16422793594034568,0.43621305618429507,0.6046830424804208,0.0894758201998871,0.11258261065383432,0.6511668981952161,0.8045459205851694,0.342454625032448,0.06291912662870644,4.0,0.3953169575195792,False
4,0.5202344796439802,0.1432285526317354,0.6299940208132655,0.043622953115472866,0.5123817175527523,0.48026874538296715,0.19560515436260562,0.3544381260521563,0.10402484163883628,4.0,0.3700059791867345,False
5,0.05871046316326245,0.14107895513003915,0.6010553786229418,0.13244725754807388,0.19763193376346194,0.3620063243412089,0.32910522731970915,0.2532419288651709,0.04265548800073363,4.0,0.3989446213770582,False
6,0.6123504724987697,0.1562055557617561,0.7920303409275373,0.1410592880570683,0.29574610935961837,0.851456417511185,0.9368673531136417,0.4981171483772102,0.0891927181438266,4.0,0.20796965907246268,False
7,0.9788603513152648,0.07987258248996568,0.5695878873218232,0.17365195941218045,0.2331825892274751,0.2934675606314139,0.6828235399969735,0.27634638741652606,0.14121633963652538,4.0,0.4304121126781768,False
8,0.7231481165600608,0.05424498718278428,0.519432952071593,0.08758611151201821,0.46556479323900846,0.248911571199963,0.6731111057805375,0.25196628029328594,0.10006853703402982,4.0,0.480567047928407,False
9,0.5842086725808536,0.3754137109748161,0.535616306217168,0.16184264134289647,0.5702081547640196,0.8089775547268061,0.16999873590828174,0.4339932937066765,0.07946526114366782,4.0,0.46438369378283195,False
10,0.4869446602254329,0.11304871980484875,0.5596100094960874,0.12728816799665413,0.379381662256213,0.9980550633834984,0.7114372051865628,0.517906363123881,0.07140631539815213,4.0,0.4403899905039126,False
11,0.047748377899320404,0.221901301429283,0.712029149796747,0.16964362489227344,0.6179994369813948,0.2949929758279697,0.4805804682072603,0.21534892728700655,0.04654570417527475,3.9753584293114264,0.28797085020325297,False
12,0.27209311750729626,0.21891084322085025,0.5336599686500187,0.04664625924645019,0.6178032922373903,0.4694888724450403,0.44959050711291904,0.29615024681573915,0.08644958524329026,4.0,0.4663400313499813,False
13,0.30875271768853896,0.36758249453278463,0.6823876437066445,0.052000073533776184,0.24948590016835015,0.5732738306870753,0.9941156270348598,0.37869129688146763,0.09559962530044898,4.0,0.31761235629335544,False
14,0.6452258702557846,0.2479271143536777,0.47833485409849513,0.1047192764883356,0.6977829117144241,0.5740662830487283,0.8784860524979858,0.32616437775028934,0.09422451347913732,4.0,0.5216651459015049,False
15,0.7173703310380503,0.20536496317227665,0.7978652971131781,0.09402580344420809,0.1371782017384413,0.6200303543638307,0.971295694293764,0.3871436205493824,0.1047777693247985,4.0,0.2021347028868219,False
16,0.4684215533552041,0.1593453001797963,0.6617410088661628,0.10910985722921278,0.48965788319032694,0.2844190477960357,0.8672339420396987,0.2659217024619287,0.07287480562459162,4.0,0.3382589911338372,False
17,0.5986940533497315,0.25006383529306947,0.28850936529163274,0.11205894031086845,0.5369945249445501,0.729871898483208,0.5392388888846309,0.40756802617789145,0.08307485317347592,4.0,0.7114906347083673,False
18,0.20071819825235226,0.13875373460394408,0.7983997233395368,0.1846387858272457,0.33527970556661335,0.5697437369419156,0.7390413902999279,0.3961269497614275,0.05291997593743669,4.0,0.2016002766604632,False
19,0.9575815902191461,0.40781999464446606,0.6835139052343596,0.192874689538946,0.6919513874341995,0.4603020644669468,0.28489093092387585,0.30456852283445596,0.1390396738189816,3.435999888170711,0.3164860947656404,False
20,0.6766961681796796,0.2588998424635517,0.631208990661202,0.1130024951762339,0.3683211725377102,0.6225508522380953,0.1369740305994046,0.4295216848775176,0.0864864244669817,4.0,0.36879100933879805,False
21,0.7112317018591139,0.09854187081959478,0.3259132912731836,0.042909152516411246,0.34995552973915856,0.2538596241014765,0.0915955092727162,0.24881520621632416,0.12574812090131587,4.0,0.45769762684172,False
22,0.05565515606128146,0.39582346284743986,0.6753859014469463,0.13839226282860403,0.6187198988439575,0.617737961344295,0.46542503221748255,0.33709864053065736,0.05198961657618964,3.698577804401333,0.3246140985530537,False
23,0.15798018930838809,0.3180091298698323,0.7333413114545446,0.17623320510313462,0.4058774579094081,0.8785541933926355,0.7514494138519149,0.4792095113272767,0.05589755831677488,4.0,0.2666586885454554,False
24,0.6569450808988869,0.3999434752856582,0.3273251828822311,0.11386112441263546,0.3179219528484446,0.9262660239794513,0.8896346979582448,0.4830230354349036,0.10104470668365802,4.0,0.6726748171177689,False
25,0.16742736005268888,0.11071958669501077,0.7988243955294476,0.16391413153795867,0.1503024134652751,0.2764693661289653,0.6530090355234281,0.22312525997415392,0.04995034350625595,4.0,0.20117560447055238,False
26,0.3973958303473124,0.3943089331900358,0.446799208782673,0.09125407959632958,0.3807586263666627,0.8616458771239395,0.9434625134249307,0.46906488255887974,0.075790026386545,4.0,0.553200791217327,False
27,0.2702592376002355,0.23343477554424602,0.3586827870198551,0.08032738783191509,0.20190660389267595,0.8666597997102443,0.6647071370476714,0.41827618104650216,0.06130251159976428,4.0,0.6413172129801449,True
28,0.3459710771072564,0.11700861113729771,0.46746725507089476,0.030019741242737746,0.05032981625544361,0.6422383933974111,0.548045871043966,0.32606114162076866,0.11483775866723384,4.0,0.3202105732558693,False
29,0.06314252204369653,0.07459670779901972,0.21582236805183683,0.07238225855708802,0.45999658240453484,0.5501380364984663,0.03211661584613634,0.30903300501702613,0.04607547702611092,4.0,0.7720774246089389,True
30,0.9560306143406063,0.3751174475004025,0.23803446559419866,0.18444228156843892,0.46546815086975873,0.2880378543128849,0.15247734336332797,0.26302677951070497,0.13525060051319113,4.0,0.7619655344058014,False
31,0.873562605413461,0.14833479020030416,0.7438362561113205,0.04272423469525272,0.17833471006834473,0.9873822876950054,0.6985616750631289,0.4976270652475166,0.161738278584579,4.0,0.25616374388867946,False
32,0.6186611016871677,0.12576138261131076,0.30977607549773356,0.14492084496937696,0.09001221773361148,0.9920841020287201,0.9631286465491352,0.4284638394484491,0.08993374742869593,4.0,0.6902239245022664,False
33,0.913178338189196,0.32158370195493197,0.7569241326785339,0.047651399105787556,0.40686243636612746,0.3861040308644433,0.3565394864592002,0.34663935078964636,0.16099236753394908,4.0,0.24307586732146613,False
34,0.0789615859832894,0.27948955492775884,0.4817289173281544,0.041658199371066476,0.05731106143604141,0.2944535236456928,0.14103147195120713,0.1839228100116318,0.0828980933853094,4.0,0.44435412662470913,False
35,0.7336849230820285,0.09552195108176376,0.6866991464412404,0.13759985353738075,0.5744122578659178,0.6707940594157817,0.9031969751562258,0.4146019877125582,0.10383901316771986,4.0,0.3133008535587596,False
36,0.18898550705610995,0.2453293739218066,0.4378064328144718,0.1530711025280807,0.08013730555037997,0.8977855097691347,0.3496648950036175,0.38298316012808264,0.048254979533392695,4.0,0.5621935671855283,True
37,0.5415375118995276,0.18010215343641206,0.5081277750342008,0.1679723141859037,0.3663440694641855,0.9780335653060053,0.34606707610956355,0.5114270159120523,0.07196806690072556,4.0,0.4918722249657992,False
38,0.5658205035616901,0.43368303038625994,0.7323080316942077,0.06417577078117724,0.5113671043640644,0.5718099857542389,0.3655401198426309,0.3926628133590614,0.09812963975648782,3.8257997997544186,0.26769196830579234,False
39,0.4399339549534259,0.3700640012607943,0.33747811679200174,0.09537577133023942,0.26687960921163945,0.40150174525851484,0.5997307683861186,0.2991470610725479,0.07205241088106618,4.0,0.6625218832079982,False
40,0.9222635696711946,0.0733809026047294,0.4412568393305546,0.09722144897972226,0.6447058655347737,0.7202001307480577,0.09480619414605196,0.39433039341006915,0.12112104301721868,4.0,0.5587431606694454,False
41,0.8492672624689029,0.1107933571983617,0.5581142556187659,0.1830889459816503,0.27924761373303647,0.2375276946224009,0.13631509180813284,0.2479103984101932,0.10940407826674264,4.0,0.44188574438123407,False
42,0.3199107632584075,0.29973697470837624,0.6842662250692074,0.1585502267438468,0.673427223784994,0.6566047061521161,0.6418589232614926,0.35515174142466044,0.06109754640490341,3.687749798644422,0.3157337749307926,False
43,0.709995712163676,0.33994784630185726,0.6475198979523958,0.09061564332967373,0.33787556974355104,0.5915209205616816,0.6682471286009706,0.4174443883638666,0.10324929252195988,4.0,0.35248010204760416,False
44,0.18695763707416102,0.3547603235838347,0.6080881915467726,0.13889560393464367,0.6922266459792866,0.2145962519781504,0.23528957953857133,0.16134081420345037,0.049743313000137596,3.6828908362754014,0.3919118084532274,False
45,0.11147052255495393,0.11353673808982263,0.2155422052823411,0.11220662085307131,0.3334013748121444,0.9871002068759085,0.5811035982129712,0.4385798199853931,0.04728145515937775,4.0,0.784457794717659,True
46,0.9161687023799405,0.2778653744388701,0.41175466704130004,0.09142446874796906,0.39302496400935943,0.4679382878017528,0.7248916876605977,0.3651091632479565,0.1348323446260001,4.0,0.5882453329587,False
47,0.6242481491442915,0.1216163216380461,0.4497780182004476,0.13151854155213155,0.20876437582369334,0.6014149374249669,0.9525307264603841,0.3791509621220804,0.09038725212140156,4.0,0.5502219817995524,False
48,0.49675169512229955,0.051680130431412466,0.40794761824815745,0.16659546747090168,0.33012785950876256,0.6994560552022291,0.8046347141142073,0.4267628287504828,0.07334416628557085,4.0,0.5920523817518426,False
49,0.9626269372565381,0.3645885108195371,0.5291227932977787,0.06933507640282774,0.3562498923235334,0.46688956131892845,0.4880008252211834,0.36978858999020664,0.1526096733308404,4.0,0.47087720670222133,False
50,0.702739831412022,0.4491729235759429,0.44384924770179757,0.09795565718244328,0.07760617814154473,0.25176096118618396,0.013690885045327117,0.19671521301478248,0.0950780895312759,4.0,0.5561507522982024,False
51,0.8614202580583789,0.09762659437686826,0.5451479111606851,0.16299001694961582,0.6211732080248679,0.5405188445097944,0.33814746142409324,0.3516393259105334,0.11459085368438605,4.0,0.45485208883931494,False
52,0.1844024605015374,0.05827176708109847,0.7240799006123959,0.11724867797828553,0.10181697281803684,0.9007652018604584,0.8579441596050986,0.41598833715951217,0.05341711139079394,4.0,0.2759200993876041,False
53,0.209115492393798,0.3148999467502166,0.4709587314278426,0.09624647186054326,0.4969194398127118,0.5203980198621344,0.07661586958760136,0.33888877853266336,0.046784411756176196,4.0,0.5290412685721574,True
54,0.9292317936099649,0.12175061606618427,0.5387580521774884,0.17091918246472704,0.5546167534648796,0.6578997931643906,0.9849828826839641,0.4121756298346618,0.1373155953482111,4.0,0.4612419478225116,False
55,0.20571957152891351,0.43315336232517276,0.4387014246531642,0.09860589349094637,0.22588279321369364,0.766994806566826,0.44422570470277856,0.4019755345099967,0.057123731697189525,4.0,0.5612985753468358,True
56,0.9996504471017817,0.3853117973015694,0.6378060352478685,0.05095018201802942,0.1295045094642696,0.24074648967529033,0.5318356263385765,0.21805049308676888,0.17847347699740285,4.0,0.3621939647521315,False
57,0.6938211110528685,0.3185648586254496,0.4155989875647828,0.16205651418377467,0.2187686883989336,0.5940451115919156,0.6484709355422887,0.37794402791583376,0.09893262092622315,4.0,0.5844010124352172,False
58,0.3756433604402295,0.3045767429564753,0.25082911144560505,0.10553202358804611,0.5321650609370475,0.8555825342629724,0.7790674080976261,0.42342431479616827,0.06728591648611706,4.0,0.749170888554395,False
59,0.895070554490897,0.16407453752391438,0.7628767669508438,0.08752668462252716,0.21327154086041178,0.7576822883871619,0.6871359689628774,0.45562799230297163,0.12881154740815992,4.0,0.23712323304915617,False
60,0.8774756588861001,0.23081991654690054,0.7460424925923956,0.14830881415278854,0.5575560650980081,0.48089846693367555,0.9737258845921833,0.35936794841580333,0.12998320438282437,4.0,0.25395750740760437,False
61,0.9745995834281257,0.14078963275215123,0.49730643344200576,0.1108727282459944,0.680477515556146,0.6187394658857351,0.5298755678029428,0.35762685854707466,0.13860700035710954,4.0,0.5026935665579942,False
62,0.46966821210609555,0.28213584131095715,0.6785130983795442,0.16913301049732862,0.5469303508226527,0.6677340971915562,0.987983953932782,0.409080044485816,0.07779141692011442,4.0,0.3214869016204558,False
63,0.6866204606603656,0.15540495952692107,0.3298593267939529,0.10279698116611795,0.40689012635026534,0.2339967157873507,0.6177705353951191,0.23546977239043315,0.09341916879746784,4.0,0.670140673206047,False
64,0.2706346949769046,0.2949106946346229,0.3868717229944244,0.16192095057254124,0.5291085817415834,0.5738079449520522,0.5219264116740886,0.34764164531757463,0.05614050854836024,4.0,0.6131282770055756,True
65,0.3154277542688221,0.2642670296597107,0.7430204351969838,0.11153242138444475,0.08557456296006577,0.5568336467992085,0.739811165782487,0.3280204656013597,0.06137250021055252,4.0,0.2569795648030162,False
66,0.3684918660636022,0.22328727601947035,0.5910840449607265,0.18725761315107692,0.4649819119815755,0.4270855775417546,0.9606270281011333,0.330488061286433,0.06748696677593856,4.0,0.40891595503927347,False
67,0.31803743601757883,0.2780765101272155,0.3922880431556246,0.04144158300647082,0.4297891080077524,0.9659626918287223,0.5602670130389709,0.48069319212308437,0.09929165099478693,4.0,0.4420435520690221,False
68,0.2750467804858724,0.19844067044692587,0.6688904075237952,0.10604597188127433,0.4057515996792873,0.7679411509592964,0.9158988876648414,0.4553324130230598,0.06032070869731466,4.0,0.33110959247620475,False
69,0.9496569064717603,0.3207860913838364,0.261130793898001,0.09012933734012718,0.6503920288474931,0.4105932750849659,0.93439346146865,0.27740804923803297,0.1459932818708747,4.0,0.7388692061019989,False
70,0.9658588117390998,0.24704247765675114,0.5670077156956513,0.1913148316158379,0.619088326274354,0.8165406273766767,0.560279911401065,0.4334535041912981,0.13959451034889536,4.0,0.43299228430434866,False
71,0.3698828868737405,0.3975330130620583,0.5972690213003444,0.15963593280708863,0.2917279013183367,0.9090208407762368,0.7789532813025163,0.4818689650877892,0.07027220176708367,4.0,0.4027309786996556,False
72,0.4103809510019021,0.26263778432233226,0.7119234159799726,0.1721647099534647,0.15004481340806503,0.5237870082392766,0.3413192501307053,0.3403945086714376,0.06157273323114762,4.0,0.28807658402002745,False
73,0.4851223553994155,0.2375524796615987,0.245443491250057,0.09418183363865526,0.5051536637435231,0.7526834705706558,0.6006862596996536,0.4124810934153978,0.07210286411698931,4.0,0.7545565087499431,False
74,0.07167682460792235,0.406313300371448,0.6155857422825172,0.05398747163625653,0.43387794692247633,0.6280959491165332,0.609252122239303,0.3854407493685673,0.07985577047926774,4.0,0.38441425771748283,False
75,0.6137518627945792,0.415210641782989,0.21665519138024258,0.09293023764345451,0.6634537877842308,0.7499190413023558,0.6935785752320032,0.3646295758087133,0.09370731028132208,4.0,0.7833448086197575,False
76,0.4152795228889429,0.27459271931823065,0.6100969371345393,0.11238115992357715,0.622930611577446,0.8899199077967519,0.6264877940725001,0.4341285891653334,0.066958585431054,4.0,0.3899030628654607,False
77,0.7124016696442994,0.07395303730965047,0.42270736028045613,0.12782629466662992,0.2124542918856216,0.8715039779073426,0.21265847807656968,0.45790293463706966,0.08936359872456216,4.0,0.5772926397195439,False
78,0.017932907682507104,0.2363409204894446,0.2935034594591248,0.04922860083545348,0.41746097075606303,0.30850787172453303,0.8608770203316067,0.22442306063100684,0.08319840221668372,4.0,0.5251050755781705,False
79,0.28717313775858877,0.3064624447087006,0.40412153389004835,0.09253829467944627,0.5324892755610764,0.8026904327029261,0.08311049475664978,0.4166103519154688,0.05089895962089617,4.0,0.5958784661099517,True
80,0.8435720068004796,0.13773200990275428,0.48044605267913393,0.19243921603839442,0.15590935595586658,0.7185108743574848,0.5931471481135914,0.4071494305536192,0.11626572169690297,4.0,0.5195539473208661,False
81,0.5467477765215143,0.07538288152511013,0.26881458659866403,0.18725033073556888,0.16135350820688105,0.903722688785144,0.36947661264470566,0.42628914126256146,0.07150809197004557,4.0,0.731185413401336,False
82,0.5724622110723435,0.26831480204805525,0.7619364426631694,0.06715117316606461,0.40026693929859936,0.8592801199112265,0.31099902215995723,0.5026272444652639,0.08951555730605673,4.0,0.2380635573368306,False
83,0.16371667389990163,0.1548589432235185,0.29512708814313005,0.1602417123769531,0.09280344004102598,0.5570786493013318,0.354652878644689,0.2805366275421263,0.04557268044461647,4.0,0.70487291185687,True
84,0.9263088469756983,0.17519924700080408,0.6586300257452988,0.06689791190892949,0.2816626193576992,0.7251335968782637,0.18155798171763082,0.45905634899176545,0.13737697922746625,4.0,0.34136997425470117,False
85,0.140879890021811,0.41196288477125853,0.40170662473404284,0.15749382453693944,0.18236488851233412,0.4590909289808086,0.8444454858903158,0.2825976328602584,0.06049691681424533,4.0,0.5982933752659572,True
86,0.18459316374198276,0.22206768108773178,0.33908737400332856,0.09221544831311618,0.2743322164312017,0.30213993315959453,0.19915954847272543,0.23452001370765216,0.04578211422997056,4.0,0.6609126259966714,True
87,0.7118846553392234,0.17596025482075767,0.7242761080124278,0.12559301596362632,0.402366173177677,0.5997875659393854,0.9694208667457211,0.43026443653772495,0.10297432880373837,4.0,0.2757238919875722,False
88,0.004522648081707326,0.41647751247361114,0.7061441284752761,0.03151896090469836,0.5385796823271224,0.4178879775837704,0.3924563223387947,0.28707341676773723,0.1064834589433085,3.8363715799272704,0.2938558715247239,False
89,0.6236167101249129,0.15516916872564113,0.6215681003599656,0.11979473239513981,0.2512875357173289,0.48634571883177924,0.061715917607709336,0.36172435057950847,0.0762558267741945,4.0,0.37843189964003443,False
90,0.25746519875110974,0.40506043259759456,0.7482432337958655,0.10598908700940815,0.1868643778935049,0.9135523532286507,0.3097542529339873,0.45670736899111547,0.056023390097539906,4.0,0.25175676620413445,False
91,0.2247456520104425,0.2248456431030995,0.37926719839030076,0.05363072018364212,0.0579355579408187,0.7046763713376007,0.9202029743309844,0.3277502805953067,0.08377953172546365,4.0,0.5720610152921828,False
92,0.25326690788793527,0.1499038811266508,0.6718613685875866,0.043312159006187755,0.40410170228235376,0.8821606743227379,0.5550241987716947,0.4838365854037443,0.09018405011834059,4.0,0.3281386314124134,False
93,0.08385633798692838,0.1786048655326214,0.5897339087286435,0.13091545508411115,0.566570289949944,0.3889831182556129,0.5434216497139854,0.26599522561715283,0.04713104477579896,4.0,0.41026609127135655,False
94,0.3010543707606502,0.1966318954784249,0.6819841791454134,0.060511929157567354,0.5713399789204463,0.6452149838297565,0.5181109302463215,0.38486062163901247,0.07358221595033015,4.0,0.3180158208545865,False
95,0.7547366703628321,0.2987246100736263,0.5782611469691121,0.19663940234923116,0.6812671513052954,0.3678353825904777,0.3797507040752778,0.26306538368239396,0.10254824241741682,3.883777942619101,0.4217388530308879,False
96,0.8781538870277935,0.21944864385213542,0.4221961120146529,0.04379693940206799,0.46125798597072165,0.6183607544464766,0.6945078009503846,0.4133068826692559,0.16239523243998785,4.0,0.4671673536220586,False
97,0.6932312678519347,0.4208430775240593,0.5606764241275275,0.05392611123721765,0.3819305879155209,0.7151588670832685,0.6731251962089553,0.4503902420521201,0.12815053473868845,4.0,0.43932357587247256,False
98,0.9455238545894137,0.1796704085978792,0.549501755440678,0.14267415464559086,0.4808518956117886,0.5659998119325105,0.37335478497633745,0.4021232104903727,0.13123589210963196,4.0,0.45049824455932197,False
99,0.15339718271490832,0.28067671204973016,0.3227838330027425,0.17201773617980626,0.24276573841128474,0.6024538060117044,0.2475498332778393,0.34234032495444855,0.046366163182313125,4.0,0.6772161669972574,True
100,0.14900374503186686,0.06505887264387816,0.5757010902475082,0.03908535076621348,0.5267264113820137,0.9611230646833311,0.42063404863624654,0.45713223326370844,0.08877216185983197,4.0,0.41691040817294384,False
101,0.44514158444800045,0.2526908309264508,0.793810270162217,0.10359736318452904,0.6887744956354013,0.4336841599432606,0.013447507857260232,0.2899021971283578,0.05886593859730703,3.5324907101045557,0.20618972983778308,False
102,0.5186132627820423,0.20633766436288575,0.632422013364769,0.122563748079557,0.4597650204987152,0.9200774410805468,0.061093688819112035,0.4994671291012275,0.06546646638731816,4.0,0.36757798663523095,False
103,0.46014448810387354,0.09813254261615706,0.500110719446386,0.11537724830506504,0.376001348352459,0.5594793931618344,0.2755014134457474,0.3895635119991492,0.0616411060255061,4.0,0.49988928055361403,False
104,0.47955537453308816,0.09246584878132272,0.25636350623202125,0.06696335473797863,0.3453954509720898,0.6744101791418129,0.7061306440342872,0.4061401777890411,0.08322508255773223,4.0,0.7142757838717722,False
105,0.014498104734266493,0.30867513293123405,0.2017499407883519,0.07752778472227759,0.5507118748216079,0.21983484200387135,0.7834143305006475,0.15452543124175272,0.059624730181647184,4.0,0.7982500592116482,True
106,0.08503983404722404,0.37552185122086984,0.33552316083150835,0.19438516263382025,0.08440971893564142,0.5457032971631517,0.6803031212031915,0.2724465474569737,0.055083707673043256,4.0,0.6644768391684917,True
107,0.22836601110671262,0.24763911567849334,0.49869136173821355,0.12020734182369051,0.34121045032942887,0.5403638304425131,0.5747787990543519,0.36288732165644527,0.0535981111298154,4.0,0.5013086382617864,True
108,0.16615354085777634,0.4380921262891004,0.7634385739112328,0.129697451161845,0.6434756698905985,0.37200814923538295,0.8992257435057717,0.25636704721592624,0.0633109717789753,3.370597742451574,0.23656142608876718,False
109,0.24409893513720238,0.09110165806684517,0.40603976948875353,0.19732859908301426,0.07644045020258974,0.5525591342696958,0.7411047606314822,0.29184973658971564,0.05427126107409303,4.0,0.5939602305112465,True
110,0.9361266935752609,0.30774692731924674,0.7258750481515737,0.1548645397824594,0.30513095646821564,0.8196075530784912,0.818166535087199,0.4895464382084948,0.14002468364868684,4.0,0.27412495184842633,False
111,0.36917280459998136,0.3329987740967589,0.4406116188237615,0.12453718895104507,0.053962794991080615,0.9645076708697717,0.23205081237452052,0.4055548063433634,0.058832352012531126,4.0,0.5593883811762386,True
112,0.47520469082236305,0.2145308511282355,0.6829756433804216,0.10463423255775299,0.2893785398501783,0.7518577083125071,0.5476941305262528,0.4559224337641432,0.06936390051753831,4.0,0.3170243566195784,False
113,0.958926841355563,0.19536085736551323,0.33370036949342263,0.11644016387228491,0.1376796974353272,0.9886957773416085,0.6992272218572979,0.45756511325744537,0.13936155206269762,4.0,0.6662996305065774,False
114,0.754895994837591,0.27627655455641914,0.46692434283416845,0.12916447367645895,0.33465887351928486,0.46986296945719375,0.3429085068454145,0.3628528878770837,0.10129633618668674,4.0,0.5330756571658315,False
115,0.6377431959370315,0.4280144590207826,0.7551088671406225,0.18779738179922922,0.3303159785721359,0.816870404726945,0.5506254909037049,0.48669661016183563,0.09429094913194555,4.0,0.24489113285937747,False
116,0.3445925113771221,0.2312515829852288,0.461839062591936,0.10489966042484737,0.5773505408597144,0.6053401394817792,0.020856080026456003,0.35563194967478967,0.050668786834240497,4.0,0.538160937408064,True
117,0.4203089834109589,0.3117662039297347,0.5731160798663003,0.14766363446674896,0.36061543400792645,0.47100692529876875,0.2671024527014221,0.3573277265360501,0.06264289987651157,4.0,0.4268839201336997,False
118,0.5003373503066241,0.34522456633082305,0.5388049063696386,0.1894748195086936,0.22409424232421465,0.5717268363458082,0.22777285209965858,0.3718862149617586,0.07036419333721444,4.0,0.4611950936303614,False
119,0.7463026328062713,0.12967644756974195,0.30882291252880256,0.1056780077410723,0.4713630552608635,0.6791432265071924,0.7062535343842051,0.4192369186433292,0.10285506073879903,4.0,0.6911770874711973,False
120,0.7866304144333818,0.07925215519089282,0.29421816261752975,0.03319149768069603,0.23665669570317965,0.2318148934292042,0.1202743278581816,0.22103620103717492,0.15124555905267992,4.0,0.35404264192742435,False
121,0.47033640849082703,0.21583597448043518,0.22014380188948648,0.15899749154833495,0.35488927519302893,0.5396982206531491,0.7557022383347856,0.35929231654182037,0.07233743135241884,4.0,0.7798561981105135,False
122,0.38060491524528317,0.33806944580155945,0.7036937905624971,0.06859877657453492,0.6261327642759552,0.22983193777255267,0.14137199735838357,0.19897177359216595,0.06995675562633749,3.7249387053436367,0.29630620943750285,False
123,0.9494595020647008,0.3894162978191948,0.4865072271219261,0.12254470081894046,0.4745924750249537,0.6861403244882169,0.9213320718130765,0.43295286873100913,0.1471441321941463,4.0,0.5134927728780738,False
124,0.3542795864637347,0.428761421711977,0.714037227287267,0.08535694867638499,0.18368996596945358,0.8324225642969925,0.3152711202521905,0.43894759516296356,0.06546516935006017,4.0,0.28596277271273296,False
125,0.8523410922094767,0.12099696920406716,0.48880537286385517,0.16992309025462188,0.41329395544462094,0.9825977452795485,0.5305460209650219,0.5206728272480217,0.11647419477807786,4.0,0.5111946271361448,False
126,0.9955541457951244,0.28854928554783293,0.2760019220521751,0.12406819890910567,0.4627508648813713,0.6753929993644159,0.12985744917769682,0.42258573004806854,0.13943431086681388,4.0,0.7239980779478248,False
127,0.17212693220431696,0.131840574654504,0.5116884715842984,0.1263982870391139,0.08499724995303323,0.9620454095166091,0.06678004677756177,0.4028248871282005,0.04080613365074863,4.0,0.48831152841570163,False
128,0.1630169316798148,0.13398270599734996,0.5129071063557822,0.1009741506873087,0.3720130818630585,0.8943477858687148,0.6891892780786484,0.4622923336470319,0.05069544534391054,4.0,0.4870928936442179,False
129,0.5547016654418461,0.13855219055608525,0.4316731838893976,0.03841286844279236,0.34445383859675,0.5866664362709457,0.4518414756500023,0.39775865443644864,0.11898881787076306,4.0,0.4097372633897852,False
130,0.37316535530449024,0.4214092291738956,0.36560365225255786,0.07706639014720236,0.4405055140677609,0.6586123922252832,0.9092721317401032,0.39968546447945724,0.07983990628571094,4.0,0.6343963477474421,False
131,0.34500377658781656,0.10421870450185322,0.6158272949847466,0.15089825814386287,0.5521425124385305,0.8412165089021879,0.7982466128176892,0.44394025172095575,0.06115887644024497,4.0,0.38417270501525336,False
132,0.6654084265079189,0.2929144064925263,0.33225886299281565,0.07201110974335527,0.5542461365454605,0.5177629134045998,0.649518723087617,0.34158336751306934,0.10355438243317315,4.0,0.6677411370071843,False
133,0.14037548519553733,0.289383697251247,0.7588186541832849,0.048040647675328035,0.21299587345261056,0.344966411478262,0.5521058952374022,0.2694488162481067,0.08294761107831512,4.0,0.24118134581671516,False
134,0.2861851664352827,0.2521334496441396,0.34873226469022367,0.18596156412317166,0.696947527579029,0.9055434962427418,0.6548246663085239,0.3808059284330562,0.05793533183988147,4.0,0.6512677353097763,True
135,0.06822333816648629,0.40333578742388937,0.44745994038292913,0.10185665219731121,0.10590929680522793,0.9647208483373957,0.15756961109382217,0.3937860523945729,0.04743102118898371,4.0,0.5525400596170709,True
136,0.25758798794978954,0.2971628378809621,0.37113307486746216,0.11699916822189387,0.6570001389208271,0.7325911842438619,0.533495119248796,0.3512885632220012,0.05572409037553186,4.0,0.6288669251325377,True
137,0.7767692218454583,0.42123862423192365,0.35119076177509667,0.16546229769290635,0.2099379022303744,0.9377097824727723,0.9042350879536866,0.4637267930258067,0.11901975588801264,4.0,0.6488092382249033,False
138,0.09287749081043706,0.2091824475086071,0.5932055752996772,0.1549041073902487,0.5709992266443464,0.5026225192169234,0.9636728674217667,0.3106417044966527,0.05476554750707462,4.0,0.4067944247003228,False
139,0.8636951848972703,0.08014333621668338,0.7977819525880339,0.07146502538008681,0.14314551931374342,0.367287742700515,0.5363460079043791,0.29834567251329236,0.12761621285189184,4.0,0.20221804741196614,False
140,0.8926828836599991,0.3003258687134681,0.2607240846195644,0.1218133783077049,0.5725158489723179,0.4068242478326705,0.6359173885412761,0.2968387201011393,0.12903401375460136,4.0,0.7392759153804355,False
141,0.24226072755241546,0.4055062293683202,0.5225991107201432,0.034865972220019976,0.3305447116500446,0.9705304554143943,0.8938242991260587,0.48673413973761304,0.11468553527728402,4.0,0.3719037036802131,False
142,0.12802362016077296,0.2684673045422255,0.24054527931263067,0.1288013048660327,0.440267564756025,0.5616460014198977,0.7973206495850186,0.33287992534286526,0.05428972073618489,4.0,0.7594547206873693,True
143,0.8310294640322693,0.3052686311805629,0.6238250948180115,0.1015676079666356,0.5520116368996377,0.8402831246354538,0.3378730678890388,0.4623013256974638,0.11391876991026323,4.0,0.3761749051819885,False
144,0.27903031603058104,0.3632326582169878,0.3802376490887377,0.19078116796371924,0.21976103745700598,0.6291866184674153,0.35263872350741055,0.3622904572562729,0.05617790166040464,4.0,0.6197623509112623,True
145,0.34849411558928645,0.11732951793661309,0.7543183300096938,0.1320112680473851,0.32510738971391984,0.7171928141014314,0.4520056427424034,0.4510168326366425,0.0558965005024493,4.0,0.24568166999030616,False
146,0.09797539111761933,0.17023265012507832,0.7786061849351165,0.034427998601713326,0.6283077487525222,0.2352573785724469,0.4957954123931234,0.18961270694865662,0.096979834763071,3.937589330523388,0.22139381506488354,False
147,0.11777925729721894,0.41583696695493266,0.36576803465059615,0.15095289917034552,0.186558836595638,0.5088969998403032,0.8084453889305446,0.2964365369699719,0.05949170173016331,4.0,0.6342319653494038,True
148,0.36309626420256114,0.061961166082393326,0.6794125881920507,0.030834344873548497,0.3413354062898166,0.3709885846874159,0.6390477091521931,0.3170351087717107,0.1156656159383528,4.0,0.32058741180794925,False
149,0.2152973180238702,0.442761716512337,0.26525504644460873,0.06834612545020842,0.4830650313488578,0.21340212424369245,0.31669123780387176,0.1841537962424766,0.0676283002669831,4.0,0.7290253381355565,False
150,0.08417574682221396,0.38369793315528333,0.7134484666724992,0.17035254489405202,0.4039382609218518,0.47961294170636554,0.3721750362643451,0.34484988070847733,0.050364525623042826,4.0,0.28655153332750083,False
151,0.5024857646963984,0.4311890416384453,0.4831160625264244,0.1856525675195504,0.32636590524051073,0.34138104120210966,0.18852372287250174,0.29248357454891716,0.07342050588681025,4.0,0.5168839374735756,False
152,0.9820425633643045,0.2549684932650448,0.2669515928536489,0.1342643615378221,0.6432712193656865,0.9351205426970328,0.9428885494256773,0.4339010289947801,0.14913413608421272,4.0,0.7330484071463511,False
153,0.40315576464347813,0.3187155740536643,0.6097160857663169,0.15936906368129344,0.2817858084153361,0.3838027778824482,0.30986334946437,0.3112287830937374,0.062186409787251984,4.0,0.39028391423368314,False
154,0.9183095022507797,0.10977053071338659,0.5686046483073242,0.05734628941947084,0.11476017792099162,0.6720718008345681,0.7644766123316133,0.38797766956480145,0.15297537786451967,4.0,0.43139535169267584,False
155,0.9887263031804712,0.24530053839109972,0.33333252213450404,0.124818547637413,0.6806125960763684,0.573552089194228,0.432712906264793,0.33270992200697125,0.1418446918184723,4.0,0.666667477865496,False
156,0.8352352545571059,0.3299853306681747,0.6216356557316476,0.10421697392505196,0.4845554086303265,0.5513883952091929,0.7429518234646575,0.39487364797474317,0.12203653730914782,4.0,0.3783643442683524,False
157,0.9713661877526578,0.17179268685039695,0.6321513797778493,0.19554643821365064,0.4155941696577094,0.7017670379618763,0.5857148693235563,0.4609055931257346,0.1394083471784057,4.0,0.3678486202221507,False
158,0.48709443146133535,0.18787608341937628,0.6229683975604814,0.16095967732148678,0.6890272589068853,0.8342862192000784,0.28313708159664486,0.4041548164379431,0.06560621010040167,3.978872165293073,0.3770316024395186,False
159,0.2523832266432444,0.36709173966091163,0.38267024631011226,0.0507255002607168,0.3378778349930005,0.20081679571085181,0.5697698674906281,0.19218156239509454,0.08701431287485828,4.0,0.5410720027809793,False
160,0.2538690893344402,0.12763812460984453,0.4110685555722573,0.058492609231376204,0.2931602582600726,0.8177894294455843,0.16570564233787188,0.4338148574272971,0.06601983348160582,4.0,0.5889314444277427,True
161,0.22882977241632363,0.3498217076283989,0.7435828395323156,0.16930256788428497,0.1540924561225275,0.8641045308997777,0.9115484430466408,0.4312318187844107,0.062303956355481464,4.0,0.25641716046768437,False
162,0.10639533817766789,0.082843879343757,0.4737160409508439,0.13928019596913985,0.6711069909768329,0.7468944573966565,0.3203447870384797,0.3413453429134319,0.04260243273460652,4.0,0.5262839590491561,True
163,0.19370778595794413,0.21335458778748956,0.22573811922367928,0.07602746635904165,0.4345106658316341,0.5187145495309995,0.17200080299803788,0.32426333884777686,0.05151954571330774,4.0,0.7742618807763207,True
164,0.7172726872071926,0.3618708065628441,0.5172111377085646,0.15190595403330837,0.3762135816570529,0.9331020628508797,0.2595606136519054,0.5054434526939577,0.09736475957177014,4.0,0.48278886229143536,False
165,0.20950923866450888,0.12712561739491535,0.7698081476784582,0.1586287248707315,0.5556191131650037,0.9275469453550689,0.28223484055913517,0.46612378253559206,0.04565596194347317,4.0,0.23019185232154182,False
166,0.06900407063048597,0.43175191744251296,0.5240435394538481,0.032774615274219314,0.3944029305818494,0.3554062684035697,0.8359729966121983,0.27444544193481507,0.11286078170135869,4.0,0.34959589625833937,False
167,0.24032080596012606,0.11339522652496235,0.31990431540291014,0.1237181780671628,0.4678133171963773,0.32349587947773534,0.7779757457791887,0.25035741723723376,0.0549319245647387,4.0,0.6800956845970898,True
168,0.41999829507194686,0.07337396361747134,0.728445434705985,0.18933559343248085,0.317523999286912,0.33379981117372537,0.06585645811362306,0.30272439242917326,0.054537411581283585,4.0,0.271554565294015,False
169,0.21366505989246132,0.05822645834112912,0.47890717658751364,0.16840064776078745,0.645703003101286,0.26758901877147995,0.5868998683612696,0.192184957583004,0.05013374059030734,4.0,0.5210928234124863,True
170,0.33431446928777653,0.2983964531867969,0.5501156941886092,0.045522238414225494,0.1715004006248739,0.9493164771893465,0.6238073590725284,0.4497649821084629,0.09655988912038913,4.0,0.44988430581139083,False
171,0.13274092399781867,0.32225675698040923,0.2528571687090545,0.06845854723953443,0.691673598702695,0.9653366236182224,0.9369903748849738,0.3696741534509873,0.07004033395285818,4.0,0.7302245038883673,False
172,0.9907575446417395,0.22621100597879618,0.43254312761150204,0.10760969132911634,0.41743490259430915,0.5846950186057605,0.6362936637566627,0.41088628464201365,0.14509105205366077,4.0,0.567456872388498,False
173,0.5155171413520218,0.39664009569629316,0.5478264066412277,0.06705153509288934,0.3042718680895497,0.9350247822379347,0.05575422336286007,0.4939598228892419,0.08381618607423963,4.0,0.4521735933587723,False
174,0.6707088383977915,0.1846564934072653,0.3314710875740637,0.18045657445967128,0.07828892850517798,0.571910643653142,0.544271822544045,0.3219760975145615,0.09062411793366013,4.0,0.6685289124259364,False
175,0.059903550915384685,0.3758368006278817,0.4972023790764634,0.042714282667148815,0.17499843247939512,0.4939264537456339,0.6429183142526637,0.2925044364946114,0.09269305168700118,4.0,0.4556190151162541,False
176,0.2023690215642604,0.44875552303978333,0.7711166224608879,0.13383684730705359,0.24056018134371437,0.9056953725858461,0.6327468330879754,0.46961197432276824,0.06076255886079119,4.0,0.22888337753911214,False
177,0.7167671452196773,0.3486549212400317,0.7014902074846459,0.03588582243483893,0.5285682348253791,0.6719900000277543,0.5613124889459752,0.4250329963868076,0.15003385767847596,4.0,0.29850979251535414,False
178,0.3032348902028621,0.12907043791059972,0.6415705502335405,0.06852710461959546,0.4211702702522641,0.9422338061476219,0.895751486068434,0.4982254057413794,0.07204181101881663,4.0,0.3584294497664595,False
179,0.07122160166831759,0.40874773609301535,0.7343192270793966,0.03806053695256613,0.37336038810472083,0.4270854425108582,0.31614422756498717,0.32376137308440783,0.0953737747473505,4.0,0.26568077292060344,False
180,0.04710059304517633,0.30214438680885786,0.6396948587588258,0.043210705998564844,0.5218600140412891,0.28592614459318916,0.4337138202484597,0.2290366537955326,0.08586948224006495,4.0,0.36030514124117413,False
181,0.21924406668493945,0.4268214348593758,0.3147049100337988,0.07960277377391213,0.5803474210903057,0.6915371104203323,0.19695298797902383,0.35690038401312846,0.05823262445056391,4.0,0.6852950899662011,True
182,0.824678811910055,0.327204279758617,0.40988349322006873,0.06006500221974402,0.12944289440056383,0.743678881809082,0.8660051899058822,0.39635489023391046,0.14097464539534296,4.0,0.5901165067799312,False
183,0.30094257445175887,0.25230415216644553,0.3026843694301718,0.048965417214272264,0.17867248079688874,0.4504399739690832,0.9228262819004719,0.2842347687730961,0.093769268578098,4.0,0.5222977836189042,False
184,0.9020535843543491,0.3975777784830815,0.2192428214664709,0.15796584123066407,0.21960169885661418,0.3844125887305264,0.36775022461131146,0.2920693932665658,0.1298489772710771,4.0,0.7807571785335291,False
185,0.4336194512238448,0.3507041627536093,0.27714899660412684,0.13826725350752456,0.4011315165501333,0.2833217846255002,0.19095113826494592,0.2481825262755902,0.06386031929938456,4.0,0.7228510033958732,True
186,0.18918483020377008,0.3503634689564358,0.3438426231091012,0.12710152644643874,0.32943371022835566,0.3853112033585997,0.18478618299618854,0.28318223364540424,0.04883914275286574,4.0,0.6561573768908988,True
187,0.18428035286085676,0.39397868387922647,0.6764453742544447,0.1910800184379555,0.27513218268341255,0.9991839565135918,0.3363076228079448,0.49163133452956,0.052828381914325324,4.0,0.32355462574555527,False
188,0.9010970200272023,0.1006392966237034,0.610983766783207,0.0704105155658371,0.08209770588255338,0.37373088959718964,0.6589615043412781,0.27511558998038527,0.13699515073484847,4.0,0.389016233216793,False
189,0.08682774948612637,0.1374787317381696,0.5856144750559477,0.14660352913081193,0.5076359998946426,0.8353116857461067,0.033460890358685935,0.42700964561539145,0.03817852931041488,4.0,0.41438552494405234,False
190,0.5398568186674151,0.22574480413897308,0.47843702227791335,0.14828721124677918,0.054298715237618624,0.402355544255126,0.36493002501670235,0.2589082926532789,0.07306542623562408,4.0,0.5215629777220867,False
191,0.5346095631481909,0.07292288621766607,0.6381436265648264,0.18273481992255552,0.226260349418616,0.9962593730225779,0.9669005157629317,0.4998735628619963,0.07995442500977516,4.0,0.36185637343517363,False
192,0.7952421462355593,0.19534481366410117,0.2600770283407821,0.1103843498487814,0.2878646323425208,0.7227864078524713,0.1810260039086392,0.4293908183164954,0.10278531545460876,4.0,0.7399229716592179,False
193,0.5755801298400001,0.11469957431686427,0.6021145870016077,0.13980260891047416,0.4203766409262765,0.6046343941476185,0.10851674640334286,0.4178029126292856,0.07080808842314601,4.0,0.3978854129983923,False
194,0.35757774958526256,0.3914435040279903,0.21775139645094013,0.1814178110700404,0.6890828379809324,0.3241531785373448,0.4318506934357471,0.20361171017971005,0.06347948348735867,4.0,0.78224860354906,True
195,0.23200973658007906,0.3245681394730457,0.22489209757409243,0.15199574937780397,0.6834513864881213,0.5013679582830792,0.15549167011175713,0.26158532106159577,0.04921810711051115,4.0,0.7751079024259075,True
196,0.4851645747330757,0.4422610243501819,0.20825642486619916,0.0786824937076543,0.132128753771719,0.34736618688309207,0.9148562745790502,0.23472002640740544,0.08944529301752621,4.0,0.7917435751338009,False
197,0.7873285329485433,0.20248264996132043,0.4276945583681201,0.038776867562855116,0.4704844793426591,0.7289590655106974,0.672856990025189,0.4431111753717075,0.1537818850934941,4.0,0.4136199206704546,False
198,0.3717623890125361,0.4328142843238359,0.6082565619410305,0.10986094331226366,0.3835342617347205,0.3684903048812565,0.5080779301964375,0.3101274880531486,0.06751771953633062,4.0,0.3917434380589695,False
199,0.2206209106644973,0.11720136681468879,0.7812970921627993,0.1764088096737928,0.5436307634046669,0.6411501542001841,0.5366995773340104,0.3943837533613903,0.05015057389964061,4.0,0.2187029078372007,False
200,0.4412865836623906,0.3043897188320207,0.576960945672978,0.18934586837074874,0.6713882918810955,0.2304327330228082,0.7092451530444777,0.18595396388089286,0.07139185973551751,3.910067091668428,0.4230390543270221,False
201,0.8723861946600181,0.27057057512982974,0.6432756051089477,0.06693815246923107,0.15166181994238231,0.20350424790567995,0.5933477427086133,0.20037681708246474,0.1367889868874427,4.0,0.35672439489105234,False
202,0.3616797128483227,0.11928145655495337,0.23905680989824582,0.14977894723170504,0.65094512148089,0.30018306224470487,0.08524794260409585,0.20222630144451964,0.05085164517444393,4.0,0.7609431901017542,True
203,0.2448175026339673,0.23173212096781287,0.4447564283454201,0.14364700544383052,0.35406602627203254,0.8308785399539229,0.14048134858224448,0.4486553431662492,0.04687385765668465,4.0,0.5552435716545798,True
204,0.8018692189631511,0.13285418530024645,0.42037795128262295,0.08737368152093655,0.15373603655784734,0.8211158339225333,0.8187161094372815,0.42800181692111494,0.11503205047593228,4.0,0.5796220487173771,False
205,0.018470146095029505,0.37441301062996346,0.5591114046344033,0.1694679978658048,0.6791531450513902,0.3804252984177068,0.9211688206525065,0.22484978240080275,0.05829674503822436,3.8020824490356406,0.44088859536559666,False
206,0.5663232605940611,0.08021488953827208,0.7110453191539874,0.10585932386442788,0.6476956905470885,0.6866057753173767,0.21814225129257747,0.389748579269606,0.07121112465978174,4.0,0.2889546808460126,False
207,0.8981666903423581,0.20504374083893778,0.6405929430098405,0.04021291576373262,0.484007756555351,0.8835771830677881,0.22712438031930693,0.4964867101834936,0.16281398060648214,4.0,0.3594070569901595,False
208,0.06251446245128778,0.2250513661078149,0.4626804646631367,0.0806499280478366,0.5358242551127659,0.5304934465922897,0.5218440787794274,0.3153519775481045,0.05185216976279631,4.0,0.5373195353368633,True
209,0.3577440595717175,0.18246530775986086,0.4183686117515697,0.16894223811042344,0.5820615939380634,0.8430790515715003,0.3097912272907102,0.41758243626820596,0.05523498227338906,4.0,0.5816313882484303,True
210,0.21998031202838253,0.375682484860671,0.4565188716141126,0.055694221553319045,0.6565100416258873,0.6418969825531742,0.5398183583447507,0.3302390932588229,0.07989576057813486,4.0,0.5434811283858874,False
211,0.6899693148513366,0.05508099532303401,0.7162633971021746,0.10854339238181972,0.1319378941702949,0.6459843843809565,0.7514080934074037,0.389789347559897,0.09494886874041138,4.0,0.28373660289782543,False
212,0.9228547874292145,0.2453289555584532,0.6287006879536379,0.056114616308084966,0.33932540029277747,0.28208556801729945,0.5161102403124617,0.2860210870567942,0.15350788042265726,4.0,0.37129931204636213,False
213,0.014758972206444287,0.18344081058687323,0.2683801524837094,0.1944348575543037,0.1992968929620007,0.5062863720717801,0.8570430229572292,0.273755372268525,0.05167392552808279,4.0,0.7316198475162906,True
214,0.22790688982670737,0.4351639071872083,0.5492987186060702,0.05210875717862558,0.6295253111638706,0.356492599053306,0.9750359143265764,0.24415042298836667,0.09375039630069115,3.888601858684613,0.45070128139392984,False
215,0.4894133115608549,0.42260806797426687,0.2567744909010954,0.1932865173671792,0.16578494565947033,0.5575212676731183,0.10695971256462922,0.3273760807479179,0.07043683417492189,4.0,0.7432255090989046,False
216,0.2605888957467202,0.13521788899975098,0.4943616104072724,0.09282742737292018,0.6151584491581799,0.7052393295070907,0.3331349917572404,0.36816070864703765,0.04955365303423128,4.0,0.5056383895927277,True
217,0.9025822664975257,0.11470097449132109,0.2853883305044837,0.1657859776166322,0.21377442237596445,0.7605032180403408,0.010307860804006364,0.4265703035222212,0.11653996415981209,4.0,0.7146116694955162,False
218,0.7025384773049951,0.15381881330000274,0.24028840758037462,0.07548371800765674,0.5266615820780225,0.9258980578617688,0.0619582489511773,0.46174526983132436,0.09355053524267347,4.0,0.7597115924196254,False
219,0.10037328940359946,0.4038124944058416,0.38517000314819383,0.14544920356911023,0.5274412373392084,0.6105250280658931,0.01792958596532579,0.34283834463970003,0.0457028099103273,4.0,0.6148299968518062,True
220,0.06912161148790286,0.21807720378944162,0.28858496999880057,0.10623299672094616,0.6057606943032282,0.4185059987252781,0.1787467349512154,0.24060154534725964,0.041776107203397875,4.0,0.7114150300011993,True
221,0.03740992415727595,0.4354933907832103,0.21272939867918034,0.11391166479312169,0.07869660853405924,0.6672948625139159,0.4270107716004812,0.2890453017067636,0.052918763060910055,4.0,0.7872706013208197,True
222,0.5950177446189164,0.11543716762161652,0.3650847124257409,0.18674956945525398,0.5445124127123965,0.9167359164924502,0.6829796689622035,0.4591573346650934,0.08242118747707179,4.0,0.634915287574259,False
223,0.684982841685686,0.3416960950891823,0.7816167262986298,0.09792691993937441,0.6895411643389079,0.38032160177664576,0.059449321353138185,0.27397294785955667,0.0889737832319236,3.376180293488306,0.21838327370137023,False
224,0.8284287154933746,0.4202851916289357,0.774318719331283,0.17741665229856837,0.1688499855366533,0.40490077630015886,0.29679777026464893,0.3136037484285563,0.11718421526639916,4.0,0.22568128066871695,False
225,0.580329338252759,0.17125070311898227,0.5171667056874514,0.17053496178743863,0.17508784242511727,0.6118023507738852,0.7940013410794513,0.37414362101878623,0.08337829165589128,4.0,0.4828332943125486,False
226,0.9146683715262022,0.18549182031658568,0.753238665209776,0.12390470954634865,0.47854281293281886,0.6219639050018012,0.7680605772332411,0.4329759168412839,0.13216825674674776,4.0,0.246761334790224,False
227,0.6635055130274056,0.14429482653604425,0.5852378340024342,0.18150323815118247,0.2866981750367116,0.9059602126339952,0.5746158968519041,0.49629062316023603,0.08948477180583587,4.0,0.41476216599756577,False
228,0.6880607509827166,0.17123478572878448,0.7517780291877527,0.09427042495992036,0.3720708119472542,0.617958721135008,0.718595978213313,0.43816735860870437,0.09591449737250514,4.0,0.24822197081224728,False
229,0.4946586262928123,0.2712713941287827,0.6297932314405308,0.07093299565103449,0.4187899273463505,0.946211169221786,0.5745743148227718,0.5091423099763637,0.08301858162352768,4.0,0.37020676855946916,False
230,0.654895424111199,0.34736017442965494,0.7332982865781299,0.18320669181158306,0.209255721763763,0.5134871620734718,0.5966553601040069,0.3652946774946162,0.09394722708947452,4.0,0.2667017134218701,False
231,0.7912078165192306,0.22092387150245052,0.5160924777582384,0.11866855106532469,0.051359127125608146,0.42108808567722983,0.710185345673902,0.2773644706228163,0.11135126178115967,4.0,0.4839075222417616,False
232,0.17080576918862678,0.05414054218352167,0.20938510290154744,0.08821749686950073,0.5531001892152283,0.3891685283148217,0.3442863605912043,0.24397586355210737,0.04616771889760814,4.0,0.7906148970984526,True
233,0.7610958029112146,0.3853319031297295,0.3527277514774809,0.10301394834002435,0.22161271867355137,0.6208231901381696,0.1272506690514611,0.3842212514568241,0.10246529644488618,4.0,0.6472722485225191,False
234,0.04153464031829157,0.20784954980844567,0.6766331564174297,0.0651048788367547,0.11375491829050832,0.4608732383920492,0.9895768832888264,0.2743678101731394,0.06879278344790361,4.0,0.3233668435825703,False
235,0.22200783089986786,0.3332373175569129,0.21530480409392247,0.17998060155721504,0.19527308187818976,0.48596622530438016,0.12998480876412633,0.2881648546913915,0.04865494396035239,4.0,0.7846951959060775,True
236,0.7196970683340437,0.39093966093101823,0.7936501629960804,0.17193280945007336,0.12369537466174833,0.47919809280484077,0.30228354406821856,0.3294954399162204,0.09954614427473432,4.0,0.20634983700391962,False
237,0.23598083133923187,0.2349979618984876,0.255666873421745,0.10995843663869366,0.41428691921525646,0.7817570770830524,0.6394391437366033,0.4151714996328065,0.054681071595120104,4.0,0.744333126578255,True
238,0.15862812086135036,0.35054261877452214,0.2461839069801275,0.1633117893471552,0.504645846518536,0.405690700336808,0.8860435368529835,0.269018637354982,0.05925038877311332,4.0,0.7538160930198725,True
239,0.2797113383031077,0.2700101921599691,0.23716240092647817,0.04153378355645865,0.3478280876845965,0.5945038096447953,0.5466889485303983,0.3632694491163691,0.09646886824606427,4.0,0.44302702460222565,False
240,0.233923616619498,0.16910924798566565,0.434834638264832,0.1735612314718058,0.4066484747673836,0.9887592447262019,0.8747158872353776,0.48356186452748107,0.05703580308447985,4.0,0.565165361735168,True
241,0.06774160861910183,0.19015153370202587,0.4580458536704127,0.049620330652739145,0.5390990143918437,0.24863265416773928,0.40910086940198187,0.1937609232600778,0.07474819240756544,4.0,0.529283526962551,False
242,0.8958981257507085,0.2897382669715241,0.3581841794280035,0.13178855508246098,0.5017343700453056,0.6053148683009386,0.6388283866158048,0.39538503158292476,0.12931839309742268,4.0,0.6418158205719965,False
243,0.9250379250120142,0.05233130722543114,0.46468837271599694,0.1065620860475652,0.22244561534919738,0.3861737808574495,0.5150285678920614,0.3135195418868364,0.1282525990963527,4.0,0.535311627284003,False
244,0.027117963840175174,0.27703422753814505,0.4258386315979381,0.035150011343921275,0.6786641580166061,0.2686566058396227,0.5330735282098005,0.16871702422555077,0.09810855073120452,4.0,0.37493345433516034,False
245,0.3652549471564096,0.4189552724398179,0.7197702031544935,0.13728205747890126,0.2350564127294978,0.9647866408143466,0.7117059829196889,0.4890014959821312,0.06975499332597125,4.0,0.28022979684550653,False
246,0.7388077564656433,0.3715389279819276,0.2442563635217379,0.03447149130380461,0.6504005537809435,0.8677621582346988,0.20034023284611024,0.4056043131073811,0.15029948427559867,4.0,0.3676959072405826,False
247,0.46545290932861105,0.24221476150904797,0.4611195215406779,0.10480611549967052,0.4623733252442516,0.7182708711130366,0.773745845467822,0.42948469009567886,0.07281546884358195,4.0,0.5388804784593221,False
248,0.3573218356587472,0.09632858923224129,0.4669069925534516,0.18435961400797765,0.07863394179295627,0.9743118303860616,0.21895197082647766,0.4168800204525783,0.05246856464204269,4.0,0.5330930074465484,True
249,0.10864244491289066,0.05972238714523273,0.2584151515958655,0.14763112951584847,0.3894824655334909,0.4015371519271163,0.7060842440613507,0.27114803422400335,0.048773380690572174,4.0,0.7415848484041345,True
250,0.851057289989921,0.391412664495345,0.7556414794594595,0.04644485619718183,0.4357019985717156,0.9586582156393717,0.948045350194339,0.5236968731161853,0.16401589112086218,4.0,0.24435852054054052,False
251,0.35992498975506393,0.4054793679931102,0.26718983112225525,0.1693138942144924,0.279444997732511,0.5912775447999619,0.9470887100797324,0.36223251374952853,0.07263799167930142,4.0,0.7328101688777447,False
252,0.963247086267436,0.37831721892349757,0.7022641039887088,0.07275538458834982,0.6021484640436021,0.8256925832988022,0.5802360013389207,0.4456727757564151,0.15243714169028844,3.724958791842136,0.29773589601129125,False
253,0.8176917489159217,0.2620908810780906,0.2849896325386942,0.0716591470735925,0.5868104844814642,0.21297721009446705,0.4715904023637486,0.19475062364415863,0.12210705878926256,4.0,0.7150103674613058,False
254,0.49583059242248073,0.36850254398043986,0.5776595496564293,0.1442761000838974,0.1060805169677042,0.9515451793156597,0.6800267998571398,0.43748854580924895,0.07817367123171971,4.0,0.4223404503435707,False
255,0.7937409913055671,0.27929867705874506,0.540290773790905,0.051099375286007144,0.2045834111099452,0.2948036780313378,0.37276382078872394,0.2609238405980026,0.13586307414428594,4.0,0.45970922620909505,False
256,0.8896622916605627,0.2580369700520674,0.2763326026224124,0.08925569287389994,0.5270843939298001,0.6650715453660543,0.8474010849924238,0.4023555643609955,0.13208183101968457,4.0,0.7236673973775876,False
257,0.7900874045695554,0.22074181884656618,0.42849318586306584,0.07987435198655776,0.4930867019291247,0.2075243278907565,0.8220567073596001,0.21660742784688694,0.11775925207770314,4.0,0.5715068141369342,False
258,0.25860213592286063,0.17966580324277875,0.6701576663397837,0.1326194618700503,0.5515640187593561,0.6751933615780452,0.40160291620356536,0.3961865761148128,0.05069655355372171,4.0,0.3298423336602163,False
259,0.2602867546182215,0.29607756282289155,0.7698576724155077,0.055599819661948685,0.612588956495777,0.8341205257648918,0.8230302869321037,0.42654223259415464,0.08371931627778412,3.7218466371285013,0.2301423275844923,False
260,0.719118653933079,0.3413445583953917,0.6771268566052021,0.18308583513914578,0.5278052857564105,0.8207682520471813,0.9937794051445268,0.4653371954712663,0.10885398091694048,4.0,0.3228731433947979,False
261,0.8516825555106712,0.12980527707614903,0.5886219264204073,0.10682094080481053,0.12194122184181913,0.204473166354539,0.7225420388764986,0.1934472445952497,0.11961331849753995,4.0,0.4113780735795927,False
262,0.23137213490065145,0.3925272920420912,0.6872388438293413,0.1646981742646669,0.2545237985334932,0.22829072265740527,0.23010862426968126,0.2157599355770431,0.052952277461317504,4.0,0.3127611561706587,False
263,0.6752340471323013,0.35652236288903566,0.4689071123118607,0.07305776866585867,0.59737894667779,0.830040634715165,0.33766697775967447,0.4288355379598289,0.10123639494072192,4.0,0.5310928876881393,False
264,0.23845339917741593,0.41302042303006414,0.3860145202626596,0.10683155661257948,0.6986034540079653,0.9963074078659417,0.40660025874234573,0.39860202028930475,0.05702085835759701,4.0,0.6139854797373404,True
265,0.13203888211251968,0.28020500602780035,0.27627754973234264,0.044377696261587524,0.5407533498110669,0.28748429737612463,0.5603916205137183,0.20737739858302634,0.08721821758152938,4.0,0.47336209345693364,False
266,0.6628945392887958,0.4363651383813493,0.42479068860976993,0.0429922687014512,0.24747070798021453,0.4379660687263119,0.12347070181089381,0.32558860663795836,0.12909027475250234,4.0,0.45858419948214624,False
267,0.812499764528113,0.18982501029646415,0.20699672240085695,0.13942489493966187,0.5926143146668095,0.2381056298040557,0.43783155651668515,0.2051630584945415,0.10958278311383578,4.0,0.793003277599143,False
268,0.8460144222388555,0.24001234189113657,0.790401096067729,0.10784288364639465,0.2904299420331678,0.6345048109697069,0.9841588146742234,0.4387769941984632,0.12506956338991426,4.0,0.20959890393227099,False
269,0.11444241934961863,0.34842894405943237,0.7662419376921361,0.17999258778272706,0.3218192002196942,0.8577999235303497,0.0019849439291954596,0.4690392350561631,0.04356261050173515,4.0,0.2337580623078639,False
270,0.8776443777748617,0.20362774039797987,0.566876758397092,0.09541598497881866,0.4171992552717768,0.23977660611603666,0.8995963223330283,0.2567279956461971,0.1284322386437546,4.0,0.43312324160290805,False
271,0.7379933831741669,0.23467662431094638,0.2209270873481558,0.16861458656438297,0.19056016558419808,0.4907806763500944,0.3593358742811579,0.32357130476640267,0.09798321576204601,4.0,0.7790729126518442,False
272,0.849428769713998,0.06473954707393773,0.7864654242468048,0.030511744679565193,0.5159700131906534,0.6710793686148171,0.23694760229123213,0.4427043353723129,0.167394089840223,4.0,0.21353457575319523,False
273,0.05742362831499537,0.16351201534669993,0.20635115245308594,0.18661017059939408,0.31370193183996636,0.22188617623807155,0.5895312959814619,0.17279358886221,0.04724823066528066,4.0,0.7936488475469141,True
274,0.2028369218209496,0.16504116495071813,0.3458802861078577,0.08526476666694804,0.2785349399995089,0.8967675505246095,0.6831394685291273,0.4381529280352904,0.055059948390386235,4.0,0.6541197138921423,True
275,0.2463241497946318,0.21747355221047887,0.5841753319667474,0.08798000693447725,0.43091853480701175,0.4155630055976369,0.354120191748879,0.3206383185021847,0.05179651492122789,4.0,0.4158246680332526,False
276,0.3953419942020978,0.11260627182255956,0.28990342843958256,0.132379982769453,0.0681089827287127,0.5281612720958204,0.07082051263544242,0.2854801319931421,0.05303083614993855,4.0,0.7100965715604175,True
277,0.24183940795961256,0.1721710967511751,0.563505784602431,0.08933125578617637,0.6904140802686997,0.520679965282208,0.9368457015206499,0.2929728371207569,0.059810789314227335,4.0,0.43649421539756905,False
278,0.8328679617139626,0.4010025850388111,0.38263863398606723,0.08507680862113592,0.530780536389373,0.9878543311110723,0.6049965619126831,0.4846373509904868,0.12472658056113785,4.0,0.6173613660139328,False
279,0.47222082266694054,0.1476265863479388,0.3480484726086358,0.06278880435070305,0.33832007472238235,0.47019649116891016,0.1644167114159637,0.3424683608397491,0.07783777862523214,4.0,0.6519515273913642,False
280,0.6267056286357913,0.3275094784070903,0.5974777939698507,0.1198008704126579,0.14195365600778373,0.9123688822462086,0.4112350418208893,0.4489842122044965,0.086683278166231,4.0,0.4025222060301493,False
281,0.863589341727898,0.327526880779311,0.784791397917783,0.10143111716882602,0.6937910841607721,0.47285733817474257,0.3507940157386238,0.31440388171915146,0.12026862845637946,3.384461156625209,0.21520860208221707,False
282,0.37383817881711534,0.2284817706850834,0.36407750622776813,0.044042203105415303,0.5521469739722392,0.5787863484155751,0.47795141943018005,0.3490795287500673,0.09691704998108745,4.0,0.46978349979109657,False
283,0.9107149190407344,0.07816222910057241,0.48589678290563226,0.12991968522204875,0.08943911328296769,0.5631142998369284,0.5812905231847955,0.34188545125544667,0.1269352604698216,4.0,0.5141032170943678,False
284,0.8918578794835007,0.27397859439013966,0.6598189086163794,0.14233862893407737,0.5020908373923778,0.707774836734214,0.2624010598965584,0.4456451123558904,0.1220032607180768,4.0,0.3401810913836206,False
285,0.9263531889557918,0.3644004333125203,0.7640597530349265,0.1525373656408583,0.14143269395664038,0.4760948391174686,0.6045907567543664,0.33673018576607633,0.13674508539115118,4.0,0.23594024696507357,False
286,0.2916982203011478,0.2999587338526453,0.46877419971734113,0.03466412044828686,0.057391623901435644,0.9431352043000611,0.3476194699465963,0.39859380498917146,0.10477635371961258,4.0,0.3697506181150599,False
287,0.15307787469188305,0.09842849859085137,0.7809132205905354,0.14232826468253584,0.6260195025264158,0.9418174454710859,0.36421882363427216,0.4392165149567021,0.04465225512024064,4.0,0.21908677940946464,False
288,0.48590740095472906,0.34450975783593696,0.22579781041245603,0.19202325333890846,0.2819499478889342,0.8420782703980756,0.8690610000217975,0.4402281435645511,0.07941147411265435,4.0,0.7742021895875439,False
289,0.1009547169755326,0.2895691258160828,0.34416203651093663,0.12592676281781107,0.24562802421499486,0.7941387816382981,0.32399996808534437,0.39328729912492966,0.046572527912776496,4.0,0.6558379634890634,True
290,0.0840877720844403,0.20481004165788297,0.7019239161810202,0.07593551671431219,0.6408564944699288,0.5915056844397977,0.4605435752090895,0.32698552196817965,0.05311214429447495,3.95632482962171,0.29807608381897976,False
291,0.25332601056270987,0.29660180008203857,0.5441067281284167,0.12512485602651868,0.18628453370394982,0.5623301443976585,0.6055152073918312,0.34208745740948326,0.05666891835360815,4.0,0.45589327187158335,False
292,0.03879512546344388,0.39372059203514614,0.48834403767683554,0.14461825330973122,0.5455047658814565,0.8748376630398838,0.1638365764654549,0.41141052244147586,0.046824625151264364,4.0,0.5116559623231645,True
293,0.047304487938859996,0.1753065790614698,0.5157149925997215,0.11606457280833032,0.5896006526092639,0.4685323135353057,0.3174515137883094,0.28034583206256203,0.04291245570346331,4.0,0.48428500740027847,False
294,0.6361332239295506,0.14290587143753486,0.2846931214737538,0.07344449965438099,0.495913800336941,0.43115995503819793,0.05213267019995538,0.3197371227268649,0.08573960610847813,4.0,0.7153068785262462,False
295,0.8576096477591744,0.39228980892071386,0.7353138844457929,0.1434472745338335,0.24441155895898442,0.3575075702337294,0.24196220245910394,0.3118686340464783,0.1199191968149728,4.0,0.26468611555420707,False
296,0.38388964534520165,0.37129613272142475,0.6322191351049493,0.16926531437469894,0.4457099655707206,0.22171474218780007,0.7481713658567212,0.2258832887352349,0.06975018238481283,4.0,0.3677808648950507,False
297,0.009839385685945112,0.2998178209520596,0.2803318489342306,0.14722644082824277,0.5072449808982494,0.8922544905325387,0.19568601616164027,0.3984452569933911,0.0438051644142673,4.0,0.7196681510657694,True
298,0.43896833475807995,0.0750939256189077,0.20757710142616148,0.03958175152382548,0.6818574911023805,0.6833283074175842,0.7675166573727915,0.33030212742004905,0.1104953020710424,4.0,0.4222053495874718,False
299,0.6409774893110278,0.15992272116209363,0.6826338533776479,0.04569796146582745,0.16813356127682677,0.29009704160337285,0.7953314693867164,0.25315211193147036,0.12510901565725926,4.0,0.3173661466223521,False
300,0.6246638135511551,0.25152622966357124,0.211571587968842,0.16244180242273984,0.19549691936275437,0.9335900739208058,0.7706392138519569,0.4444601251178859,0.09000113756614743,4.0,0.788428412031158,False
301,0.11833233702645074,0.20998153324509017,0.5715498472767266,0.14463415825566905,0.6451877424490464,0.5962348291640356,0.4771344865276088,0.319571884335458,0.04736856821416073,4.0,0.4284501527232734,False
302,0.9412755889040576,0.09258502866534704,0.6271913593719549,0.16200015108820345,0.49847799861100384,0.2386901016366097,0.6579027263651586,0.2513843063167251,0.1338568387260827,4.0,0.3728086406280451,False
303,0.43607049433498934,0.1301797110345565,0.5183764772183461,0.17634758300854142,0.23789373670328517,0.8733271918895926,0.29085050183353245,0.459411522020424,0.06016092044211369,4.0,0.4816235227816539,False
304,0.7115401707060064,0.25524133259097326,0.453762520970061,0.08441143121088172,0.6688467948420093,0.5500356891522782,0.834988281548428,0.32748639695724824,0.10537329755928079,4.0,0.546237479029939,False
305,0.18685405575629166,0.40338928875898955,0.45746737463498566,0.09293800017104731,0.3339014064507808,0.6842514921369083,0.8474910664256005,0.40175016019283244,0.06224309731284902,4.0,0.5425326253650143,True
306,0.2297337075935162,0.33881682491876985,0.5747464872445303,0.17364265553135275,0.35106625327801305,0.4362170307401857,0.5908344539987311,0.3290594559838516,0.05671425550180862,4.0,0.42525351275546974,False
307,0.39617962344656443,0.1516056829706906,0.5207259774831419,0.13010675217567785,0.3448441839049913,0.2992038595741254,0.8909718457393506,0.27079600963050704,0.06701990985592383,4.0,0.4792740225168582,False
308,0.9231241047527332,0.24114044127282103,0.5092915507562705,0.19686202236544148,0.6704410169155248,0.9276046883677873,0.5055883489446849,0.437676481857279,0.13064612493347236,4.0,0.49070844924372947,False
309,0.2609570677821845,0.34355977649489794,0.365715847207181,0.10383002361619215,0.460043193303009,0.41926350818018854,0.9901597199134958,0.3022841012959574,0.06490117893389905,4.0,0.634284152792819,True
310,0.8846474751599199,0.08563004853130307,0.6751300120882986,0.051059345141256006,0.6872066653249532,0.9774616153829432,0.2779795084175627,0.455874575187604,0.14561236134979214,4.0,0.32486998791170135,False
311,0.16357292518251687,0.3307632416175791,0.31756904154877547,0.09096866266207324,0.4543233802879617,0.31469456535586326,0.32317116168857085,0.24279201773053302,0.05047425303333742,4.0,0.6824309584512245,True
312,0.6622721077637382,0.09278726422369883,0.30215893550047784,0.19103448100885076,0.4402789915303351,0.30709617169512304,0.6710484678226084,0.27305873343230447,0.09026076046376237,4.0,0.6978410644995221,False
313,0.9632577222530412,0.363260100804027,0.5894908773525267,0.1807224205678696,0.45295369931553464,0.5559737893955392,0.10700713999814249,0.401824971167625,0.13540954740667058,4.0,0.4105091226474733,False
314,0.5262851968807368,0.14615447189014102,0.49907958410072234,0.15290963727070966,0.0623893748339179,0.6503080539631987,0.7581061043713927,0.34600517298279515,0.07651970616673752,4.0,0.5009204158992777,False
315,0.5533687845158672,0.21071998215773874,0.7970509504021692,0.09403978450230369,0.5463052094519931,0.3768445640963573,0.20437048405783653,0.31219831492340344,0.07196638938258249,4.0,0.20294904959783078,False
316,0.2456975155008031,0.231447470289728,0.3064796936238403,0.1043240464810554,0.35357898471776883,0.48253698173199694,0.9787284395381354,0.3266816314801257,0.0605905711905451,4.0,0.6935203063761597,True
317,0.5245867521704999,0.18698394461904527,0.4219335657937947,0.16163315810513923,0.21287396454383434,0.5646878705883803,0.47287918134457585,0.36049627933121287,0.07240003242899785,4.0,0.5780664342062053,False
318,0.07512698669880469,0.09242139387347487,0.25354321322525997,0.14665793858610332,0.6080652790450755,0.6792948884674639,0.03060163209355482,0.3159443332925175,0.03740527213227293,4.0,0.7464567867747399,True
319,0.17150173671702584,0.40591081592177264,0.6438656668897571,0.036382283589016864,0.4303215592161935,0.624794727386982,0.9543289952835512,0.39745526038654355,0.11052892311679083,4.0,0.3561343331102429,False
320,0.5270127607660485,0.18525111321134236,0.6650098925269929,0.03759596552992656,0.6568379915817957,0.4842078461924431,0.5418258855733873,0.31478059971723654,0.11950443279442241,4.0,0.33499010747300706,False
321,0.7908882544956177,0.4418936127605928,0.40123253165084916,0.08722647217723274,0.22980473891682174,0.6129287908083152,0.057979587243048414,0.38672250413219467,0.1102237579602776,4.0,0.5987674683491508,False
322,0.7367066093935757,0.4499061890668455,0.48504931849748434,0.14736164333157006,0.5429683313470903,0.8781005773585002,0.2507161356930029,0.45958876021532247,0.1037200168971003,4.0,0.5149506815025157,False
323,0.2015018906700926,0.10517403201955583,0.4127083659455047,0.09465033437227767,0.4721021060703597,0.8912441793041053,0.9835936602513586,0.44493928027810653,0.05685077709206523,4.0,0.5872916340544954,True
324,0.3418435065156683,0.23275766925103508,0.6016177290291036,0.11695581721442548,0.0990588187261904,0.42423565190798523,0.07955872744878079,0.2759799250209295,0.0514786007584865,4.0,0.39838227097089646,False
325,0.74902979879393,0.21148834161781405,0.7530423979357397,0.14417261083053165,0.6519962275111656,0.20859786886062068,0.8367295046544163,0.1962520960053685,0.10684172081420608,3.8100116733447003,0.24695760206426032,False
326,0.7178528153390062,0.22976013997989708,0.6897930760092623,0.037109773580456175,0.4624720107822618,0.9346851676973997,0.7194456182739258,0.5125029005612264,0.14734884138794685,4.0,0.3102069239907377,False
327,0.9357188166333003,0.4470927664220467,0.42036636699533225,0.09589450805715427,0.16023076514883833,0.5434802499203589,0.7326450673658422,0.3466744101480946,0.14424573435832222,4.0,0.5796336330046677,False
328,0.09651132986824551,0.22496650709499455,0.6038998608032967,0.11347919369053533,0.31898774734680346,0.5824374834077981,0.8135316114827973,0.37086812504867356,0.05274033541771996,4.0,0.3961001391967033,False
329,0.31142273438195356,0.424107071306501,0.2041241330096189,0.18737958095650142,0.205535363103929,0.6525534475772492,0.9250627738967031,0.3525476418823661,0.06989687436764465,4.0,0.7958758669903812,False
330,0.025765405349522208,0.06197712671147655,0.6677361547879483,0.14066171855173742,0.28414943422873035,0.5932618160587755,0.9946428395783066,0.3636088687484028,0.05240652610972497,4.0,0.33226384521205166,False
331,0.8848621778001307,0.2859817193337135,0.2744781166174547,0.07519959698886484,0.5508309334095578,0.8943033327570207,0.653738627916426,0.45419541237540023,0.1347520733552461,4.0,0.7255218833825453,False
332,0.35241656465288607,0.38046494551678833,0.4012672124791875,0.1711397846418589,0.3697661932175183,0.39794382600058803,0.1464677217613406,0.30879062862100504,0.058020191841248056,4.0,0.5987327875208125,True
333,0.8443767941264925,0.09203178355882531,0.4228953804825723,0.0819108042882882,0.2439477995435842,0.8808736031790116,0.1432501664077589,0.47405538446340295,0.11235268535254823,4.0,0.5771046195174276,False
334,0.13563497789304824,0.20272713399516457,0.6012338194955609,0.1081291355364506,0.07118289252718724,0.8506184932675662,0.5036340446578103,0.37867777468911296,0.04807503377692402,4.0,0.3987661805044391,False
335,0.3315683251224325,0.4020156272036696,0.4245158654482881,0.05181330731582135,0.5684933693133032,0.44349532577191364,0.04733354432074732,0.29648454622535464,0.08317266238235395,4.0,0.5526752780354278,False
336,0.6046201087434122,0.06714214112752966,0.6601804385610668,0.038515336580335256,0.1393827543851195,0.5127902728991369,0.16505557393711967,0.3407466697596924,0.11905997566424814,4.0,0.3398195614389332,False
337,0.3782715975177289,0.4157857577361022,0.4191970216029891,0.06305512938996136,0.11241942140496317,0.6522817298921952,0.7052410267981469,0.3448656726358701,0.08649879299550131,4.0,0.5808029783970109,False
338,0.74832685225792,0.10351221197757084,0.5547827077209304,0.041665406021036556,0.5850809511643935,0.369879150224092,0.22901818634326432,0.2920023162982759,0.13503260211267745,4.0,0.4444309975577233,False
339,0.9403089996689226,0.09550425915193057,0.3020836239549789,0.09141901137290866,0.39695814398601126,0.46365755714089474,0.3783492994363793,0.36010876801531116,0.13001001499220124,4.0,0.6979163760450211,False
340,0.8245803516801957,0.20722852680111292,0.2665582249793042,0.06034107973608812,0.44605896789149074,0.5153939528824445,0.2156235073684194,0.368315655782125,0.1267365799519516,4.0,0.6436381838516066,False
341,0.9402873473473183,0.43723299317960984,0.2643015769056373,0.09421371427663588,0.09727493642113022,0.36793625370594474,0.4582094574729354,0.25428074182856875,0.14034586231469237,4.0,0.7356984230943626,False
342,0.830285922998046,0.1980115069571607,0.3262957359972478,0.17446631524498796,0.5327963682842038,0.2653091912816815,0.06875174387357708,0.2411853338408048,0.10658607369823031,4.0,0.6737042640027522,False
343,0.7492922522144176,0.3895416742812245,0.37253347040782103,0.11704594661018025,0.43111427950408165,0.6798175553590446,0.8293526869790632,0.42657912818534194,0.11234906635206816,4.0,0.627466529592179,False
344,0.23354473137483256,0.3126408054369559,0.39008935394115996,0.05532772806240488,0.4497664947080814,0.5800034786375146,0.33524079011387986,0.36405272763742114,0.07527607603546932,4.0,0.5901624326656522,False
345,0.4976319023951148,0.2412568680053499,0.3412434773837927,0.13879563479438192,0.5007314821187552,0.4270858561624271,0.4288891062355522,0.31297797031282737,0.07019765238483452,4.0,0.6587565226162073,False
346,0.40877356414119903,0.3241057906135973,0.4206431522576148,0.17359979185967675,0.33820969418588487,0.2852662705667086,0.37262863495614484,0.25607780166998806,0.06383846791439703,4.0,0.5793568477423852,True
347,0.43823823583741073,0.27259354146606857,0.6768202407540913,0.19461737978687266,0.10379804123083988,0.2695818156746376,0.8977285994746,0.21601335223114773,0.0732474362000408,4.0,0.32317975924590864,False
348,0.07297086602540159,0.35865149589963147,0.2298338436216594,0.13140755220470118,0.4189580166750935,0.6302112217590118,0.039810591837201925,0.35018923182713235,0.04379636265941468,4.0,0.7701661563783407,True
349,0.9380273833282028,0.3438088178985163,0.4627430846301223,0.07199633804875544,0.4273216693940967,0.26323766435113866,0.35588794573501725,0.2644397350645716,0.1432711715409904,4.0,0.5372569153698776,False
350,0.25397228953160134,0.40705941473574503,0.5745061218432838,0.16430874540113666,0.4195584061156913,0.9962050876066924,0.9229356614437071,0.4991179128505826,0.06594119013649917,4.0,0.42549387815671624,False
351,0.5358675759493796,0.06370141320584316,0.4052027924834667,0.1971445318908741,0.6781406463747948,0.7531623015569047,0.05943202341796383,0.37342902910439413,0.065209386005355,4.0,0.5947972075165333,True
352,0.6740071634879005,0.38004358631269963,0.47292872976329287,0.16141417247706782,0.21772812947296905,0.2476755484966006,0.21419474971807684,0.22878573569198196,0.09143377353017941,4.0,0.5270712702367071,False
353,0.7440720321179539,0.07280486049925693,0.7848926773346241,0.06425855114695309,0.5399864951623393,0.9163656752932041,0.1697108429000712,0.4979921485839758,0.10818277809298882,4.0,0.2151073226653759,False
354,0.06374580804445185,0.0524823589687061,0.26487907007436595,0.11066963556032376,0.2959341520487149,0.8289632090854513,0.6673455061354361,0.39247218120180816,0.0473407538153299,4.0,0.735120929925634,True
355,0.7056067095472663,0.38932595427817346,0.6151246707644091,0.09118179737595072,0.2361214595342474,0.3879408552098898,0.5752145493379714,0.31453270626980034,0.10288208672295741,4.0,0.38487532923559087,False
356,0.7177126170965988,0.07665989930760966,0.6189891302945807,0.10029898766097389,0.18345913860269158,0.7225854120888091,0.9751120866906094,0.42409292878028015,0.10257295702040693,4.0,0.3810108697054193,False
357,0.14512536522584618,0.05797451083514491,0.6855510457240763,0.18201830676926278,0.15617154930693344,0.600014244998302,0.08052602895451821,0.3456587624982508,0.039459316187315484,4.0,0.3144489542759237,False
358,0.7295217200287749,0.20426789504053527,0.29178012110235757,0.16097513918685236,0.49796914756622096,0.3312415306456804,0.1966247611149754,0.2781250518842556,0.09341294828032155,4.0,0.7082198788976424,False
359,0.5052956549664499,0.3704279049737069,0.5521360846505421,0.13774423753856352,0.19149226059357438,0.4154326795862092,0.18410756705814313,0.30372702447836114,0.07108184304895196,4.0,0.4478639153494579,False
360,0.5564611747799894,0.3406937986256007,0.6151769920760124,0.11005335548815995,0.22177912167872454,0.25893592752128625,0.3239891772953509,0.24009038820095124,0.07758053361960944,4.0,0.3848230079239876,False
361,0.4002428761819029,0.13430533264629374,0.3318388081068864,0.05698783963847898,0.6190470373043452,0.24046457384103484,0.5024582110331901,0.18817413807705904,0.08247798683421506,4.0,0.6078702894771092,False
362,0.15120322932673336,0.23550003841111228,0.7445600810919026,0.1077163077271565,0.34896382718018554,0.8751632991551841,0.10315256486809499,0.4786734936519894,0.04272604056187652,4.0,0.25543991890809736,False
363,0.3920594718710081,0.3093613286558593,0.4647360487865511,0.034389836321673056,0.2939502845184149,0.3400108119091163,0.08026285126958022,0.2818195383643657,0.10785412503987554,4.0,0.3668249207645127,False
364,0.9606198520475007,0.07310130297998928,0.6852924990077065,0.11187295653428352,0.23793188869341192,0.8394020007211511,0.408045198744461,0.4823061091394637,0.1332130734045748,4.0,0.3147075009922935,False
365,0.7549136478434837,0.3621397533356637,0.25411286015009676,0.1774871869764921,0.36095129444277385,0.3772161666890334,0.5509219377266142,0.3096517369119806,0.10755697991818682,4.0,0.7458871398499032,False
366,0.8214382998727694,0.17624822362036996,0.6527885788360859,0.0844691194630788,0.21035882808565792,0.22356455257425945,0.26507207885712225,0.22791580136430928,0.11076830472659048,4.0,0.3472114211639141,False
367,0.2340963791047448,0.4074672191499703,0.7316504625704292,0.14687355245975664,0.19973138577287858,0.9171049258350008,0.5489210230180639,0.45893232672435974,0.05890413111955236,4.0,0.2683495374295708,False
368,0.363105808590223,0.153096887403104,0.5924045882962715,0.09688263543627627,0.29270997197969634,0.5072720821459163,0.28634953716722167,0.36269224749587403,0.054830368676132536,4.0,0.4075954117037285,False
369,0.6640327823445569,0.208368283774711,0.3458885267819152,0.1290031711578694,0.6474172897507035,0.7678423480022079,0.9415661792906114,0.38877274838629156,0.09672261367311201,4.0,0.6541114732180848,False
370,0.6282604931124317,0.10267485378444388,0.6752928112338339,0.13349671116302486,0.3298577641133938,0.8936184798650431,0.10692737862502211,0.5066088759125914,0.07685611039943571,4.0,0.3247071887661661,False
371,0.5078213223619232,0.305617867266191,0.20015168227664698,0.12932337058625043,0.3028299962063499,0.8036024712181404,0.05976940752170179,0.4340373476458846,0.06701469294445433,4.0,0.7998483177233531,False
372,0.18526600134535165,0.1516036043634657,0.6726270933077743,0.07653627265210287,0.44622030203949203,0.2845188071281263,0.3306086993286612,0.25515224309447393,0.05233427334940364,4.0,0.32737290669222574,False
373,0.9272195079706178,0.3098882259615636,0.46580251293598557,0.05393299476019563,0.6045268783223207,0.6476777609996281,0.7686007771386186,0.3843069569430054,0.16259785157730866,4.0,0.5341974870640145,False
374,0.6969599210247237,0.3042556854767774,0.688892521713834,0.1236700354143864,0.32122411778616894,0.9408968399810393,0.3669450952940335,0.5156692939679534,0.09429977170117167,4.0,0.31110747828616603,False
375,0.16476215429205632,0.22631405543504673,0.6068672369842167,0.16507595622265014,0.4427235692522138,0.5892465266775302,0.8455187144064682,0.3806638989603272,0.05504043664313666,4.0,0.39313276301578326,False
376,0.878885667193559,0.20264069866305462,0.5282543772643984,0.09830613157159011,0.47713117735469435,0.42440695876703755,0.8816958008930367,0.3446898430992358,0.12811943591071098,4.0,0.4717456227356016,False
377,0.8141762514115342,0.1466593298070103,0.7795259292995846,0.15544822521467383,0.3739964499770485,0.939676873760402,0.6141824486757999,0.5308534169179961,0.11196953404893507,4.0,0.22047407070041536,False
378,0.4830537909816065,0.11143558835190888,0.39994555305182383,0.187660248470102,0.5396641326481894,0.3980433996928218,0.9362050174364569,0.29464015793864395,0.07468632329726495,4.0,0.6000544469481761,False
379,0.8725774788511108,0.3153576651020024,0.7554932768389133,0.12375104915312608,0.45687184792183405,0.5922603779597466,0.7135616163934582,0.4234251137563784,0.127309043046893,4.0,0.24450672316108668,False
380,0.4493694416295665,0.2400764710773629,0.7606206291117619,0.174915978384185,0.3207557940703063,0.9887955135828908,0.4287622206996583,0.5247284477395713,0.06569013979573261,4.0,0.23937937088823816,False
381,0.5632706984775242,0.1613555810000126,0.7780599631773522,0.18446389240217229,0.32894443787856054,0.5706662158237799,0.7797622694379723,0.41652821143993274,0.08106359041157037,4.0,0.22194003682264785,False
382,0.07801786477334083,0.13572054542919032,0.6634883947564625,0.14380587143452211,0.29535801347699986,0.6375143779028396,0.7973688045056828,0.38777695017254205,0.05047923591530166,4.0,0.3365116052435375,False
383,0.23661896658808967,0.06758413744119647,0.3024555895826493,0.03547185991931659,0.2643626441476549,0.3904843329083072,0.7028516880904805,0.27355010737675,0.10203120934128074,4.0,0.37836650580604364,False
384,0.138482258013357,0.07576514083324444,0.4444022012455139,0.16457382090609027,0.3760800599897146,0.5356186138435819,0.5637242405477242,0.3461465837930493,0.04728553293215202,4.0,0.5555977987544861,True
385,0.4320337255696174,0.38151589002054037,0.5478789794879912,0.18583183417142146,0.30807617547311145,0.46560000550170877,0.9047146400873162,0.34793299580992737,0.0765538032414527,4.0,0.4521210205120088,False
386,0.7343253090704294,0.12707821278771406,0.7998048354802565,0.1269148697463412,0.5129619503256301,0.3069830506669935,0.09680369942974587,0.29223546162852393,0.09113651843418999,4.0,0.2001951645197435,False
387,0.0344000948360329,0.17472124921019233,0.4671891067035912,0.12280936560124675,0.4866669793825433,0.8923607371121687,0.5476876080518835,0.4265098442910165,0.0465562696565626,4.0,0.5328108932964088,True
388,0.4319497381440448,0.05532311813888127,0.2363169411781035,0.18830046361432687,0.3855388136147846,0.7627512624813557,0.6784579091596353,0.4266453895937679,0.06541167086976457,4.0,0.7636830588218965,True
389,0.035270378027124516,0.06549413284926638,0.21085190787604663,0.044911402885261104,0.2618731240699337,0.8272789304272321,0.10602609051361156,0.3730958353376192,0.07364585188382956,4.0,0.4790549641094518,False
390,0.883155529011225,0.13606931480179973,0.49962923919064967,0.0383923354630522,0.17938389191128123,0.21057593269131758,0.1206303685072988,0.20749418040820045,0.159825609949905,4.0,0.4095182449392235,False
391,0.9001436049280249,0.06045506919215393,0.7053970215899505,0.12026039566798782,0.3884803093146086,0.6038449239733457,0.5004359140113883,0.4372848649118042,0.12361275506444153,4.0,0.29460297841004945,False
392,0.8801237662374082,0.1726064357231354,0.6558685555104269,0.1998148367839646,0.2486716567047182,0.48677261315435455,0.47311781991055213,0.3708144036255709,0.1210418160261725,4.0,0.3441314444895731,False
393,0.8703254009454154,0.2559434706556917,0.33970336623222774,0.03428490248953826,0.4094601012047743,0.3566348867895441,0.39549652191043283,0.3099136829885368,0.17070860886173955,4.0,0.3657056265550748,False
394,0.13066754480843068,0.35809310494756574,0.7226154538558276,0.18495797864172409,0.3064451803316284,0.7147237353742484,0.5203563452346407,0.4252746220778354,0.05276920026492648,4.0,0.2773845461441724,False
395,0.6187685342552385,0.17161099983771813,0.6196974393777985,0.06206700602967233,0.3927728468633231,0.99419618889413,0.07083276101912206,0.5268693714415508,0.09300458629298143,4.0,0.38030256062220147,False
396,0.004915482440637886,0.30675887601761076,0.3301273695982134,0.05091304728605526,0.3554541926383326,0.5582649144299139,0.8767954119380158,0.3279482641192127,0.08344985230710744,4.0,0.5430725043845895,False
397,0.8706184227026729,0.07358018168176567,0.2490845613885433,0.15624513488213557,0.23919931841778275,0.7781365255574524,0.8592508298083196,0.43559189194370646,0.12444109669852536,4.0,0.7509154386114567,False
398,0.6440190028140015,0.11254360934824202,0.2999250714815738,0.08000806804870647,0.685315074210163,0.607714241382673,0.06662719614534018,0.32883901669592325,0.08296942845975568,4.0,0.7000749285184262,False
399,0.5321110504286785,0.14260854469926804,0.20103057242998484,0.19624024367103415,0.6852435628997375,0.5281239253077514,0.6875504815061619,0.29018738592401416,0.07591849539458861,4.0,0.7989694275700152,False
400,0.6862706310783281,0.14451791318299811,0.5186525487684139,0.04540539760599123,0.3452123966669676,0.2238131579440471,0.5129797693401686,0.23878342756743454,0.12651707269773213,4.0,0.48134745123158607,False
401,0.1739667310923122,0.17717927507111014,0.47406719903946476,0.16434283200670458,0.6834388681878186,0.5424458992520287,0.6042169343911823,0.2886245393158049,0.050371934772311555,4.0,0.5259328009605353,True
402,0.041743009016644406,0.3170033524518925,0.5679821096641847,0.05972050273176539,0.08402675686940309,0.4348052706351398,0.32692466593824443,0.24900291807328334,0.0657278316620017,4.0,0.4320178903358153,False
403,0.5763513125922048,0.42416672506690173,0.6799272296116428,0.13060811668932643,0.6922369088201682,0.4723447664875532,0.3115257788846695,0.2994554696379034,0.08291813635410376,3.414875512507268,0.32007277038835724,False
404,0.962323095288428,0.1660524699710325,0.3345328728330607,0.17873305875793075,0.6118023565445326,0.2650145470508963,0.8998181672949096,0.22649886303765865,0.1427212285865859,4.0,0.6654671271669391,False
405,0.4613242128933639,0.36608895302368033,0.382529490080178,0.13381913832636627,0.18134294081616376,0.3607502164682673,0.5937075766762666,0.2641075715386335,0.07343785858687428,4.0,0.617470509919822,False
406,0.6648759194460633,0.42538770281268873,0.6943821844134559,0.06387087717031092,0.3953691841448017,0.8979934214061058,0.3487510691568817,0.5061385929433928,0.10967936786332612,4.0,0.3056178155865441,False
407,0.3275548409677401,0.28673475121440356,0.31752971381098116,0.04220126271220867,0.5614111674225725,0.9333749999298764,0.9105731796161785,0.4342898026036245,0.1048274858184421,4.0,0.4501468022635592,False
408,0.788319843599015,0.06635889153963088,0.48098979540195536,0.14560689746756356,0.36472787596133055,0.5828073021214497,0.01685181377115541,0.41212090831236886,0.09726926786405701,4.0,0.5190102045980447,False
409,0.7127353698824617,0.10370317486047749,0.410476001931043,0.08778116544716535,0.568331126126424,0.27543267492593515,0.7107767975242976,0.23957953345677566,0.09957065754769005,4.0,0.5895239980689571,False
410,0.37080830471738224,0.422357978680991,0.218243302812378,0.035576385091177075,0.2504023632931923,0.9158298548829635,0.8460978310973284,0.44054954264515833,0.1212711929509591,4.0,0.3794814409725555,False
411,0.2131935048969501,0.3649371277890618,0.20001735053098343,0.1904005055008469,0.6358514231265655,0.6540554256742641,0.9781141484003336,0.31742658045018957,0.06327782801792653,4.0,0.7999826494690165,True
412,0.6271400669622219,0.16111421310036392,0.32955473312070266,0.1708430731408008,0.4830449622615859,0.9707312709448364,0.03286309986685554,0.4871549071223925,0.0763146714084091,4.0,0.6704452668792973,False
413,0.34374387931858696,0.1270813634072362,0.5368266471001585,0.13885747813841556,0.6171387348238254,0.5813244224728313,0.9180866836003141,0.3409538778388228,0.06330604192134767,4.0,0.4631733528998415,False
414,0.757235471208674,0.07486331905057848,0.7416025019824561,0.11614663925367043,0.1378037869384099,0.537555776314148,0.6369839773891811,0.3596374749201927,0.10274866821522322,4.0,0.25839749801754386,False
415,0.6881936918912063,0.09837940310023892,0.4683467483702314,0.14373596443360837,0.6578772847342573,0.3036937203413745,0.04547319629654645,0.2336231216786378,0.08353445122879402,4.0,0.5316532516297686,False
416,0.42763233889678787,0.2406461335796951,0.3360495465583133,0.16418224237146964,0.44983357329665713,0.85419412537842,0.12715025860708462,0.4548809083433008,0.058914876072935086,4.0,0.6639504534416866,True
417,0.5392673447384211,0.23840420812317625,0.7734693563527653,0.10180545211777775,0.22685202501079516,0.5060288711282994,0.1418906836476289,0.36834158158017133,0.06966971432159008,4.0,0.22653064364723474,False
418,0.765017814960645,0.29772073897665263,0.33881152007828863,0.08659925948008693,0.09758005759787347,0.8299528439230597,0.5255771292801394,0.40153228347858133,0.10853747435447088,4.0,0.6611884799217114,False
419,0.5647406964243428,0.167204148263369,0.2193416969190154,0.13273123062587855,0.6807176474514623,0.7011316384642996,0.4446657423778876,0.3459497729183377,0.07585710527492044,4.0,0.7806583030809846,False
420,0.3759516649635829,0.35263463922320687,0.6242263382679926,0.1683671255515025,0.3919904528368169,0.9986465863550618,0.5965049766718951,0.5147418860329285,0.06597853221653162,4.0,0.37577366173200744,False
421,0.46243731549804135,0.3813913668907343,0.6662230762570363,0.03627752800219931,0.15226603626099208,0.3023107775450827,0.9427487984880323,0.24467640700228277,0.1275498659231016,4.0,0.33377692374296375,False
422,0.33060352050942177,0.31160953982889256,0.3284254893017214,0.07635437532847256,0.25220526885195643,0.36529359190100685,0.29355392145037695,0.27220512375487904,0.06304336780965746,4.0,0.6715745106982787,True
423,0.29118987743838665,0.1410508033920463,0.7987397383120434,0.03736329054721139,0.5978651313345992,0.4095864594391057,0.2612565613614919,0.2989987493779546,0.09561846263626372,4.0,0.20126026168795663,False
424,0.3301344587546936,0.24325221327220808,0.5182906880542073,0.03488535280735601,0.5314639205551513,0.8692141948310688,0.42880873727259905,0.4476528497877487,0.10649407968050935,4.0,0.37211042994513077,False
425,0.9834835255827183,0.21005666696117492,0.6053870620910737,0.19032297987690794,0.18759619086007168,0.9071984781932549,0.3256676398036892,0.47462586715005983,0.13824681611801906,4.0,0.39461293790892626,False
426,0.3705961597850863,0.21339905808114862,0.5064691751093797,0.06151040187508319,0.2637272210818298,0.7947650936565911,0.963937151396247,0.4408103726559942,0.08487683649493838,4.0,0.49353082489062033,False
427,0.3715430103048313,0.42608743817505135,0.5581906959141352,0.13360845160226364,0.4586074246297751,0.9092372588271231,0.8061083661319997,0.4802748222726922,0.07206425161412833,4.0,0.44180930408586483,False
428,0.5572533059186796,0.3444561243433978,0.7628941550948176,0.1242441910235928,0.6738876291260181,0.5175114628881523,0.24345067651028296,0.3266901171748315,0.07648706112979377,3.451783810323832,0.23710584490518238,False
429,0.503544182484015,0.31207404864343735,0.44886727383491964,0.0635304146085236,0.4233785604503894,0.86387538047376,0.5505973135267468,0.4746902235952761,0.0904400287908491,4.0,0.5511327261650804,False
430,0.055301902073087494,0.36278428705251814,0.4976069644232039,0.09838478310278041,0.16845471255406302,0.7218801659424807,0.3918013681879744,0.3603002978923655,0.04950575951346877,4.0,0.502393035576796,True
431,0.4173161986880696,0.40958728152976936,0.4202514885142035,0.11914683368484966,0.2048519068619562,0.39882421215340547,0.8354074616600666,0.2868315291858835,0.07535833605715106,4.0,0.5797485114857965,False
432,0.6258473889895773,0.335215281227525,0.2033771634347417,0.19206103415260398,0.3611201795007405,0.391728984168862,0.9711680114300888,0.3079179115334921,0.09598359187557798,4.0,0.7966228365652583,False
433,0.355879111693404,0.4279081631039213,0.571743095260689,0.038196960899939736,0.4479846381812562,0.8194626333566306,0.7068656877356487,0.4598710379294633,0.11429560359043313,4.0,0.4074342495993572,False
434,0.28369493620017894,0.27329853568676804,0.7337502726468437,0.12159495068074606,0.14618726216230277,0.46265924122569413,0.1971119616664977,0.31001422980658677,0.05090668907045132,4.0,0.26624972735315633,False
435,0.5090184903052363,0.16397406146503837,0.5423593222723897,0.14071130601479914,0.49579846702971164,0.4961074407908556,0.11883564905402055,0.3576247999168497,0.06462398807578207,4.0,0.4576406777276103,False
436,0.05341405034755442,0.4468151613165605,0.2698439190663047,0.05371485951774642,0.6183576405625381,0.6309990597249354,0.3527289842252064,0.3052840017617494,0.07754559056644693,4.0,0.5729585015226285,False
437,0.8164378420412621,0.3307773791658063,0.3194983072751929,0.06414654552711196,0.17642399491811472,0.7492476606387977,0.18367503754858627,0.407650417250997,0.12500136705576623,4.0,0.6805016927248071,False
438,0.37134204099901735,0.30206222417373707,0.7407053433269655,0.1425355048184822,0.6767996476030268,0.9936239479894744,0.26825519215519966,0.4456717422912765,0.05855445454792546,3.5649104204578035,0.25929465667303453,False
439,0.4297667315145586,0.2099164405004525,0.6275974969178224,0.13608389745944216,0.6305128524003412,0.8109121970356654,0.5692922934282043,0.41497277893467194,0.06558730879080776,4.0,0.3724025030821776,False
440,0.7763485257491353,0.31876849649465155,0.5468827304518922,0.16525190027627867,0.0618146421148363,0.6565945517402858,0.47555213901006155,0.3583625044546865,0.10799868144805667,4.0,0.4531172695481078,False
441,0.4504098496033949,0.06678121986223032,0.6461807526446568,0.050894631939843366,0.17947921328873306,0.703083009140735,0.379046621596252,0.40678968397310244,0.09052957090371395,4.0,0.3538192473553432,False
442,0.08281284334830064,0.08775664695214846,0.6520748600941744,0.0622115310798562,0.3309237512807836,0.5661336182752539,0.5185702210265304,0.3681645369421797,0.062225150880868066,4.0,0.34792513990582563,False
443,0.5819259099097978,0.2892333682236552,0.3712572803126163,0.0904189495025376,0.3559237437070013,0.9564182864088899,0.14997024449980734,0.4958915620932142,0.07696480541761871,4.0,0.6287427196873837,False
444,0.34320952098156476,0.42113495770711123,0.5884125774918516,0.07108770604332107,0.35415527204498803,0.2504317888272402,0.9313855088492007,0.24228093148869528,0.08172983528033202,4.0,0.4115874225081484,False
445,0.9807757288553004,0.15766643141815273,0.3359682588576155,0.06871914697261898,0.3133418072492023,0.22978266078683662,0.3184806802447625,0.2396076955998563,0.14810109348075112,4.0,0.6640317411423844,False
446,0.4686165939142888,0.2563645596322705,0.4538761662057862,0.15969448281786253,0.09123922274346088,0.7140580606815892,0.7741951450054694,0.36514002342494634,0.07348064983872733,4.0,0.5461238337942138,False
447,0.7688265470867254,0.2937505575815262,0.5895881426968472,0.09307010865979534,0.6132157300145352,0.5999782020012658,0.19474087799325002,0.37076261058467447,0.10204126061733022,4.0,0.41041185730315277,False
448,0.8385932321809129,0.34745825441033407,0.29037640076480825,0.10521749340299273,0.5983844407883511,0.40903496956968977,0.8110610685523152,0.289588642655918,0.12431681759372759,4.0,0.7096235992351918,False
449,0.025256954947162957,0.4415251896423888,0.28319837655974994,0.15712580863905196,0.5324310457607404,0.505121783701344,0.8704735204302627,0.2885690965689747,0.060358382717738336,4.0,0.71680162344025,True
450,0.6160390945672941,0.23646830689624426,0.5553343334882623,0.07267454517106522,0.678491315383923,0.8607332985332503,0.030684096620560042,0.41428542733516294,0.08526690601930509,4.0,0.44466566651173767,False
451,0.2265789624446246,0.0767997885798561,0.6065163341268831,0.12798955915780041,0.405846685546827,0.8634832710649472,0.00825896145728755,0.46989985188199523,0.04137726766686562,4.0,0.39348366587311695,False
452,0.9415105297657261,0.14074435397849996,0.27952495531191784,0.15061995522735472,0.648274649612741,0.4230799247632443,0.42733867660940306,0.28640590748291367,0.13072392803720723,4.0,0.7204750446880821,False
453,0.6035671600022721,0.26736857283577325,0.5508690343734108,0.03304407517062348,0.25028621925763134,0.4546236633298884,0.243631917152616,0.34180729761914574,0.1319740791340987,4.0,0.35247013515331715,False
454,0.4868379190993647,0.12045881467589062,0.2841514740532321,0.08040978188365049,0.23924731352081402,0.5972229305627532,0.28800061624770623,0.36541807526240627,0.0690853525504351,4.0,0.715848525946768,False
455,0.38147385773450226,0.07790404599221407,0.497634357451136,0.12810505640554679,0.34280670823549575,0.9083657848394127,0.7110953493267407,0.48337413416873937,0.06208072176425294,4.0,0.5023656425488641,True
456,0.21306932970852277,0.30009038597008253,0.20863534729556793,0.13177868229219347,0.5946825986930954,0.48535957516921224,0.31291165183011027,0.27762970828115535,0.05016329879007027,4.0,0.7913646527044321,True
457,0.37631985571840043,0.44038362406839465,0.5470249341189066,0.1569601805521013,0.32751714638017404,0.7897487102280889,0.2120760711687485,0.45328635408150586,0.06336564532018414,4.0,0.4529750658810934,False
458,0.455892326328767,0.19021164495711657,0.7233332544433773,0.17881677996159062,0.22680794936464094,0.9015857442515147,0.41327617599092836,0.480489745109638,0.0648950203561365,4.0,0.27666674555662274,False
459,0.5491657843832392,0.27969481018791476,0.7054711062935117,0.05172129631429229,0.17067928830654916,0.504809155370388,0.9004479928948467,0.34596237167040217,0.11161325097094353,4.0,0.29452889370648827,False
460,0.4130591084631653,0.15657563563813998,0.7405729529648806,0.15396598388749136,0.33256218822460226,0.2581916463749305,0.23918962484843898,0.2608740722369425,0.057799589003357466,4.0,0.25942704703511943,False
461,0.2684127547882491,0.19372850967497518,0.352700468159469,0.04088182341166523,0.3693538070661266,0.9674791095417576,0.0928983724816228,0.4749502458873376,0.08750921912255305,4.0,0.4360727830577625,False
462,0.9233894654351491,0.10702155452603157,0.7906614378751564,0.19939529187695876,0.12785686456826245,0.8513614902297346,0.6971314024047888,0.4534291905681498,0.13138154375985547,4.0,0.20933856212484359,False
463,0.2587589511369558,0.34837458361951457,0.7378826205099949,0.0688007356973668,0.2298728677075353,0.3682118949761802,0.03929459222712861,0.2917706825673379,0.0608826188900796,4.0,0.26211737949000513,False
464,0.9042676198877834,0.24727171415846333,0.7723166969898414,0.08285778183671164,0.2647224584647292,0.21682203445255174,0.17628249043170408,0.24051974836069795,0.12550659210510492,4.0,0.2276833030101586,False
465,0.981287991133402,0.3203412711320128,0.4129316418709151,0.1774620057384552,0.5703401050298879,0.5743689980395159,0.7483158997788771,0.37009681874559575,0.14777765547976882,4.0,0.587068358129085,False
466,0.18159403651056305,0.12006364269522662,0.7700944103142078,0.12040645271749786,0.33716963439645964,0.49877629044304084,0.23862646253360098,0.36551322793435853,0.04378388949606936,4.0,0.22990558968579225,False
467,0.6048370683420083,0.3848767062836857,0.230332612234552,0.19813511549080867,0.13842034045614887,0.7352717622348999,0.5416454349455397,0.37554985047683115,0.08830879342573929,4.0,0.7696673877654481,False
468,0.6671191862986372,0.09402223564002946,0.33419925418714047,0.12275306530899348,0.5476829839245488,0.44828470307297325,0.7279437448934793,0.3189740305425129,0.09183243370434098,4.0,0.6658007458128595,False
469,0.8693094679074261,0.40715303354382054,0.2534029477901889,0.19813654049238436,0.4198177366186471,0.43235430903913397,0.6447973416756329,0.3355637927732847,0.12909320744569905,4.0,0.7465970522098111,False
470,0.5156063652837459,0.19139902247826823,0.5077955794640563,0.04131517197814023,0.08222839302173532,0.9109127278897713,0.16906778357252605,0.41831531817362594,0.10708455889115959,4.0,0.44069516776682915,False
471,0.08544247291044593,0.20892383461514352,0.5220388020834288,0.19251162910069455,0.6469175868399634,0.5369093855701428,0.9555163583245485,0.2923199435950771,0.054496940604203556,4.0,0.47796119791657127,False
472,0.37345563227433076,0.2364234344948708,0.7557679032902411,0.040758946422435646,0.3809795109129506,0.9019422974407982,0.20658217451390914,0.5048749725590729,0.09709746653888338,4.0,0.24423209670975887,False
473,0.7439858750414164,0.05486223591554116,0.21982208434132336,0.13008350055625187,0.10694165695237563,0.9667721236392539,0.1439586697418842,0.428153032894593,0.09261846614332858,4.0,0.7801779156586767,False
474,0.7640947457841679,0.172796872048268,0.740945799618963,0.11836876067514203,0.5623854913867882,0.3368731345529613,0.38525613029554373,0.29242277659504196,0.10092878918341608,4.0,0.259054200381037,False
475,0.660247447230103,0.4444172168962896,0.7943162431139581,0.14024762318408152,0.11782500676412,0.584865980761577,0.07998777278542446,0.361889863092222,0.09021741718330448,4.0,0.2056837568860419,False
476,0.4351042931541349,0.16506372535501193,0.6188040509118874,0.11131222499448797,0.33353266788949176,0.5178696586369407,0.7838538785343266,0.3793916488502113,0.06866288831930474,4.0,0.3811959490881126,False
477,0.43735493974227047,0.2989372920038313,0.6687056349507909,0.06458204331261383,0.6527952754194497,0.9921099432591811,0.16542599790269685,0.4518118525241434,0.07674718822172952,3.7871842564266704,0.33129436504920906,False
478,0.5460479983176174,0.3914408003749252,0.2074445840012763,0.06598850844194767,0.6347225920122991,0.8160522102644456,0.5548956156930248,0.3866981601839872,0.0957592102739556,4.0,0.7038774233807753,False
479,0.6201356177292165,0.3695682852389059,0.3235149795684963,0.06338544187213782,0.3273675711264468,0.7380863437162704,0.19982121083643434,0.43543179547644767,0.09971595577425227,4.0,0.6761113799694701,False
480,0.4525798783375483,0.38226919344767935,0.5187396299055571,0.1493944430362296,0.22805493841209773,0.4558124968768139,0.8445059327303625,0.32573850686998845,0.0773810492711282,4.0,0.4812603700944429,False
481,0.7382782970012242,0.28579892015042957,0.4450234891290836,0.15223350522777115,0.6881539978108908,0.428584923316481,0.9264692786639045,0.27877846234764275,0.10867047722753681,4.0,0.5549765108709164,False
482,0.06409290058429129,0.08808322806762532,0.6898433355959176,0.13765866375206795,0.49713264047102257,0.8798654319388495,0.17238609065263444,0.44803901912890914,0.03952805499262134,4.0,0.3101566644040824,False
483,0.05206887934152116,0.29586748420157666,0.2781550233642721,0.14527736157041182,0.3616461005223487,0.614293282956641,0.4870041038062274,0.3476222080807565,0.04869298755568416,4.0,0.7218449766357279,True
484,0.5767208559290343,0.2933759995906942,0.5968285072998486,0.09247554730353369,0.5606997872992994,0.3653082927603909,0.5295167478076931,0.2905574069534714,0.08228158332438497,4.0,0.40317149270015146,False
485,0.1329664166122546,0.11812694003501477,0.4108318891887243,0.05778006792524794,0.45174386216421925,0.5902368503588697,0.85087650469175,0.3560120661784568,0.07320169846884121,4.0,0.5891681108112756,False
486,0.9405779781573879,0.07961827614579119,0.6079324708269854,0.04220544345663318,0.3876695842918494,0.5232820280244328,0.03354309927949106,0.4030159414078222,0.16267333228619907,4.0,0.3920675291730146,False
487,0.4427883678408494,0.16559343872446747,0.3050340198019991,0.11611816006363665,0.10315703421564205,0.777588471287171,0.598884763422453,0.3720252402916201,0.06631369264687861,4.0,0.6949659801980008,True
488,0.9722960464295403,0.3794063147275092,0.7184582722228854,0.16022302038367814,0.07535196764269828,0.8907772566205312,0.5368721312766521,0.4339425171665891,0.1447649799386035,4.0,0.2815417277771146,False
489,0.806084505644779,0.27714661037856,0.2964087420613987,0.16255802781547987,0.1452666595786945,0.6265331711339865,0.5606043503258141,0.3614703178873175,0.11269945087098956,4.0,0.7035912579386012,False
490,0.81567631856745,0.26043892153495174,0.22676676225626713,0.06272209112398562,0.6416020129349432,0.20970993560082007,0.15336498500865392,0.1780631107757666,0.12343719147130318,4.0,0.6690356386558467,False
491,0.29571034751253555,0.4170900471881592,0.6142603736630522,0.03951235274482175,0.22805345100066043,0.7299095288405655,0.27633742528784666,0.41480980136363527,0.10106173189406178,4.0,0.3857396263369478,False
492,0.6344847823461213,0.3226347455411601,0.4346631427118725,0.04560023627386799,0.4680574914685278,0.796475647153416,0.5722215543279261,0.45526669492667615,0.12488228995780165,4.0,0.48640252025459196,False
493,0.5503092521804314,0.4135783130715641,0.24553249538231764,0.14650072145741844,0.419049689875656,0.3330854155919408,0.5490327059937693,0.2771636076072833,0.0834580191031866,4.0,0.7544675046176824,False
494,0.9700847682203335,0.08560883636548372,0.7559671980744234,0.10367519825474439,0.17390828952022125,0.5115126319076002,0.7337801872967555,0.36733938647374065,0.1404227210726558,4.0,0.24403280192557664,False
495,0.8587810718058646,0.318243384211249,0.7758447574263929,0.17620432382648063,0.10711399157714795,0.4721084358996291,0.01408619852422155,0.32547862572335606,0.11364898790833401,4.0,0.22415524257360708,False
496,0.7534153268960286,0.3190305666639785,0.5208695638899588,0.1382552849333103,0.16121621141489953,0.43123080055817375,0.8368698171981324,0.3095658773299927,0.11046905359947426,4.0,0.47913043611004125,False
497,0.9378778836203628,0.27989534790486154,0.2931126511553391,0.06793188430998055,0.16556403812069143,0.7394145662953395,0.7644791838469245,0.40391871083518305,0.15069969069592687,4.0,0.706887348844661,False
498,0.5211935896219865,0.09161798792357022,0.7806770399607867,0.17778287546062804,0.22665944201860827,0.9542031920976337,0.7983006607024531,0.5011710025297776,0.07597619161539687,4.0,0.21932296003921326,False
499,0.6120658404278084,0.22408585689577448,0.659124099491055,0.07126157744632117,0.4911423251120151,0.5557467082296657,0.634897279144136,0.393207107555962,0.09528369117867119,4.0,0.340875900508945,False
500,0.4985767242174778,0.37340364880920046,0.30388745926636085,0.10078545288765965,0.2600819488242694,0.956994421277322,0.09127587907913692,0.4691352766420273,0.06902178885719691,4.0,0.6961125407336392,False
501,0.46094474367562277,0.24951302742727055,0.4254986944524648,0.1877568276264432,0.31305947901469716,0.6223798929382985,0.9411824635848639,0.39943007725888247,0.07532671367860737,4.0,0.5745013055475352,False
502,0.8400550792515868,0.32005395415388616,0.3435402350760123,0.13345159175157156,0.1498101207957421,0.9158332686329964,0.7437847962188825,0.4415693995800987,0.12250368867568734,4.0,0.6564597649239876,False
503,0.8695254076997231,0.34201085573572515,0.7886224235704529,0.04628041931247988,0.13533891626238786,0.8198455725396039,0.25121739553671707,0.44149024288530486,0.15406940464363134,4.0,0.21137757642954713,False
504,0.8053505073648133,0.20343172757967498,0.753411150232995,0.14072222907799592,0.298130861413288,0.560675987634266,0.11610057866531409,0.413065779627364,0.10347848950324416,4.0,0.24658884976700504,False
505,0.4942951938708505,0.10756188040542446,0.6061155592812718,0.05037445982103113,0.37492285650741075,0.5908878432179591,0.025103779762752243,0.4111621674437027,0.0897875683034586,4.0,0.3938844407187282,False
506,0.7884174633055429,0.11698577637696501,0.554793016848331,0.12613754223848042,0.24789964845257595,0.9703068998954851,0.3614330843835333,0.5028914461660875,0.10339316634515026,4.0,0.44520698315166896,False
507,0.10721890198265893,0.052819546669443135,0.3771864096398031,0.18986832182492733,0.07138101856324952,0.6376069247059164,0.4435168453778503,0.2969125558826831,0.04441725891376924,4.0,0.6228135903601969,True
508,0.5333526659508421,0.06324397596512338,0.45315213620868144,0.11243617576485458,0.4244578966684388,0.9197141378811791,0.3462554057907834,0.4915526029084842,0.06962437121815049,4.0,0.5468478637913186,False
509,0.3789080804817978,0.17625699434570075,0.4135280421982337,0.1424375488007548,0.0800628851364812,0.965300341517541,0.2820206889667507,0.41266083568700324,0.0561921643632045,4.0,0.5864719578017663,True
510,0.7010989699829963,0.26202559085560617,0.33842687702647306,0.154472275763605,0.4960073488475208,0.7430267126109278,0.4574689309672657,0.4309827734228352,0.09509492333057512,4.0,0.6615731229735269,False
511,0.4024995389812327,0.06134474964019701,0.7703299069285983,0.13004477356373703,0.2734803778747792,0.5539248723685855,0.6679450840726509,0.3929964966517217,0.0628702252543074,4.0,0.22967009307140174,False
512,0.818468872122272,0.053275217569718473,0.6193727079219631,0.07060434587436044,0.18694923761230609,0.6134929218016647,0.1960156056442448,0.39582578565689974,0.11501007294230142,4.0,0.3806272920780369,False
513,0.3384516689366427,0.39130977517920906,0.5194365700483607,0.09922544270354494,0.5697759867633998,0.7238266098828721,0.1402419948104443,0.396681710929972,0.057417967503840726,4.0,0.48056342995163925,False
514,0.8137338979797072,0.22981586792113534,0.21576968186133094,0.08841809452502811,0.4574838785378193,0.8074013187042526,0.44750854894824166,0.4518493664095463,0.1123900865933988,4.0,0.7842303181386691,False
515,0.15053617460068447,0.41094242707236606,0.7839700550220445,0.11460617575712682,0.38203509428622023,0.9501625657148591,0.9697378957878476,0.5000328125866729,0.0627735698306716,4.0,0.21602994497795547,False
516,0.15620659245956137,0.24275967910697632,0.7644117811145354,0.03027753140254317,0.3039279540052464,0.5536411934315946,0.8924146651358246,0.37898678751730974,0.11306587638320766,4.0,0.23558821888546455,False
517,0.24972640258685797,0.11097035050197097,0.5995692612177981,0.12102541765656757,0.5969083063188318,0.5349351524878442,0.13626408283800895,0.32930542263600915,0.04488127472991511,4.0,0.4004307387822019,False
518,0.9330754150004568,0.06442404970233913,0.7172394729669886,0.054933717190203485,0.5771712069287934,0.8463523257335703,0.019968248995157256,0.46809441242189403,0.14557548790860936,4.0,0.28276052703301136,False
519,0.23506244101073215,0.13752098901270565,0.3382530416305541,0.07992910094670658,0.35505743567224973,0.8322011428567515,0.9091714233025145,0.4361430907570841,0.0618785232059392,4.0,0.661746958369446,True
520,0.789939550939419,0.32760734751888476,0.38704119102720674,0.10781575295359502,0.37338964718247136,0.34346537335648253,0.9517123941631738,0.30327171278710385,0.11815329488589874,4.0,0.6129588089727933,False
521,0.6887858666477338,0.28831874894238024,0.24009339328816554,0.16240419827912284,0.31682566392412437,0.44871492870616553,0.6431649251960833,0.3346236874845138,0.09720557071509302,4.0,0.7599066067118345,False
522,0.267566159686074,0.10914159674456347,0.6797030278715857,0.05841105735052576,0.33484429102169544,0.6826956834692339,0.6039108224656192,0.42902749228326736,0.07372224725231243,4.0,0.32029697212841435,False
523,0.9366331230399715,0.3917432936528732,0.24968357152907497,0.19294029692866949,0.09629263983788922,0.9841377320973728,0.6541400538407766,0.4321181117616435,0.14050908318976038,4.0,0.7503164284709252,False
524,0.5025873073518897,0.3494880708819224,0.37435947861817287,0.18073109235805943,0.44070495894219536,0.7292055951825855,0.4596215580753169,0.43027937653088305,0.07452395239263084,4.0,0.625640521381827,False
525,0.1023485730092144,0.08278104168412295,0.44138540969094425,0.19076434669161685,0.5219188112665047,0.7265315754657089,0.455629965281651,0.3798983058037004,0.04472720295309059,4.0,0.5586145903090558,True
526,0.416746860737241,0.28492328255192984,0.3830533128791298,0.19177949921623785,0.40140216279281205,0.672057114414401,0.12238642638762542,0.4130988205784947,0.05915241100847797,4.0,0.6169466871208702,True
527,0.5539122332184054,0.23127159072037295,0.5085161822834976,0.1716746568187211,0.6210619254687494,0.7627153689891317,0.9902875057981619,0.4031200838828575,0.08490951343657124,4.0,0.4914838177165024,False
528,0.9743856274176046,0.14051410088886368,0.7224666718010186,0.18569213607899274,0.3038079145723481,0.7150359847607404,0.8124035743646006,0.46570415364388673,0.1431733562446889,4.0,0.27753332819898135,False
529,0.9883077043127652,0.33694203530747585,0.48800568922503773,0.0861003979025694,0.20540874174040802,0.46882837335246114,0.5292523481883753,0.3409350691521832,0.1483964333128158,4.0,0.5119943107749623,False
530,0.34639575432695024,0.3162057501816816,0.6376012766192973,0.18716938272204683,0.45375769286696177,0.8253329269620575,0.18263210887193237,0.4667851835101905,0.05586028733982294,4.0,0.3623987233807026,False
531,0.919210196610205,0.33330042123625847,0.21709770090858635,0.17973420430849638,0.23859724229214319,0.5685282018405777,0.41152828520115436,0.3690370409132559,0.13116979624131986,4.0,0.7829022990914136,False
532,0.9958374999828675,0.37158416871673944,0.4479506557733812,0.1278190430031082,0.4726138912379197,0.623266182672932,0.22010455645906346,0.41301073092948043,0.1438253730885431,4.0,0.5520493442266188,False
533,0.4537672608062283,0.40391324907485177,0.29878355806717155,0.14514354066808252,0.18753905471860766,0.866683110861652,0.6276656148807293,0.42223138224903367,0.0748360364903031,4.0,0.7012164419328284,False
534,0.8606067495935449,0.3502489260543144,0.34488794497134745,0.07449807364894712,0.4232734400455949,0.7194022953015466,0.6343864993800309,0.4410360476969679,0.13284046559286977,4.0,0.6551120550286524,False
535,0.2877958894699495,0.3875117488821899,0.6769758707748095,0.07003294031744028,0.15576162465316964,0.9924889578158527,0.22690923617281722,0.45981088562209194,0.06611739871151703,4.0,0.3230241292251905,False
536,0.9351787737985638,0.4069725212301458,0.5973346061923432,0.1478699198318908,0.41744385856146976,0.6679658029398905,0.6181578246545179,0.44176096004512483,0.14029051415939223,4.0,0.40266539380765676,False
537,0.7467017713674975,0.4156877749022058,0.4729005275616215,0.08055892430464878,0.5340380785423542,0.554510004725589,0.5380341639029013,0.37007855188846195,0.11275593930614508,4.0,0.5270994724383785,False
538,0.4024896376686439,0.33233470253315733,0.7505229377418543,0.16379234892852018,0.14363306909723111,0.39705661940025205,0.2309334168845516,0.28965401580837113,0.06130870698286241,4.0,0.2494770622581457,False
539,0.1558128388103509,0.445803788078608,0.5174560672662565,0.10635009170234032,0.14898948230295217,0.5367094716941252,0.22730784714346386,0.31047076191223183,0.05237432808666056,4.0,0.4825439327337436,False
540,0.8547431678713654,0.41222817712210363,0.47636854800765405,0.18554208016056076,0.30623961888471646,0.7348870956330136,0.831793993827174,0.44804091037277977,0.12990316072908686,4.0,0.523631451992346,False
541,0.5390337107566789,0.1343354516137506,0.6928672144571433,0.16193211935280358,0.3302585099849931,0.29429623366889823,0.6423470424543268,0.285677163650765,0.07578720318624518,4.0,0.3071327855428567,False
542,0.9187933976631014,0.39348070800236573,0.7632415874053264,0.16827677963418455,0.1657800938513499,0.6095102202311491,0.15818567351705193,0.39020737685709844,0.1292442385836463,4.0,0.23675841259467356,False
543,0.40080217264858475,0.12720972732983338,0.7552867443115929,0.17175172105330616,0.5699858398466527,0.7814188090284608,0.3072099073094008,0.43777277313764745,0.05749764462586394,4.0,0.24471325568840707,False
544,0.8462634258514138,0.22756798734666883,0.4308579200912801,0.1833807917073949,0.4802235040944159,0.6764449597325395,0.269375100612532,0.4272417831967733,0.11314068741455958,4.0,0.5691420799087199,False
545,0.37604422338514787,0.4321576213538826,0.6734225989985956,0.15379073168281127,0.21149690480877387,0.3185782593744472,0.5081631372075253,0.26433715770477484,0.06780300909783811,4.0,0.3265774010014044,False
546,0.789710843367023,0.2824306333143812,0.5539069707425079,0.09529631803184702,0.31538890027876854,0.5816337978187363,0.8736506876425093,0.40871062344184855,0.11566445019710829,4.0,0.44609302925749206,False
547,0.548678431969372,0.4035379425351644,0.7727532699137134,0.19378456122747392,0.14167929286934408,0.776774432906052,0.17987875419503496,0.42301649707257305,0.07682892568317247,4.0,0.2272467300862866,False
548,0.3060912614179615,0.4433173869241944,0.28581428977735834,0.15286341804026346,0.17292252249790646,0.9012632338964701,0.10834378906712494,0.41291638717554086,0.05711481623384897,4.0,0.7141857102226415,True
549,0.40064347944921763,0.10306215037208771,0.54124914822566,0.10460686868455445,0.1508025884911965,0.3393265301311188,0.7465780737673396,0.2537642535219437,0.06436585727650156,4.0,0.45875085177434005,False
550,0.49141435004893996,0.35098775255326103,0.7328424333274481,0.11711571032719105,0.28543386421517114,0.9425869419438491,0.8180094009691975,0.5056563940039537,0.07934060909546836,4.0,0.26715756667255186,False
551,0.19062559776021937,0.16337903749465232,0.5188857525377248,0.07516685901852184,0.22639311779025134,0.9859005890580075,0.2900674189007503,0.4607105652675704,0.05284080832407008,4.0,0.48111424746227516,False
552,0.04820000050185236,0.36439000790993265,0.3212000575471672,0.1569616264095078,0.44691362014485947,0.4424869728128198,0.02291020448281178,0.288083022405625,0.04344329834727292,4.0,0.6787999424528327,True
553,0.13849248443290296,0.3903863954325828,0.30254517873622744,0.1952313281796847,0.6971673026970229,0.9611798450698636,0.05219654649578054,0.3735336593774013,0.04659685469190854,4.0,0.6974548212637725,True
554,0.8568229796134947,0.29755602102252665,0.5438630434114489,0.11243426548208349,0.35978240511677345,0.8965531747615221,0.21276869530739095,0.5025628014459044,0.11589743370629185,4.0,0.4561369565885512,False
555,0.10600720086278081,0.3240234942455379,0.5190268047439974,0.11373458769581778,0.41071720430430164,0.8043559243496896,0.08658117464612347,0.43393459853152616,0.04390408870261622,4.0,0.4809731952560026,False
556,0.8031852678112495,0.41661798873619965,0.44508660950085865,0.057333367305440586,0.21509543465582698,0.7426806432453328,0.044819863554140915,0.4243886305346907,0.13027057175561607,4.0,0.5549133904991413,False
557,0.21892131488927835,0.14234664378673417,0.3701017958938956,0.06174232175266944,0.6499772541026937,0.3425914594602243,0.028559770252293948,0.21952922457438967,0.05932465041651281,4.0,0.6298982041061044,True
558,0.886276145418274,0.11308656684917961,0.3573686676130641,0.14747060279946164,0.5907789229320913,0.9777924778154261,0.9446847569039737,0.4676498056286213,0.128914555160906,4.0,0.6426313323869359,False
559,0.4911309950075009,0.12785646386494343,0.2577090523800775,0.19801682732867812,0.48129142311295636,0.8111816516544053,0.6185697189134333,0.4351379829259105,0.07047787622257837,4.0,0.7422909476199224,False
560,0.039634682684098865,0.2938018739369565,0.26271955037468475,0.13937634663435722,0.6382090418507448,0.4861727576099523,0.7430570997062753,0.2508940848714814,0.05269684021084727,4.0,0.7372804496253152,True
561,0.5661823679215332,0.08120677996795336,0.42327152073298324,0.09919472009562537,0.4083402989316758,0.29970842990877566,0.6855576843284035,0.2747778652874415,0.07884033495890072,4.0,0.5767284792670168,False
562,0.14506588266343312,0.3487234270080973,0.3811505121027916,0.17490809279530659,0.6338100204473271,0.5383294946853,0.2506119003808953,0.2920601426780189,0.04840950068192854,4.0,0.6188494878972084,True
563,0.0763673980685553,0.40029326842538915,0.38143575141792285,0.03477473856806087,0.6890397909278021,0.6399885638174125,0.5717777614681647,0.29945169451522663,0.10417335765263276,4.0,0.37093054472598264,False
564,0.09099915122587043,0.28512398794397525,0.5608440050214161,0.10834630370077981,0.6267346802328184,0.5183447441342484,0.6702111933235848,0.296684879315436,0.0519026005004506,4.0,0.43915599497858393,False
565,0.8378200424961867,0.10067095595104325,0.6408977393496256,0.19969013666400706,0.33203606859098356,0.8590326825536683,0.6088248397397178,0.501533035143974,0.11511304824410903,4.0,0.3591022606503744,False
566,0.5153210380394599,0.19804876452738462,0.4681262787574096,0.0976004371981903,0.5538702961765866,0.24240693958390241,0.4497261433376749,0.21837737827962983,0.07136873071904412,4.0,0.5318737212425904,False
567,0.24946024766700958,0.10509249335439824,0.339988419561318,0.14799891375401797,0.4403904204027239,0.4592600391191026,0.6310918587244727,0.3164267953548219,0.05287819417247041,4.0,0.660011580438682,True
568,0.9353644568367099,0.14610536446530226,0.27738372346074125,0.16422816146469466,0.3376465304265477,0.20339659565265125,0.3818767009447651,0.22009047997441278,0.1289326028259417,4.0,0.7226162765392588,False
569,0.5169027501770985,0.31331888936541485,0.42628742465496516,0.09012011259488503,0.5329765735109351,0.9936621259573413,0.600829274341133,0.47936327144066293,0.07815285866442796,4.0,0.5737125753450348,False
570,0.7731735989203509,0.34886746151518444,0.5829005282986583,0.1719595647994509,0.2866268515074056,0.7535503456417767,0.36866981567466084,0.456431910451414,0.10682198433282405,4.0,0.41709947170134165,False
571,0.7171597266965667,0.40854359896362386,0.6503327335666347,0.1509096915956849,0.24843839016156416,0.9728014563167435,0.631841799060478,0.5022244657364457,0.10530301974254845,4.0,0.3496672664333653,False
572,0.22972059388603672,0.31628651044297507,0.7366628525066083,0.1301264041400199,0.2699378732666184,0.7829873577747128,0.6548966011314151,0.44748392569366835,0.0569883727638143,4.0,0.26333714749339165,False
573,0.03975843549629243,0.29923410598177075,0.6486908306133425,0.04695326407202656,0.4911564684278349,0.20709523058838109,0.1133666856973683,0.18883919830829868,0.07565651108710675,4.0,0.35130916938665746,False
574,0.9703758372498941,0.40708917146827517,0.604874753545459,0.10246052615772078,0.34944713256996185,0.8679084636803294,0.2819602050978496,0.49681444199524977,0.14137630554294145,4.0,0.395125246454541,False
575,0.6298828652876199,0.4242779079956245,0.5456747689065203,0.17253937225940724,0.21704121932068948,0.3882748120857513,0.5341353401924388,0.302622756433488,0.09287972747202802,4.0,0.45432523109347966,False
576,0.24495021000440798,0.36011082645107617,0.6949561151938066,0.15670882657514967,0.43411676811939665,0.3146389569465636,0.06276646322070822,0.2785093055912814,0.04958012086946245,4.0,0.3050438848061934,False
577,0.6200721614846227,0.3733785555379882,0.6751914895620073,0.12155071681134803,0.2665319356836155,0.7978492272466025,0.7662004856303368,0.46542320666150827,0.09334597768528115,4.0,0.32480851043799275,False
578,0.3134422097263041,0.15916755611391842,0.34040708891466037,0.14620164751989617,0.3542992361651142,0.7514422200763315,0.8902944617485881,0.4233739943956754,0.06138200892510228,4.0,0.6595929110853396,True
579,0.14544701375507585,0.35876597979529345,0.7233380636745426,0.03988075202473415,0.4592455861401164,0.6376573778212837,0.41797233922766563,0.4020326450443784,0.09399625229779898,4.0,0.27666193632545744,False
580,0.5138897516591995,0.4114007056768656,0.5304207631867228,0.09955016312851504,0.658607809003882,0.8957520229427802,0.9075301249549843,0.4198687041791494,0.08542227451482834,3.8786245087942635,0.4695792368132772,False
581,0.9538883380583999,0.36647494985890144,0.28264586213486126,0.10136548182838322,0.09372760476576059,0.7991698617812821,0.9376526643974072,0.39294823714464666,0.1473303027019269,4.0,0.7173541378651386,False
582,0.6552888500655792,0.1801195775663536,0.2832217429105971,0.19051017754935543,0.2388079000639472,0.3434601902707316,0.8901306296846982,0.2754598662340103,0.09418024284364702,4.0,0.7167782570894029,False
583,0.160278733002289,0.309615552817025,0.31052206807601956,0.03306040797969268,0.32360164159680116,0.2868825052991051,0.5201044529611244,0.22962025402688566,0.10457503591703045,4.0,0.35264435178338865,False
584,0.15789866843721623,0.2027249092540953,0.6000372401556722,0.09259590937524255,0.6797879231428968,0.46558185663879004,0.06667329417783185,0.27234057659625865,0.042227386540795914,4.0,0.39996275984432783,False
585,0.9367693927939065,0.32642444515294305,0.523388004950243,0.04907748927166057,0.0972924953711948,0.5929545355148189,0.9499013965809396,0.35181189509766386,0.17338379920729424,4.0,0.47661199504975704,False
586,0.526283358241589,0.19718112750044442,0.4575764429251477,0.18608461838631735,0.13743661826305736,0.7811427242243763,0.8838754003531456,0.4023960025436687,0.0794872440692031,4.0,0.5424235570748523,False
587,0.4812748412916986,0.2337644704253618,0.6281305881543316,0.07939805487216142,0.3173049028852302,0.3115192600368808,0.18079554474375936,0.28636720708186847,0.06938227278489721,4.0,0.37186941184566835,False
588,0.3423677124246268,0.23282075051360135,0.26484994232810427,0.050387889363018384,0.2889946250059668,0.7245731582710058,0.26563143187170235,0.40305316663936985,0.08347659974302701,4.0,0.5374708198721961,False
589,0.02108878336770781,0.054953199850911585,0.23680098834305058,0.08574547202946133,0.6056437182939147,0.5216344982319503,0.6138088643717733,0.2595221866431426,0.04851422654784282,4.0,0.7631990116569494,True
590,0.42326793671347274,0.08807714220137966,0.6717454675509744,0.16416356173014549,0.1904643162336006,0.5128788321015376,0.2652508213979743,0.34847995822276046,0.05818578492819047,4.0,0.3282545324490256,False
591,0.5937865027498017,0.37764101409196477,0.4589702429287468,0.04038784860210806,0.5165482033314635,0.7783758913229399,0.5076805447128988,0.43777514453432614,0.12792896290748224,4.0,0.43080371842248605,False
592,0.06807817282274886,0.21107883582209075,0.4257583204633819,0.15545619893913099,0.4576374593722737,0.4457336299747492,0.2369293686032542,0.2979348344372035,0.04255484509036691,4.0,0.5742416795366181,True
593,0.4378018452489121,0.37168941934137584,0.3164693707705315,0.06971031803522512,0.11031958652335647,0.26334084004544955,0.2767395716882274,0.19426819088039404,0.07719064921112286,4.0,0.6835306292294685,False
594,0.13652782569084365,0.3296048403118308,0.5772270181940903,0.1176047609086776,0.2991472703535636,0.3558938436877324,0.19485753011314866,0.2792833345322021,0.04658673641403258,4.0,0.4227729818059098,False
595,0.5531473389642969,0.18251929797982824,0.7176738678264851,0.19877609977724345,0.6955121881083831,0.7879375382779084,0.8560169144136301,0.4007080976796419,0.08158149610716656,3.7921687868067533,0.2823261321735149,False
596,0.5054432757542684,0.3118067789512811,0.7113872336456561,0.12834025546688538,0.6966654605254692,0.2779837325894974,0.2561326014425157,0.21530246445350304,0.07018321377819403,3.5385555991969793,0.28861276635434385,False
597,0.8775217528339084,0.39673469684137713,0.46939961841408495,0.15599942135053507,0.3808222801131426,0.49874378995468877,0.8087304022204663,0.3772116142034627,0.1327362212711085,4.0,0.530600381585915,False
598,0.3682384390175083,0.29714853569543453,0.41750712133111456,0.13020928160512496,0.6315046349876481,0.5572861175425825,0.2906383964853493,0.3207573528490968,0.05854122040453039,4.0,0.5824928786688854,True
599,0.14000433602601436,0.24770828399721995,0.3608417521161952,0.06476987303674847,0.17177747443952862,0.40780067696001093,0.13010512986173417,0.2556328564029693,0.05774003959261245,4.0,0.6391582478838048,True
600,0.596095607383365,0.44504367117411314,0.6766147785993244,0.19415032542500843,0.564699158942298,0.6325903337084059,0.6878248420816149,0.39404629211883874,0.0922745577637313,3.7708520773718113,0.3233852214006756,False
601,0.5382926233472856,0.4297284818983598,0.21523615715566613,0.1859264485410051,0.38296452737706577,0.7227904802759739,0.7733300201602513,0.4209369796867827,0.08654915171856777,4.0,0.7847638428443339,False
602,0.8486455748479433,0.2929733376123442,0.7880000637949003,0.10354317005558546,0.5730903448779304,0.3849154718631105,0.8917537983723293,0.3144271211601542,0.1254723137930053,3.815410874874748,0.21199993620509971,False
603,0.6561296679900172,0.21922054969456334,0.4377825801780171,0.06788361875312487,0.3254343059580087,0.851577136294986,0.47134949852900465,0.4775497365230413,0.10038976962236291,4.0,0.5622174198219829,False
604,0.5976477748865276,0.40827604769439824,0.2517544218527496,0.03323435599840512,0.6947469261224518,0.5134895348412637,0.8322498214038951,0.28861481653622917,0.14555811138869337,4.0,0.3544997973163213,False
605,0.3809887699784077,0.19472863463809803,0.5798638324685564,0.047890531734622724,0.478733347858498,0.9064383135606506,0.511847959862624,0.4803501841318329,0.09236564296351808,4.0,0.42013616753144356,False
606,0.48913868506752445,0.3193363937928517,0.7961336096943088,0.14749560398759726,0.2731929077913227,0.58138269427179,0.935462562949634,0.40606353214161406,0.07993097462992962,4.0,0.2038663903056912,False
607,0.8138269295011582,0.15193003407394481,0.3395465415140734,0.04712122737065559,0.6979825695765481,0.6147163559669424,0.46368827866958573,0.33716346509650286,0.14239854901421922,4.0,0.5026264252869931,False
608,0.7897500286862549,0.12559801346355048,0.6594387378220194,0.1737837973467861,0.4003475371533588,0.2780126863745544,0.19543128246274122,0.28520485797303075,0.10099885091862724,4.0,0.34056126217798055,False
609,0.9708801806218775,0.06248933053870536,0.7707560717915303,0.06052873081093085,0.40495868971950366,0.5917210554655125,0.9043723971419989,0.43754868030136124,0.1614877979576373,4.0,0.22924392820846975,False
610,0.7690553323616283,0.10071910310371264,0.7345870588619627,0.19031999481673248,0.3770598517308744,0.6880779960484268,0.4515303196233942,0.46271980718581845,0.10172559744107337,4.0,0.26541294113803726,False
611,0.3867040391588531,0.4069223372615912,0.6907792240487164,0.08857153714933784,0.11020978876532068,0.47487368981968014,0.7567894089314452,0.30528061302953324,0.07308609591073524,4.0,0.3092207759512836,False
612,0.15995046194790563,0.23291432748056357,0.35981402311265936,0.12609676838811013,0.6268148543788278,0.9461326044719869,0.4699470072409092,0.40037138220353397,0.04891589884245599,4.0,0.6401859768873406,True
613,0.0494245716567836,0.42205527311452634,0.706356066332021,0.08143694301675185,0.05568849038193059,0.9901154091501918,0.8500985253272708,0.40471006945426796,0.06337379648191047,4.0,0.29364393366797903,False
614,0.05194652690118151,0.30951982203735645,0.22140616152803083,0.12286524547826633,0.3583368996713332,0.570272983255498,0.6902349267995636,0.32756615252375454,0.05244040825722159,4.0,0.7785938384719693,True
615,0.8957098750537937,0.22829415699512534,0.7531202163472388,0.10400387742989482,0.08472115303891775,0.5520527426343077,0.23941637995888698,0.3488860594225159,0.12110398974164469,4.0,0.2468797836527612,False
616,0.4455407046846639,0.19029123849343615,0.7261877303600117,0.0431544970472736,0.18368386298864242,0.23764579859698032,0.48976471897107887,0.22112496197199852,0.1032047282905921,4.0,0.2738122696399883,False
617,0.42612760383694404,0.32554402416033507,0.6138402853255228,0.06627730972711735,0.45724236206770713,0.44767716727147955,0.3689166961490886,0.3447579259172359,0.07860945218628507,4.0,0.3861597146744772,False
618,0.8765106593503137,0.20112098684447105,0.7753533560408288,0.06305893063780636,0.5399006359602911,0.8118336794933361,0.814591216977993,0.4716856581727906,0.1425865910323386,4.0,0.22464664395917122,False
619,0.5437347624017718,0.15671108797875383,0.5855550876940119,0.192261977232407,0.48852561366636077,0.4957726073114659,0.3939634312809587,0.36410459601126255,0.0725718443940648,4.0,0.4144449123059882,False
620,0.5707768931880138,0.14354599926014283,0.7524411564383742,0.07893026315175568,0.16696991407496528,0.8755224776613233,0.3049944535478776,0.46156758301604806,0.07908156228957491,4.0,0.24755884356162583,False
621,0.19423011750778307,0.4083357739987073,0.44834191029983306,0.18063955751331967,0.5611107273607877,0.9282957699776193,0.06350294284519997,0.432912306957986,0.04934625918288229,4.0,0.5516580897001669,True
622,0.6044129326738218,0.4476976660001072,0.4662909472036002,0.1660440169341479,0.41919051167226573,0.8065498262055222,0.7553995760689581,0.46378273532609104,0.09447902947031869,4.0,0.5337090527963998,False
623,0.9921029195772556,0.4122032965235979,0.35571638417221985,0.04476162079460946,0.16521196361868307,0.3312847388162592,0.5515145841129668,0.26202787203640043,0.18602690333300909,4.0,0.4774572884758343,False
624,0.2088779334935028,0.43132332857022104,0.6122141900852357,0.11690513886566656,0.4396015995772891,0.5196869690685789,0.07694020688253989,0.3599633689796965,0.05115190123407636,4.0,0.38778580991476436,False
625,0.7184865051254018,0.13005288929153502,0.36727015700634746,0.10648900550685766,0.5445793362274037,0.5273017932423694,0.9441478662033733,0.3541367896548051,0.10275286678369455,4.0,0.6327298429936525,False
626,0.8395140545429962,0.1746358265630294,0.6934610993892436,0.15427879037122894,0.287204047336535,0.379787636452621,0.44889034994978994,0.3341630771882663,0.11384448325428621,4.0,0.3065389006107564,False
627,0.004634127662868193,0.05940796542553382,0.7181452301450251,0.05541849405766623,0.3585234112612863,0.8855166420220599,0.8761152953248252,0.45880515671642497,0.0737487847714386,4.0,0.28185476985497493,False
628,0.8399643366248142,0.13817811547763892,0.34908228825179355,0.08348621994705574,0.3610348193983212,0.3798937382051175,0.26606255883680385,0.32281659686522796,0.11354356410386009,4.0,0.6509177117482065,False
629,0.2799684524848587,0.2407203821158702,0.34888011998594987,0.1424302046082196,0.15708387090346432,0.6105100883173122,0.2526048029937483,0.33411530140033885,0.05073210651894444,4.0,0.6511198800140501,True
630,0.616889567075364,0.14871662995530502,0.7576293071001496,0.07311115456160627,0.14674344100269276,0.5120294612489622,0.21123540454648526,0.3487779318383852,0.08627292170100308,4.0,0.24237069289985036,False
631,0.22135068779244838,0.436227705264115,0.6756987063916149,0.17443403802793891,0.2552835031939243,0.9390243450121243,0.6889780503552926,0.4754825318717354,0.061888904451329683,4.0,0.3243012936083851,False
632,0.9159728463845963,0.1605890402866093,0.34293811076784436,0.1814050778452954,0.5901454950177318,0.5495111845880208,0.7820148144157532,0.35290205654136897,0.13217974025759102,4.0,0.6570618892321556,False
633,0.29084998297151987,0.14971744677048904,0.4388422438344554,0.06096388004528337,0.49451213460979065,0.7428729049287921,0.29501660475742053,0.41414851662103497,0.06808383374947925,4.0,0.5611577561655445,False
634,0.8832757959702002,0.1670497140822031,0.27074552740181024,0.1909142380322036,0.10161104845284756,0.43834140975801833,0.601475052012464,0.28687433248624833,0.12358251819804968,4.0,0.7292544725981898,False
635,0.16426887776423704,0.41749714594592097,0.5421131264580735,0.04883265006034792,0.26792807052756745,0.9230126985029827,0.6944566167508209,0.4583076211959251,0.0897538201590303,4.0,0.4578868735419265,False
636,0.6965591761970624,0.1742526368529682,0.7629654202940932,0.10761641573656387,0.08904910287060538,0.8334123739471084,0.7456085741332397,0.4281592785046749,0.09717638881070402,4.0,0.2370345797059068,False
637,0.41143100771876573,0.41334272094392355,0.652791052922875,0.17945440657308642,0.49681885607240117,0.73295713921114,0.9546058234710543,0.43573682435871147,0.07698759621439677,4.0,0.347208947077125,False
638,0.055869332345491074,0.29858214672932964,0.6015664503355969,0.03670089325222065,0.3178598883471524,0.7852175348901203,0.7670090151019786,0.42715696463890357,0.10047263997027679,4.0,0.39147619469035366,False
639,0.31668638038839725,0.3476655002978726,0.4099437241773178,0.11836898878848441,0.09066274248358416,0.6997741784650278,0.13133143857231644,0.34683193726838635,0.05418463123911336,4.0,0.5900562758226822,True
640,0.39582855905156855,0.4444187178387235,0.7650206729354596,0.058259502144963116,0.18224706777604055,0.8489076788084691,0.044098642645753805,0.4482404756318694,0.08275970514830008,4.0,0.2349793270645404,False
641,0.5033373667079102,0.2584766568383049,0.23653563794111762,0.19731352034019714,0.6263561759464608,0.870716530748624,0.9348612175148482,0.4033137843940432,0.079464510361637,4.0,0.7634643620588824,False
642,0.44910171063267723,0.15621261974548134,0.6315095507609092,0.1303285865139856,0.49120330560759007,0.7418359677819999,0.7946341493389516,0.4434830179710382,0.06990233510597624,4.0,0.36849044923909074,False
643,0.11607933613131483,0.0651164399184268,0.45859681432858146,0.14812941085039832,0.3394772356885833,0.2596611621703402,0.841143391547802,0.2202366712670396,0.05117655937414097,4.0,0.5414031856714185,True
644,0.7080926274885903,0.40080741632207134,0.6085289802414471,0.057063458852156385,0.13371053991325796,0.6081693865217956,0.12932023103883528,0.36607271994323043,0.11717286212190946,4.0,0.3914710197585529,False
645,0.027287934984706608,0.44844292641872946,0.2507394839186686,0.037877150205818985,0.47432384246634235,0.8515933489556256,0.1960356177792475,0.39882080097171757,0.09503411731495985,4.0,0.40402293552873586,False
646,0.16914183136209593,0.2696740569281934,0.36675889670624306,0.09943174068257242,0.3419025693461357,0.9292680516254757,0.7279913739941697,0.4557626015274601,0.05439246019311665,4.0,0.6332411032937569,True
647,0.40678464960912464,0.06540284643500271,0.42379665862812765,0.17483817359781267,0.4135708438885742,0.7922532733965786,0.061795782837442914,0.4493920819327064,0.053343513714020234,4.0,0.5762033413718723,True
648,0.03132385981978891,0.27509080426356763,0.770473410837816,0.11962944482980233,0.35843124135287135,0.8068064736304159,0.9188040767716156,0.4502849015075018,0.0549515691380844,4.0,0.22952658916218407,False
649,0.6238781886180325,0.3862131117477513,0.5191389477472279,0.07114620314701123,0.4092957982859539,0.8711467245529578,0.4579122734758856,0.48683691090158016,0.09907062190599068,4.0,0.4808610522527721,False
650,0.8378136567791432,0.3844369578824784,0.7238859244153968,0.1545921008499926,0.29948882295824597,0.6711352244756388,0.5660557859959306,0.4438680772161266,0.12160355430288317,4.0,0.2761140755846032,False
651,0.550402095823981,0.09681531050279242,0.3427333964536574,0.14274189461175857,0.5328278775901835,0.3094499729006526,0.5940811052046506,0.2545865800290778,0.0757593235022422,4.0,0.6572666035463426,False
652,0.9825433346484209,0.13113548022502347,0.7010527192253309,0.07244941873909069,0.14205126771960463,0.23782375190416208,0.655791461224928,0.22654812991149606,0.15096720180801984,4.0,0.29894728077466914,False
653,0.4017597248190168,0.4420817329891032,0.7750648737793324,0.07252632053166627,0.44293665891241946,0.7770236764831084,0.9729832825572924,0.4671261045660192,0.0866713341376665,3.911920914346894,0.22493512622066758,False
654,0.29948312615128525,0.05619543377080771,0.4639595872621685,0.07187250730262593,0.4977239862342572,0.8001689941657306,0.1728253016804835,0.4311930925676789,0.05697301311433154,4.0,0.5360404127378315,True
655,0.15222821520620433,0.22688001376390898,0.6568494686510961,0.1058259836627246,0.5816683224229586,0.7270590673430517,0.4588211129844092,0.3902036010502958,0.04835332203260372,4.0,0.34315053134890394,False
656,0.020500187151085814,0.20280988705982195,0.5746176394059545,0.15259237057819713,0.535295028214563,0.6946307842643606,0.7926022255153605,0.3719783684021712,0.051032724905761113,4.0,0.42538236059404555,False
657,0.7657497852206055,0.3926873659827387,0.5944601577034516,0.033548792793710036,0.470907624176486,0.8162248415436593,0.15949966975837848,0.47302382487291583,0.15587768646592615,4.0,0.3578537897995737,False
658,0.3658061395775407,0.34388761108360183,0.7871237409733194,0.12906745298773514,0.4718147367411704,0.7814720108161695,0.6577317438478929,0.4642026810404094,0.06592267453912415,4.0,0.21287625902668061,False
659,0.17116439760758784,0.30934757933810364,0.22548307221521843,0.1914573145115861,0.17163818941146675,0.5557737680039987,0.7936468876924734,0.30016822765181694,0.05672743581323775,4.0,0.7745169277847815,True
660,0.41109641049308754,0.08140892713311998,0.44917130376785597,0.1788359340316287,0.2655289552350921,0.9807178993398562,0.8040914448249591,0.48388815854238576,0.06592685902000082,4.0,0.550828696232144,True
661,0.4376231831304662,0.1104000806171853,0.20283369800045636,0.19571763498853909,0.2635003833884598,0.9483660439085777,0.6287130662974464,0.45470120739718956,0.06555960924610985,4.0,0.7971663019995436,True
662,0.6493912203820066,0.17952193906178843,0.2799086382431197,0.031589212774112814,0.26509878600137127,0.48785282440983657,0.7875841235442973,0.3427313861993769,0.14673866626668075,4.0,0.33695160292387005,False
663,0.16205575434826447,0.06865991890131512,0.2339115545712454,0.16255578910681331,0.5275171840972027,0.31212918273548934,0.7078392426765052,0.21806816385230793,0.050277884221481925,4.0,0.7660884454287548,True
664,0.4824401549826005,0.207375186319662,0.6226454510212142,0.1504191838434719,0.38988360290027346,0.3189183644349356,0.10274548668892203,0.2940714282670626,0.0626226021499523,4.0,0.37735454897878584,False
665,0.6751150525262284,0.09737278812834066,0.4973507914564913,0.18656409241199426,0.08277214578662098,0.27321661808081066,0.2755591599054442,0.21472928052452453,0.08553339398361336,4.0,0.5026492085435087,False
666,0.519269014950866,0.1489933225864868,0.5632051869711003,0.047956142686318544,0.5414706558055492,0.33035406311705257,0.45874831437283725,0.27550594978460574,0.10278850282057123,4.0,0.43679481302889966,False
667,0.21864931365666773,0.19506388344744763,0.4030176543351486,0.09044522559130086,0.198631025674688,0.8913601761549068,0.36675067183369436,0.42175849729341436,0.049634659340426796,4.0,0.5969823456648514,True
668,0.08087709646175001,0.389121167738913,0.36319608420535165,0.17806302789629425,0.6897407249600538,0.21843369163415016,0.09427741545082535,0.14401079806270722,0.04599444122190035,4.0,0.6368039157946483,True
669,0.30323696283631596,0.26793181032354646,0.4888368746209466,0.13076833106954505,0.4608455166420627,0.9792962693517426,0.8919541817867485,0.48659002498667475,0.06321897087582654,4.0,0.5111631253790534,True
670,0.7497355912267817,0.35532333273918204,0.6837335783126914,0.1688653658369223,0.6555349685289975,0.9887048726451975,0.19725024972508887,0.46075987412783315,0.10076618107065365,3.6409618777641715,0.31626642168730856,False
671,0.6069549706733399,0.2911190183562415,0.3518750234599858,0.1747901914122326,0.4011445814182731,0.4135825944961742,0.13021537564948615,0.3272388057209199,0.07853480472619065,4.0,0.6481249765400141,False
672,0.30690821954657277,0.44128859522344577,0.6923239931314866,0.1472382173429865,0.3313305918936523,0.7970334307473927,0.41474517043955506,0.46289999840373836,0.06207101049484124,4.0,0.3076760068685134,False
673,0.5088841370154289,0.11690008092972581,0.6369966488443939,0.06866990916897817,0.17854726211254157,0.46155834280317526,0.5346366216990053,0.3272728486239827,0.0822413260716997,4.0,0.3630033511556061,False
674,0.19618575510282188,0.3062256750328427,0.7021891390762391,0.04105345556928942,0.0850618947470331,0.23391490769643825,0.9643098021675386,0.1809261011945525,0.10114507749027485,4.0,0.29781086092376086,False
675,0.8354716574514187,0.2769867501916327,0.3541569613300656,0.0634597222711578,0.27620843430961606,0.5749858533937082,0.697426161395691,0.38781056082099596,0.13534240006566783,4.0,0.6458430386699344,False
676,0.9851972417255234,0.2810374941032777,0.7379283612352121,0.03680431398659266,0.1326994482389412,0.8511880918533103,0.2170885657724947,0.4482098104427759,0.18555703932773882,4.0,0.2620716387647879,False
677,0.29502635861706483,0.27318289328331025,0.2949306131147451,0.06269115329088526,0.12242593795908353,0.9609575813765032,0.7845498659419715,0.4082235288691278,0.07749068474125168,4.0,0.6687056351027761,False
678,0.4820644133127726,0.42532752892059794,0.7125411497439742,0.11325680002387599,0.5374561362917377,0.3225854321476545,0.9570525208107433,0.27634403501448546,0.0837327976376256,3.8085961029612663,0.2874588502560258,False
679,0.7955546247860832,0.1903688583480464,0.6449797885762247,0.12548548706612794,0.1179839657349145,0.9347559775789287,0.830348700063473,0.45615253159707003,0.11333157892028625,4.0,0.35502021142377527,False
680,0.0064203707161661905,0.07189871826152615,0.22333023416542222,0.12272786118959943,0.49336197590743397,0.6646579691198911,0.07097432890443856,0.3285929527892237,0.03733940430700361,4.0,0.7766697658345778,True
681,0.7435583262466458,0.22327881778526737,0.36478828927611706,0.08650098907446724,0.5124858823936796,0.8383595807434623,0.012302114303737621,0.45566806047599306,0.09499530649853262,4.0,0.6352117107238828,False
682,0.13773343417502382,0.2185335889348503,0.5351097755723386,0.13269103971763627,0.3148599276854953,0.4756792863384582,0.04667036829161886,0.32962813891256065,0.0410207138555752,4.0,0.46489022442766137,False
683,0.5860088548792313,0.3052514566818367,0.22705923787586368,0.08642695359616992,0.19884313342619359,0.32023641361372823,0.8097348563951516,0.24694622957719878,0.08978357585156423,4.0,0.7729407621241363,False
684,0.7647851173904583,0.3336091823485115,0.6405951959383469,0.15896855785594322,0.5346188417614078,0.8176597924052686,0.5421548673436466,0.4612671333867887,0.1078462355156781,4.0,0.3594048040616531,False
685,0.5837587498565902,0.17889785907354483,0.6095946005599073,0.17932856089449586,0.5062082192599314,0.4585696207653516,0.057656335337936016,0.348442269999023,0.07189093500707155,4.0,0.3904053994400927,False
686,0.17946815151674544,0.0804753653801472,0.735526377982934,0.0804245962949203,0.4141171730223036,0.7396047598309998,0.0876307532962336,0.44371174744486663,0.045332712266906786,4.0,0.26447362201706603,False
687,0.5569915791074562,0.3441405495711725,0.4001276296785953,0.14169017283216767,0.6627367855098211,0.9501311344742589,0.1822884526586087,0.4240797975673953,0.07544890281903731,4.0,0.5998723703214047,False
688,0.651696737669711,0.31769250479296296,0.25092927688620364,0.15579378825229553,0.2699078069829986,0.6765947999711673,0.6190566013766925,0.4039608846620864,0.09287307251587947,4.0,0.7490707231137963,False
689,0.2149238624611609,0.3558268894271932,0.6137429157405577,0.09257412068431488,0.49850173951431564,0.2616187636790021,0.11888532969972387,0.2320362852771169,0.0496316601757462,4.0,0.38625708425944233,False
690,0.8031042036411479,0.2696921688265418,0.3130118105353849,0.15434871967551156,0.3804613706284639,0.46765907717312727,0.8080745745663157,0.3559989828835531,0.11605594730888716,4.0,0.6869881894646149,False
691,0.7659838575547314,0.13500905833861854,0.6414899284793385,0.07278933408002153,0.15111919774834015,0.9683830907153437,0.3409035805045576,0.47547183035432716,0.10858142885759628,4.0,0.35851007152066144,False
692,0.46642642970053716,0.1863789893071484,0.34135541772210226,0.1187364864373749,0.37930483650155544,0.4051529839387237,0.5322252335363623,0.31596813367410215,0.06771249693882442,4.0,0.6586445822778977,False
693,0.5713036161684397,0.38783882635726785,0.5138663659681255,0.16854686950104822,0.3964025519625032,0.5244944505193949,0.72379863306977,0.3804804974608713,0.08753903358698222,4.0,0.4861336340318745,False
694,0.5467596981744377,0.06693055140661448,0.551034306477877,0.12408806842938079,0.5054842361599925,0.5426191471788775,0.2392185300313756,0.37580633055798474,0.06932055583299342,4.0,0.448965693522123,False
695,0.5070307112066565,0.3075723254063156,0.260756489314685,0.036383508198963896,0.5362611373703904,0.5810833756835732,0.8061609755487511,0.35506460907667214,0.12673933219788047,4.0,0.3880907541222816,False
696,0.4167678191543521,0.22568798878751456,0.3899100228848821,0.06837423904135312,0.6661794215130731,0.24008094507118508,0.6733731046524938,0.18195523223138135,0.07832085492551277,4.0,0.6100899771151179,False
697,0.11222533989305028,0.14594551385992272,0.6851963077686347,0.061875122573135814,0.14687849447311907,0.8891825063889092,0.9913886931090234,0.4184274893092899,0.07151431075394615,4.0,0.3148036922313653,False
698,0.11219331150018019,0.4182663616241186,0.21049082733139757,0.1983454842983142,0.28035744795853373,0.3138473504855169,0.8939785287609189,0.22609849663733195,0.060867752285320105,4.0,0.7895091726686024,True
699,0.10713978033556393,0.21752089626523352,0.7168131652621441,0.06638722488663092,0.15722654940873182,0.5972848824193632,0.2624013475632294,0.3449751575877616,0.05706196004322498,4.0,0.2831868347378559,False
700,0.2300113537084938,0.27037216537250874,0.5113085111579816,0.09287228328248213,0.6854255866818828,0.2570234024730056,0.04981202675431484,0.18264163876712003,0.04631585908530558,4.0,0.4886914888420184,False
701,0.48894855221805533,0.35026502829186856,0.49676628592087496,0.19304257363464433,0.6736663243994678,0.5767113658876417,0.38606292515019247,0.32660661381039613,0.07202745839302636,4.0,0.503233714079125,False
702,0.9755027655547489,0.4420150084353384,0.5405291541165891,0.05017594978403942,0.1702961246011906,0.6515849275157098,0.05732303394594329,0.3917483438050898,0.16940779404587314,4.0,0.45947084588341097,False
703,0.4979515233074707,0.20648796981420542,0.3320667112860993,0.06568277811426816,0.27531124147796926,0.22371838706697159,0.8275638672827728,0.21181984425100142,0.08976191886605014,4.0,0.6679332887139007,False
704,0.8513436428065105,0.3551192316931378,0.7973781395651778,0.13347313678296102,0.19218138499592308,0.4241028863284039,0.45311714279472304,0.3322464748942491,0.12086589870583717,4.0,0.20262186043482222,False
705,0.5112475380378824,0.37764145422573464,0.5828833086179231,0.15292433478436984,0.41610247573488574,0.5020853603640152,0.0012318369428567788,0.37306995869659765,0.0689713988751417,4.0,0.41711669138207685,False
706,0.7532682076614623,0.4389121325841881,0.49382794629042776,0.05545426620348836,0.22956615601651192,0.7757823190107325,0.19062430352629367,0.43908750567409444,0.12796390347122444,4.0,0.5061720537095722,False
707,0.24099589790616371,0.4422969961823157,0.46948617215430266,0.06293970579174407,0.5269865991250798,0.2666810374562621,0.07704580632936231,0.2215185644907392,0.06920940234818183,4.0,0.5305138278456973,False
708,0.4782666123255154,0.44698312158504516,0.4640415600123543,0.136743269491843,0.5332765823299623,0.2845238471345279,0.6725350380049271,0.24269311298565854,0.079718543092537,4.0,0.5359584399876457,False
709,0.35513170106262204,0.1467754428434306,0.700277258102918,0.19014370961076665,0.43571544353606884,0.5939238611501512,0.7993507073199962,0.4073339552463835,0.06242917374788581,4.0,0.29972274189708203,False
710,0.29781678451174,0.14901223556321685,0.4059848021749022,0.147501175172207,0.5341808506777237,0.7059897768752834,0.7169901469934843,0.3903499354996611,0.05745466126304575,4.0,0.5940151978250978,True
711,0.8496056959649153,0.3268622229815871,0.32361419470632724,0.09919841880284118,0.317204308228209,0.930088933332067,0.11083537335490612,0.49062658565085165,0.11399097659416654,4.0,0.6763858052936728,False
712,0.732498295664518,0.3877695271413803,0.5545723645299395,0.06297793199713594,0.3665855416291438,0.5470433411761509,0.335421969541458,0.3970820673916991,0.11788537798751564,4.0,0.4454276354700605,False
713,0.026504819879888397,0.38019656837669386,0.21508844901232413,0.034507391563779986,0.6559572737964009,0.20518124606899787,0.5289340142912524,0.13051559232059148,0.10256323002331828,4.0,0.36807884334698654,False
714,0.16762966387817568,0.2120667124148417,0.4637215839467435,0.12023768212287325,0.36772365073216157,0.4726030594731972,0.481953354298972,0.32946571835536376,0.048873690704708254,4.0,0.5362784160532565,True
715,0.16286254612332318,0.17078005762369602,0.6803471667584643,0.03567919001608186,0.173723834536177,0.20102673026869883,0.04281231346186143,0.17751072194947615,0.08934388072737952,4.0,0.31965283324153565,False
716,0.8468033538058891,0.4052244527612953,0.5666714887955093,0.07633888535997206,0.24032002312267176,0.5372847868905397,0.6213836387775422,0.3762359265386802,0.1314259430193716,4.0,0.43332851120449073,False
717,0.5760318372751541,0.05043765543604031,0.7441112356275517,0.17073035873226594,0.20423959313271217,0.8784114230616835,0.6191398716882528,0.4760200630200918,0.07863884194235383,4.0,0.25588876437244834,False
718,0.38435906359760585,0.3089501828216087,0.4132881984089822,0.07825082293935348,0.41212428667804674,0.29130248566748423,0.9573735333009027,0.2582252887752965,0.0765436400856013,4.0,0.5867118015910178,False
719,0.7520911237926567,0.20828768142378934,0.5773122620754014,0.19311779480826108,0.45518323122824816,0.8981602791466992,0.44850840854544893,0.49893108278745774,0.1008852755308675,4.0,0.42268773792459857,False
720,0.09902701571864914,0.16015903813668567,0.5982942454464202,0.1708470229586822,0.680946402902613,0.37324917130100554,0.8052721127269549,0.23096400525491714,0.05135013371783542,4.0,0.4017057545535799,False
721,0.3415484045665437,0.3863810114973934,0.39588883606929426,0.17991700948411737,0.6037498444989277,0.5290208202939415,0.7168697237702484,0.3159862662179997,0.066828284083762,4.0,0.6041111639307057,False
722,0.26732713862226243,0.36151751546653926,0.5941629488497108,0.10004625303968222,0.5068934260198802,0.6769410938340366,0.14535410137269666,0.4033351804478479,0.05210364940543377,4.0,0.4058370511502893,False
723,0.6387442520410457,0.11270603484240303,0.4957967076606731,0.15794716409574047,0.5655025972583553,0.3701370770570825,0.810313176808579,0.2897768423172358,0.08974993657406197,4.0,0.5042032923393269,False
724,0.35409983985108684,0.43015188460902376,0.2891469833005891,0.08970724439810307,0.49107293371591687,0.30264885048005247,0.37261590130424327,0.24374081533252176,0.06517625314410663,4.0,0.7108530166994109,True
725,0.8098789540452742,0.43774904131579623,0.35963419374589206,0.17048118662978345,0.3582676686076757,0.3775216985318866,0.636835403023394,0.3161993441306836,0.12054065274041006,4.0,0.640365806254108,False
726,0.9407853137402152,0.07552441978547347,0.6650301007758346,0.1185459502729829,0.6841236747998327,0.47101833759690365,0.682604062165698,0.3168526419868597,0.13401984353637547,4.0,0.3349698992241654,False
727,0.530078917302988,0.35838638953698604,0.4757655911994415,0.11592853083341345,0.34361919286607606,0.5670299496514759,0.4877981326194193,0.39072895657442347,0.07809295886283714,4.0,0.5242344088005585,False
728,0.23301933893493554,0.21526683678885322,0.7859100296296655,0.03339185025210479,0.476025015589649,0.7313760127026054,0.7000224774331724,0.4414268576666241,0.10720653616530014,4.0,0.2140899703703345,False
729,0.12935474373714595,0.11739051584376302,0.4160958770285991,0.12939860846070822,0.42456744007948477,0.28989476955987076,0.8595196004714798,0.23526495231935393,0.05229383537136216,4.0,0.5839041229714008,True
730,0.316057470088149,0.3217784173062262,0.7294287159109614,0.12261171565074608,0.14144656982048176,0.6456962141000423,0.12071249669538708,0.3727168757298303,0.0530672318535914,4.0,0.27057128408903863,False
731,0.7155415025933006,0.12880155477889782,0.4083607707394142,0.1709870771655909,0.5032273354507358,0.7866716961182578,0.3285095696887488,0.44827230751771185,0.09227432679034965,4.0,0.5916392292605859,False
732,0.2323508293114811,0.15091608841757412,0.665309213631992,0.14826137562292335,0.43329884381911027,0.24130380420672318,0.9776053356137362,0.2338456290716579,0.0583391950330169,4.0,0.334690786368008,False
733,0.7470213535207249,0.05671993395779054,0.5119281481478501,0.07441234596704502,0.6657823676251364,0.869759105165351,0.5640813068144317,0.4245966161247827,0.1076234326146154,4.0,0.48807185185214985,False
734,0.5779194703579588,0.2374680305864632,0.41560734141812605,0.15151474020899258,0.25177891174127726,0.88344770707332,0.34078677023871806,0.4647355953769763,0.07712139772066558,4.0,0.584392658581874,False
735,0.8912150591225478,0.37076163895584163,0.6652255749917255,0.11662815654315276,0.12108887171956591,0.8647528244868561,0.010249887408128378,0.43959979138494226,0.12103461128773119,4.0,0.3347744250082745,False
736,0.4456521205521716,0.1514497799203916,0.5765768560464583,0.09316778519839795,0.25203629380956666,0.8818700360337177,0.8177763201971923,0.4710991207828288,0.07044979988842678,4.0,0.42342314395354175,False
737,0.9836789209335017,0.10994759535742667,0.3487230230291324,0.04776255062540908,0.5084248766151113,0.20198873036407727,0.8498574265227437,0.21303071062545842,0.17723337094486835,4.0,0.5094672066710303,False
738,0.6218067152521324,0.3581627348681411,0.2756819695573951,0.11458884959901339,0.08535691838770137,0.4884703244529089,0.8694918290580201,0.2886965043233665,0.09466142620688979,4.0,0.7243180304426048,False
739,0.10990760816187861,0.32629399339933646,0.2715480498902095,0.09730820509826059,0.5621580459643799,0.7133960096333483,0.3936139346634856,0.35197446968050705,0.04916001509905299,4.0,0.7284519501097906,True
740,0.1837881973153449,0.13341182857609685,0.32530024874806707,0.10030360937724238,0.5725641644917715,0.8352518893967729,0.5923004594014992,0.391464731717463,0.049811549197350175,4.0,0.6746997512519329,True
741,0.9077123236309104,0.2814568792653066,0.7129219193999956,0.09975240053171261,0.3226418960730916,0.23778012049381125,0.4666088473233928,0.25978031284761127,0.12834787544883497,4.0,0.2870780806000044,False
742,0.3495368980226866,0.3557740698027247,0.2884649597477924,0.09037471251521367,0.6054273700922119,0.4280741115910786,0.037888706482510415,0.27148523729852087,0.05618937706864765,4.0,0.7115350402522076,True
743,0.28917425444466993,0.3427608098754205,0.4316209382259175,0.07932077729381648,0.1329261251436686,0.6843780544105917,0.3619807208469179,0.35577601528466307,0.061165204896242366,4.0,0.5683790617740825,True
744,0.8572767884060972,0.43846209308795725,0.22667156773940364,0.1314176927637587,0.17328047624108783,0.7519995424136987,0.8911777781649715,0.3999613948486826,0.1324627348947418,4.0,0.7733284322605963,False
745,0.9553860969531957,0.24982907897913192,0.22640776293624407,0.14858374267651647,0.5350224191986699,0.8465916655222501,0.7603617126167664,0.4470894607568141,0.14096205325203665,4.0,0.773592237063756,False
746,0.07271335054081673,0.22520340686234464,0.6565726908028033,0.07337241224159909,0.1795613495107417,0.2684384565063324,0.008722466251085303,0.2095747465176786,0.04754801239760357,4.0,0.34342730919719666,False
747,0.10469110484979915,0.41262394437644473,0.36744029621635715,0.079245329431737,0.24882567864010796,0.9143250739132538,0.37674604661023836,0.4274486818139889,0.05708359865807028,4.0,0.6325597037836428,True
748,0.6368046074130971,0.30481518492970466,0.7575272483483013,0.13589370852465668,0.198740110257547,0.47119934845623085,0.607370316429236,0.3476519632362086,0.09038456535100335,4.0,0.24247275165169868,False
749,0.005816565976489385,0.22049042729174934,0.40212494977449487,0.14573684698091113,0.5055416993104007,0.8808753276475394,0.4822550564584802,0.40795208202066535,0.04632048300336665,4.0,0.5978750502255051,True
750,0.2939428070528518,0.21682061464074182,0.7528454046615838,0.1675245006049332,0.07268903785268231,0.7333870762827261,0.1359376507594724,0.37658133755308354,0.04904220472453753,4.0,0.24715459533841622,False
751,0.039170528944130534,0.170385744004671,0.5814898435877168,0.07980733857457242,0.14329803358166773,0.3144776405577434,0.6335617149198312,0.21453691748612097,0.052705623664461264,4.0,0.4185101564122832,False
752,0.38610722892384997,0.42629831901165005,0.2007891837622486,0.15957686964122092,0.2241677010115113,0.3224170826764343,0.5788090173241922,0.240502130552677,0.06944440261746491,4.0,0.7992108162377515,False
753,0.28838494835567474,0.11186987871939201,0.3693319603150124,0.15835540386168945,0.3581807712142363,0.6216194691050498,0.2433472801900214,0.38460147324826327,0.048676646661564474,4.0,0.6306680396849875,True
754,0.13042905410767736,0.08712312011414354,0.20939335658018024,0.03566764373707198,0.13919093779190797,0.477327041839665,0.3568539245248262,0.2543331154895714,0.09242853632068361,4.0,0.3804548665287678,False
755,0.6541002115782987,0.07227148252407534,0.772946059266868,0.12496264451382046,0.691559462318993,0.8175671652253487,0.5975666519866978,0.4185563385201784,0.0878311382855496,3.973884337093413,0.227053940733132,False
756,0.9392409781254398,0.3738592204782819,0.266237844083026,0.0612862416035747,0.619933232044481,0.6739258010923519,0.4527766452269484,0.3736365847635216,0.15459894310282396,4.0,0.6537199104381302,False
757,0.05786931885597468,0.3828164356892497,0.24271588207443318,0.12326834453788978,0.6773281770622869,0.5552053991659373,0.5782209408040441,0.26369920623907567,0.05332625634563737,4.0,0.7572841179255668,True
758,0.89801059364481,0.10625802167219943,0.6554988008551534,0.08164261966652615,0.2526629663594859,0.6322337192258028,0.9877604382933546,0.4249113702981104,0.13554989879192758,4.0,0.34450119914484656,False
759,0.09172241956997729,0.40300928831712873,0.24340288671398722,0.1579856152854793,0.3614136435824079,0.41067307621462823,0.9444738963303445,0.2778630749540953,0.06062868533099192,4.0,0.7565971132860128,True
760,0.5430987137076799,0.3835451223596635,0.3726796174741709,0.19033537967911315,0.5851064472075415,0.7646504534310559,0.8893892666589471,0.4033941553413358,0.08699067324884506,4.0,0.6273203825258291,False
761,0.7167260586919892,0.2955542413179741,0.7358106350385025,0.062057238102158206,0.16232090085852008,0.2539386910820624,0.10529039202234225,0.23424169785267784,0.10941094308992107,4.0,0.2641893649614975,False
762,0.011713735579427786,0.413510458774456,0.7160600494200431,0.12861017777795036,0.18362021296742737,0.6305654373033761,0.641832569602117,0.35323983183121227,0.05532656358225614,4.0,0.2839399505799569,False
763,0.007748220344033108,0.1782427343018987,0.6515228210612887,0.08612714241318012,0.45842280728710394,0.5508732862055586,0.6057297573401962,0.35019119006276817,0.04972013274809806,4.0,0.34847717893871133,False
764,0.8581950896526326,0.3529851204587208,0.23191141811959945,0.1878605033883594,0.6370182629484344,0.4682676197235955,0.17274927926630756,0.2984476794482586,0.11735800325355898,4.0,0.7680885818804006,False
765,0.9334929171314034,0.32545987605510907,0.22996963042687854,0.10242854418560302,0.12351360162017373,0.6703659280173203,0.9380380061244284,0.36591123413886084,0.14208472553948154,4.0,0.7700303695731214,False
766,0.36783945539829765,0.21980401365964736,0.4386583767165819,0.04190296095548618,0.314757899817756,0.5536570457251782,0.03146184992656342,0.3711142800950789,0.0918580960783313,4.0,0.4469649168585193,False
767,0.8944325319133164,0.2542425552714696,0.5772543868346416,0.12356349061091883,0.5930481916201951,0.4648581824968294,0.6276349363792528,0.3327626285688111,0.12787027125138584,4.0,0.4227456131653584,False
768,0.559706238418072,0.22742597701825246,0.5122564697277219,0.11554800966682474,0.1341914245422069,0.37823961195073513,0.17217534278061652,0.2728152105241421,0.07209654814267645,4.0,0.4877435302722781,False
769,0.12090440658006085,0.4059075106783034,0.5743274846793681,0.16985475488186988,0.5941015092231893,0.7846367842028437,0.6479288735961257,0.3905646156554288,0.05651874569715779,3.9918203849622738,0.4256725153206319,False
770,0.5825737352057764,0.10553073169495614,0.5051872091094665,0.11355755180365222,0.1406403851052523,0.8259811762644158,0.42827935936370964,0.42218471743719344,0.07671477057627092,4.0,0.49481279089053354,False
771,0.2105650781306625,0.12653879221341607,0.38130313909243896,0.0633430792501328,0.11319789120581872,0.9649915315677298,0.22287033082816865,0.40405560157903536,0.06051338592974156,4.0,0.618696860907561,True
772,0.2353169152885759,0.08156906874282469,0.36827171682139126,0.15535123492753566,0.0942913851707601,0.23748604742744917,0.6661172926709069,0.16743405709800682,0.05254909536285462,4.0,0.6317282831786087,True
773,0.20018683710918572,0.2634336513493528,0.6001530217906583,0.17831924930525564,0.12594653542741374,0.22707451643439924,0.9827665345751125,0.18066352027277768,0.059496012874037045,4.0,0.3998469782093417,False
774,0.33496658516635625,0.06829119385041027,0.7454965650982792,0.08357362125758343,0.3199929309687091,0.36000799501719644,0.2877219627988671,0.3124097102526958,0.05500518606610395,4.0,0.2545034349017208,False
775,0.43733588590437866,0.16611690314482458,0.6275231622251787,0.07946534169009943,0.4703203801155051,0.3647627332467071,0.45730343335664525,0.30797653677354964,0.06849724704991163,4.0,0.37247683777482127,False
776,0.2990472677990281,0.20102147026171935,0.7681016399493019,0.10333746668068068,0.27355418178273694,0.7709055731167689,0.3452334943090196,0.45395912212354994,0.052409826672604826,4.0,0.2318983600506981,False
777,0.7027814297673471,0.44689500956807815,0.5507927750048384,0.0879916840880664,0.49686403691790404,0.5596975184626036,0.575215738714746,0.3844772710192629,0.10578748589504897,4.0,0.44920722499516164,False
778,0.36619558174214706,0.11027816969100508,0.6748746256574443,0.15101756971122066,0.6280000722176905,0.5281764503449137,0.3307892507785044,0.3318090315400517,0.05507315556714293,4.0,0.32512537434255573,False
779,0.0032477649977696865,0.07588786290682861,0.5803640983851202,0.12980692535077845,0.2950893564412325,0.3345740857332422,0.37985117846917293,0.25198889280846143,0.0424084799002661,4.0,0.41963590161487985,False
780,0.8295495030934488,0.1840625497940504,0.28625887985830645,0.1470758892836232,0.33729210903877993,0.7487385973045786,0.5532864396963575,0.4474049521420562,0.11409628246242963,4.0,0.7137411201416936,False
781,0.9599828288521715,0.41567243891093514,0.4340276461083686,0.17801251274905405,0.2910780520413347,0.8764483315899119,0.18827504703342102,0.48036780657551503,0.1382514154896451,4.0,0.5659723538916315,False
782,0.904662187324412,0.2518830213666137,0.7170810391188607,0.12756057144944274,0.42571120559531356,0.26409392718857944,0.8181018304986706,0.278507622818463,0.13271885771365827,4.0,0.2829189608811393,False
783,0.7464713689042403,0.18926656876705794,0.6604794730490652,0.16968316793996396,0.09294187125562009,0.3300595174309826,0.1467456997372908,0.25517259548604804,0.09474044567817991,4.0,0.3395205269509348,False
784,0.49077041187165127,0.2786190705847537,0.34113128686046024,0.1117153516320447,0.319718739319621,0.389079646969229,0.3252230912346915,0.30625571374087707,0.0688560105832319,4.0,0.6588687131395397,False
785,0.7426458150837593,0.35150718708403994,0.5639307857398385,0.06342671881031145,0.4062876612837482,0.6512997063010421,0.9377129650132275,0.43351056678196687,0.12739321032742207,4.0,0.4360692142601616,False
786,0.9002796467977839,0.4213354142834008,0.4021713753663616,0.11529546434319239,0.2415481215638809,0.7872579001090771,0.6514356845708079,0.4432861864885985,0.13518213511770366,4.0,0.5978286246336384,False
787,0.7261928891900776,0.29903799070406323,0.27497916421587765,0.14775754039666505,0.6036316272341632,0.3998167765155078,0.795421420573133,0.2802377916356907,0.10520278322459432,4.0,0.7250208357841224,False
788,0.17934775940890857,0.19958960784792595,0.6694452817963061,0.09661216819065316,0.5763061984788186,0.5037561933746528,0.1461297485473696,0.3244314293002223,0.043657377974362685,4.0,0.33055471820369386,False
789,0.3512917517129912,0.4405882124537997,0.616334224482032,0.08618796780139554,0.6431311980970145,0.5694250395461198,0.21654387724402346,0.33294108766349084,0.06390647196546452,3.6753309639388125,0.383665775517968,False
790,0.12924881478729522,0.1984655743567066,0.46356644913407485,0.03880881578884934,0.4515064359285629,0.48634577908346927,0.9043626876219022,0.3252529029425275,0.09836191000552424,4.0,0.41396070174772637,False
791,0.22553345780676204,0.12084135093959586,0.5443863634522816,0.10436061401881555,0.5170798237076267,0.3956375826015031,0.09098777594493701,0.2911305118430478,0.04313584235506057,4.0,0.4556136365477184,False
792,0.7419510618405799,0.2636538554114336,0.7040216262567318,0.09366655739181466,0.32839367036577094,0.31571580579120423,0.9497911765621108,0.3035632040932446,0.10941939180463471,4.0,0.2959783737432682,False
793,0.5748678038107227,0.07916066732336198,0.30138820254630255,0.10989305746058263,0.3952879962067365,0.5691104547581176,0.9533563956546403,0.38361534352862425,0.08415693298264317,4.0,0.6986117974536974,False
794,0.7371672263354639,0.20268531073988844,0.23325397773762596,0.1075731243899308,0.1637395861807054,0.42113743450912555,0.5782596305983566,0.2899369325507706,0.10070623410558466,4.0,0.7667460222623741,False
795,0.20490535086930717,0.43201707566375597,0.42956123741497254,0.08848078916967206,0.09412259281177567,0.9882160699045226,0.4419636541633657,0.40812306072967536,0.05853920289406671,4.0,0.5704387625850275,True
796,0.15727846889135233,0.22969852182335154,0.5357804726168145,0.13281803431489286,0.11016042145679926,0.4334236795930906,0.9344102793096779,0.26374662626105466,0.05633586271716384,4.0,0.4642195273831855,False
797,0.5938634706320837,0.18502741766642766,0.2952525010589731,0.08533339899676623,0.217615375589767,0.6783504261367868,0.4381753204840265,0.39189770153820114,0.08191115485556,4.0,0.704747498941027,False
798,0.5478259538911445,0.32184366243933377,0.44511283954311254,0.055483051293866874,0.11232126777112433,0.8609777753726051,0.7787136249169933,0.41230235593710207,0.10670454792412523,4.0,0.5548871604568875,False
799,0.987645990538799,0.2418550692188201,0.3442298754282696,0.10512616200712117,0.6264109463064153,0.46088312234457707,0.8805499308274248,0.31064031802699127,0.148857248121686,4.0,0.6557701245717305,False
800,0.07716410327470846,0.35960396947303813,0.7522318347669361,0.19680118339846323,0.6140864198301843,0.6196467782905177,0.7824521570783949,0.34797679798378683,0.056014660136608004,3.6232363961392626,0.24776816523306391,False
801,0.6375272036898915,0.11017393920178607,0.48903557205164827,0.09910010995482589,0.1687051833040691,0.24231982640385966,0.027773260142453626,0.21635328077860744,0.07680575602665637,4.0,0.5109644279483517,False
802,0.8341743373080048,0.32187840241412313,0.5424049972498098,0.038245217401086655,0.14462290339155967,0.5410795001631664,0.1891208096431659,0.3487481309700629,0.15736348695217692,4.0,0.40794898561159104,False
803,0.42530222858844013,0.3357885224589074,0.20078751624087315,0.13517452821427978,0.48874577055461643,0.7093822524650877,0.0560059051384284,0.3960662393913373,0.06042345628209727,4.0,0.7992124837591269,True
804,0.16575799263777358,0.29472005669123996,0.7700506499777238,0.10225635138357247,0.35175588918618356,0.7145667042369428,0.5064520564765093,0.4386596452848344,0.051400157025159446,4.0,0.22994935002227623,False
805,0.7997683007797189,0.3573866851514671,0.5294846889805598,0.1409442486743307,0.24105164033321014,0.27832965270545795,0.5355406856477879,0.2586499543919508,0.11395630877335254,4.0,0.4705153110194402,False
806,0.807522160641815,0.1565621372211116,0.27348177801636686,0.11095321111183581,0.17066394335416074,0.5508889935887069,0.8146072948204027,0.34561398584361713,0.11434083191139795,4.0,0.7265182219836331,False
807,0.620029235673725,0.13301469990514814,0.5531668927477134,0.07691889710137167,0.21527559055167556,0.7053505085490639,0.6684196293189751,0.42053254439197296,0.0916480831766868,4.0,0.44683310725228664,False
808,0.7932817195764068,0.29815012799215007,0.4246650423224523,0.0973335481636193,0.3796084501922737,0.5320430266558095,0.9534751750028146,0.38719832770977824,0.11782106506020924,4.0,0.5753349576775477,False
809,0.5694135332626556,0.27455797319898834,0.7656036334564986,0.0936401789703269,0.49356248029338035,0.985634993082505,0.2787195434863553,0.5173889805995593,0.07661986274097853,4.0,0.23439636654350138,False
810,0.8387749283631715,0.11949307276616038,0.6469800284728223,0.18474776544634583,0.3904183694151799,0.24491615814316336,0.2977873243950583,0.26549733622016597,0.11040970516233903,4.0,0.3530199715271777,False
811,0.15557272194827854,0.30990142181748803,0.7664833294320466,0.07758537635423884,0.36145480494957005,0.2694134488334716,0.21578986405224532,0.2540029626176174,0.052719127370749956,4.0,0.23351667056795344,False
812,0.034473381991517615,0.19612024755535296,0.3448186298702878,0.10463240010181443,0.2379758664336391,0.5783039266470102,0.5345312023686596,0.31871957647543286,0.046756498672572186,4.0,0.6551813701297122,True
813,0.23232721797198264,0.21735428963894393,0.37871612925678666,0.13741313324552312,0.10925175939576717,0.49823821314111316,0.07017890238581015,0.28112779390773796,0.04480557431650994,4.0,0.6212838707432133,True
814,0.2749109471571912,0.2195838252786096,0.4357907941654082,0.16956347699716032,0.2549034687594263,0.4449904548600923,0.24644693473657098,0.31078901773702133,0.04984864320858316,4.0,0.5642092058345918,True
815,0.4797870326413619,0.15047340671288895,0.6974478880104824,0.05371065486395899,0.3264343823296394,0.41975996694058026,0.9707786378320692,0.34636161259912507,0.10065630521384546,4.0,0.3025521119895176,False
816,0.5572503964379057,0.10728195116914528,0.34137331442673,0.03362635429361917,0.5954879079963775,0.6164447950460429,0.9645122263080728,0.35792978057487584,0.13442989295197214,4.0,0.3586811124652711,False
817,0.07924694293135959,0.22126489913914943,0.38913112597643895,0.10136643768866467,0.27079932574578613,0.21565767055699034,0.649249950997506,0.18045174063169309,0.04967561773029353,4.0,0.610868874023561,True
818,0.7399733931575329,0.3575739844427117,0.2848082639503527,0.17201991268333258,0.5643002323615417,0.26418323132664634,0.7093757753901972,0.226217485256029,0.10778441031964137,4.0,0.7151917360496474,False
819,0.3515790725944483,0.3765463216937051,0.6587762676043245,0.1618055280371993,0.5609153266485405,0.23963301571994622,0.3739529629419742,0.21622959593537922,0.06152038924467149,3.95153024532993,0.3412237323956755,False
820,0.9403597445699357,0.21197424731364917,0.4371210518941021,0.1812273629219997,0.3460654642553371,0.8906554011201655,0.08246069555265434,0.4966130098911427,0.12619516664087585,4.0,0.5628789481058979,False
821,0.14834854963878852,0.34999573559730124,0.42489291942650714,0.1804242946994829,0.47267564520979494,0.39808377370559367,0.38565519500433554,0.2857509673398613,0.050754343042343074,4.0,0.5751070805734928,True
822,0.6496168206590835,0.25236166086402695,0.7498936708453525,0.0761061365095457,0.15783998596063842,0.8650369891994965,0.5704578452436474,0.45632739458359595,0.0965787829882502,4.0,0.2501063291546475,False
823,0.9483356109623249,0.24091900252696918,0.4844445770525829,0.04981345080323893,0.1585914955648897,0.9499575866390066,0.5914563877942933,0.4653542494665232,0.1662605765250251,4.0,0.5155554229474171,False
824,0.5180241929784667,0.31884599589391216,0.7129601485468995,0.054226278662435484,0.5347325455471822,0.6541234245592583,0.4804531140013203,0.4126995830062746,0.09995909975702413,4.0,0.2870398514531005,False
825,0.2978169795655965,0.25410491806563656,0.7505136865238575,0.19684364122623546,0.6311002200580125,0.6178564658652241,0.9318808628096694,0.36092206399050925,0.063174615982942,3.789137545923313,0.24948631347614247,False
826,0.28439662325775894,0.3168810959237397,0.4744486957716239,0.1997825326975391,0.5392387792429811,0.7381480864233161,0.8990083993591302,0.4032562270362094,0.06374501917172792,4.0,0.5255513042283761,True
827,0.5863844829153014,0.44017429638876926,0.657100862800833,0.1741455078382954,0.31452922872291683,0.3103492505638847,0.3145144314847059,0.28815464023663906,0.08483196878707729,4.0,0.342899137199167,False
828,0.13624965413313217,0.4098330815466113,0.33353623438899593,0.13489179365783024,0.32587315311398224,0.7184838075117819,0.3128865488785829,0.3936607745961661,0.05160408266294321,4.0,0.6664637656110041,True
829,0.17136098167532332,0.09271516588093652,0.22824259454201545,0.12003351782025828,0.3713108857082631,0.8916315959381937,0.5863288954754783,0.42961322413268743,0.048801240682965104,4.0,0.7717574054579845,True
830,0.9018514125114413,0.1813525449200432,0.2281313762501273,0.15352339215631144,0.5229444768436292,0.39036705543308364,0.24427830483346213,0.3030148767372053,0.12126012536378368,4.0,0.7718686237498726,False
831,0.7465908948315793,0.417009574965476,0.23214458572662783,0.11583771825089405,0.4173058439423439,0.679861424052681,0.1039512044743579,0.417586954216201,0.10127089296129577,4.0,0.7678554142733723,False
832,0.9790297488776826,0.32846605207867174,0.7450041314111693,0.1426247586039085,0.14254178467013065,0.9301390191491665,0.7166543247643299,0.4687341252403706,0.14710269772092233,4.0,0.2549958685888307,False
833,0.1254906930556885,0.1300600289392353,0.481513854310106,0.033994233811636465,0.3597238750398186,0.7553757203667573,0.9922107573449203,0.4178347868080854,0.10572477672825552,4.0,0.3626051606574556,False
834,0.7193281701501075,0.14761859853656795,0.6993159297575471,0.17028782962710465,0.4120370475413333,0.27736237352569293,0.9311090601257515,0.28400790710596985,0.10291330787013969,4.0,0.3006840702424529,False
835,0.35659768338044595,0.08026570175421553,0.412309294083755,0.1665230223934212,0.28523706351796996,0.6257257691773878,0.957409115471093,0.386498175603713,0.06432240633852866,4.0,0.5876907059162451,True
836,0.7498062005485475,0.4377277644978525,0.3131361022162409,0.13001190722983708,0.05613066226597278,0.5733671190754738,0.07553630678061274,0.31472911161366846,0.10220318341610835,4.0,0.6868638977837591,False
837,0.18401141946159982,0.06747126433894063,0.7411031494851361,0.07794368269813276,0.29102674124420735,0.23359442621830573,0.9807492906883936,0.22585494650785512,0.06118458811350655,4.0,0.2588968505148639,False
838,0.6318672298657257,0.17787620407837512,0.7043442655978867,0.11266422979487693,0.24571232767948453,0.5404111264536884,0.6955652793983971,0.3863463273872282,0.0880104605096007,4.0,0.29565573440211335,False
839,0.24310429124985322,0.3782587554424051,0.36043081098090146,0.15201442456198125,0.11849772636856964,0.8400719827010512,0.7855234100966799,0.38094533658214436,0.06198812224450168,4.0,0.6395691890190985,True
840,0.010565614174865234,0.21292222644859743,0.30894698500088363,0.0621808216829047,0.25771371445416835,0.47264421548215063,0.16587221368508098,0.28082769031457167,0.057800865692587404,4.0,0.6632620979509836,True
841,0.1874561747763306,0.08202101237369225,0.30018617649952883,0.08425448828743927,0.34036864481052825,0.8523679556641095,0.6058447192242614,0.4287636799397725,0.05250114052911314,4.0,0.6998138235004712,True
842,0.03140895635573904,0.06690924866261755,0.3199784795394341,0.06463938061039462,0.6472790486927018,0.5105086605128217,0.5893928998172133,0.2551040917180181,0.06055070404204141,4.0,0.680021520460566,True
843,0.28107332877794056,0.34938750873288993,0.6828181487682508,0.10291716267600702,0.40592571121102144,0.9321058686148491,0.20531946865030193,0.49781344982053166,0.053370208796869024,4.0,0.31718185123174925,False
844,0.899276146438996,0.06796071485084815,0.402050178295913,0.1163456263495131,0.5842884651139514,0.2624480386731162,0.5333440208224973,0.2345339431905548,0.1240473417139606,4.0,0.5979498217040871,False
845,0.004808414684973172,0.4217401796797763,0.4553079108585215,0.1838501528226171,0.10253136074902483,0.9823451837645993,0.19316209589779143,0.3886006394265715,0.04835149231458089,4.0,0.5446920891414785,True
846,0.46467768036316226,0.24646261953524923,0.20139428560317085,0.147593307989848,0.22266389573244294,0.32360268860552277,0.5213342874001926,0.24612092637059493,0.06873357511310516,4.0,0.7986057143968291,False
847,0.3685874780384981,0.2532080451523789,0.2657824733684502,0.10733055638729164,0.5212206479402306,0.8025717605884202,0.063154828347747,0.4141340854460348,0.05359053111693487,4.0,0.7342175266315498,True
848,0.6671177444825829,0.3498978525453249,0.439172284435551,0.06398236623207709,0.5980626766924454,0.44453102407125944,0.9444138466729867,0.30690322503946227,0.11654256557580757,4.0,0.560827715564449,False
849,0.9702030554865078,0.43107300892276595,0.6797951089028988,0.18241543507345753,0.5797762277868138,0.6532746863866544,0.5360016065780502,0.4034242486031626,0.14653968236744452,3.743638851534764,0.32020489109710115,False
850,0.731467761390468,0.10307611000166728,0.7414429444322299,0.10081925389175968,0.09347692743761601,0.715157575351143,0.8351665188725343,0.3994550716015413,0.1024889014766618,4.0,0.2585570555677701,False
851,0.4621151725365148,0.35682545546919536,0.577629651251226,0.19717024815586884,0.06897534531421365,0.7527251011534966,0.9008390154595436,0.37621311678193886,0.07817242839065948,4.0,0.422370348748774,False
852,0.6730412334203538,0.4343124554182598,0.20994103284664234,0.1602514891117707,0.5725353094467901,0.9166945287742845,0.6045072512526273,0.4376222494910537,0.09998497109665283,4.0,0.7900589671533577,False
853,0.023674614372127256,0.13570337376829228,0.238492337707766,0.12795993928686,0.37212273275937086,0.5393521130400547,0.02079460575021841,0.310420922407373,0.03726306949461203,4.0,0.761507662292234,True
854,0.9002789245194612,0.3085720152596692,0.7607984542952404,0.09185116891104694,0.10882557215282947,0.6320484388932559,0.12138603910227297,0.38045394007249256,0.12301246211954629,4.0,0.2392015457047596,False
855,0.7653344502084953,0.32538630391831097,0.5646815532064723,0.13460659889179644,0.33629434293052984,0.9815959788724335,0.7274382461349914,0.5189584177110382,0.11066960723698893,4.0,0.4353184467935277,False
856,0.41134141793863943,0.3655538198698791,0.4756312473009292,0.07469282683238526,0.39831545702345283,0.8968564525574918,0.8449657277235628,0.4809199533744333,0.08077303164762771,4.0,0.5243687526990708,False
857,0.9415421829270106,0.3545749702476579,0.49308145331137754,0.13095858610599,0.18018396629492694,0.3520534245762905,0.900052511675696,0.28286283987380184,0.14397682968696487,4.0,0.5069185466886225,False
858,0.08066438580792668,0.3885497928318028,0.5163919211565302,0.17959434300015079,0.21440399258072856,0.3645808860932318,0.12897090331902228,0.2559252315810849,0.046534113744479126,4.0,0.4836080788434698,False
859,0.6236705548259144,0.33682094155951636,0.5683247614209774,0.13075389502859786,0.2963413113891177,0.9828420624315006,0.5464194508705894,0.5097924444918567,0.08884111379342959,4.0,0.4316752385790226,False
860,0.05207421344257124,0.10304207377132553,0.3569873417733217,0.11354350643900664,0.4003457407437948,0.5911953013609771,0.47036002512154407,0.34407636911016576,0.04440398982531518,4.0,0.6430126582266783,True
861,0.9564466163139335,0.4478482603577842,0.3754634967107078,0.16575141246552103,0.3607411824142358,0.8950990750133705,0.1127894671898877,0.4887470739545182,0.13780687679960418,4.0,0.6245365032892922,False
862,0.3838654291861612,0.1266831693363819,0.4238437849372528,0.1119991508044769,0.6544705644745161,0.401652703235195,0.13845595984168713,0.2592846071585678,0.053434932464332334,4.0,0.5761562150627473,True
863,0.758403465726576,0.3343270291786712,0.398686142362636,0.14471637732854548,0.4701176864079666,0.6147734705450258,0.27079558559031003,0.4033511841837592,0.10249042036654334,4.0,0.601313857637364,False
864,0.9977056352825379,0.18973063663127582,0.3355798608000544,0.10471108934595971,0.14060498734141924,0.688683143863615,0.8286093658212099,0.3874096764022826,0.14879038467642364,4.0,0.6644201391999456,False
865,0.38456940285801644,0.10083035940298504,0.6064231681073675,0.06974612579895328,0.43612578436791066,0.8715526072224957,0.8505733263996096,0.4824819361859144,0.07555942487064396,4.0,0.3935768318926325,False
866,0.3428745007103805,0.38608331669770485,0.34051232360041955,0.1495796887322206,0.6412760600821549,0.21817199703314794,0.38648780156540696,0.1682665661535483,0.06151287385654398,4.0,0.6594876763995805,True
867,0.9770038676819348,0.4104121035707474,0.4339024717269439,0.19510378699028136,0.24115297336605535,0.6193041714111855,0.5289484795445535,0.39858897822305656,0.1468133539901395,4.0,0.566097528273056,False
868,0.21071232618713442,0.439393986825047,0.448429078350307,0.1731560466383448,0.28528309930384893,0.8986240932507954,0.8823984334211742,0.45238315862025763,0.06474046729941046,4.0,0.551570921649693,True
869,0.056991635279107666,0.3930369220815774,0.4709018399591546,0.07217724963342273,0.2776149533374208,0.7928455706072219,0.0871035701705769,0.40917420692223627,0.0548116365592979,4.0,0.5290981600408454,True
870,0.14195543520408926,0.15103392172668811,0.6393619962157466,0.10941260218271234,0.09425252319686162,0.7927746291768083,0.640456920790279,0.3757789389387993,0.04952488126108676,4.0,0.36063800378425337,False
871,0.18297551472141405,0.33559142619394,0.5626181864419829,0.09154484977479282,0.38151064718329925,0.7720169346427244,0.3261378705046375,0.4389756184855519,0.0512307688099124,4.0,0.4373818135580171,False
872,0.29396578975629906,0.32360444596790455,0.36913402146602137,0.13833159835725997,0.670316639053573,0.8852777094252244,0.1467764399630006,0.387263983420614,0.05223445874030441,4.0,0.6308659785339785,True
873,0.38804778585934574,0.36440774965427064,0.524248527777657,0.07149283312160337,0.46045476246162936,0.72301873519878,0.8372412210890081,0.43034510882846955,0.08080342759254033,4.0,0.47575147222234304,False
874,0.3353374778556202,0.1286308574558081,0.6457393609659298,0.0472549363061463,0.6714066318944449,0.8273384582167402,0.6651464696960668,0.40058622213450096,0.09133219016091021,4.0,0.35426063903407023,False
875,0.626413438611067,0.35726851517094055,0.2519003788271279,0.061566756971497244,0.5874296438320695,0.8845025944804656,0.6873465797627845,0.4275222238898762,0.10957638549185326,4.0,0.6567120743626373,False
876,0.9065578259946171,0.1859419749922755,0.6579776490111449,0.13213991237474465,0.6663357422819066,0.4304712127379164,0.6347078186823122,0.3030759754555617,0.1285539819375304,3.994534452969506,0.34202235098885514,False
877,0.8910855544138007,0.3286176915213096,0.5161619812661071,0.1215254808817069,0.33903437379452717,0.6787289616391271,0.3302129260539288,0.4414841533498932,0.12469482849533522,4.0,0.48383801873389287,False
878,0.08154754970843914,0.09732880795076829,0.5516828230066226,0.1586884775876169,0.6803377203841948,0.6384143955621537,0.107870200560373,0.31413410355472526,0.038813543653956784,4.0,0.44831717699337736,False
879,0.6358039519014694,0.2704871604101738,0.7012178514554568,0.12848061679678766,0.2757166265882055,0.3728359559132926,0.7962958216232116,0.3215962195131914,0.09231192261983658,4.0,0.2987821485445432,False
880,0.8096551007805688,0.1502007698324709,0.6062536142138816,0.055619124769723235,0.5676892486433002,0.597533912829787,0.8702432584039241,0.3898446214938937,0.13863099209042268,4.0,0.3937463857861184,False
881,0.1576856990153468,0.2136714443199148,0.2455721086142251,0.17397824659382127,0.09458628937488689,0.7235408821805411,0.11382171873500269,0.32309299492136967,0.0425841758420645,4.0,0.7544278913857749,True
882,0.2537568357055433,0.20802455629571737,0.5182497955145171,0.09811893151783067,0.5168779635711837,0.47077587998187714,0.7498023991168115,0.3231013167361356,0.0567523322208488,4.0,0.48175020448548295,False
883,0.3429932181451648,0.2958994477244195,0.766259352300664,0.14360553663535497,0.43835055156738045,0.40820268194571785,0.44305980373893494,0.33631168824214325,0.05923193595670204,4.0,0.23374064769933603,False
884,0.18520736730433018,0.16162160964042177,0.27074197618301726,0.07377747497127975,0.519484870543071,0.7553014140898429,0.17965534349042456,0.38253115394472365,0.05164308149553117,4.0,0.7292580238169828,True
885,0.08370978798680062,0.4405607770051779,0.35244365966606356,0.19037577112921392,0.5103539782829408,0.5542333125285532,0.5582462746733909,0.32426945696348336,0.05584172564202411,4.0,0.6475563403339364,True
886,0.285855111909892,0.4221705945321374,0.6225326284944988,0.07106857909891226,0.17727019068541833,0.33746958187232934,0.5108750773856625,0.25668885886025017,0.07139194029392586,4.0,0.3774673715055013,False
887,0.42249040856888476,0.061733454795793376,0.27200262895697036,0.09633297560752682,0.34603616157062744,0.9250662684967579,0.21202161825800903,0.4688841148839119,0.05720451370790274,4.0,0.7279973710430296,True
888,0.7515263461068191,0.3418410381253212,0.783031575784185,0.053978528434170794,0.5740480021080856,0.3827547506378428,0.5942212192885357,0.3097226979807493,0.13190676939590618,3.7186026720639167,0.216968424215815,False
889,0.637495552114409,0.06506187477364223,0.37061494498442116,0.14841051463396943,0.22952881047232565,0.362391508654469,0.0006616247068595982,0.28747674769855264,0.07593691108496792,4.0,0.6293850550155788,False
890,0.2397311998775572,0.15125261540508983,0.31152162884766355,0.1438230356336478,0.46485667393575103,0.8133330980450513,0.8819997751831494,0.42150682723442273,0.05712528911434186,4.0,0.6884783711523365,True
891,0.642853398027074,0.2998174389426934,0.7887054196230965,0.03321374626078136,0.48956727801284305,0.7681382239415904,0.3469943162782997,0.46843849901565277,0.13915093148817798,4.0,0.21129458037690355,False
892,0.3231609420998266,0.42063288672887045,0.526282128441419,0.041639812900587735,0.521175438139728,0.36094976824888597,0.2530703396823146,0.27983219077476557,0.09952936656315307,4.0,0.4441580042729359,False
893,0.845271813988366,0.15748538157370762,0.7531815056349627,0.05327480034424137,0.20927127702645204,0.5317188881334955,0.5470130848484609,0.38203078785480055,0.14175456882203918,4.0,0.24681849436503733,False
894,0.6920554217635496,0.3107643390198461,0.4627618401859899,0.048513187317548404,0.6884516226571186,0.6730637177147165,0.3117456243272738,0.3581350583620762,0.12409240632410742,4.0,0.5174739980538497,False
895,0.7539074693859563,0.297971987383806,0.2027280968975506,0.12680175456138806,0.2160143381448335,0.8229918678344668,0.006988950635933855,0.42982274756278005,0.0963183055351883,4.0,0.7972719031024494,False
896,0.8869475190455441,0.12804868315210205,0.5710925010940514,0.08851335887500739,0.5182080524140066,0.6648606306155613,0.893320776211442,0.4261931939072139,0.12993175351912092,4.0,0.4289074989059486,False
897,0.6774273396111536,0.41453809697832483,0.6418472764256833,0.16157442416371454,0.06501084470484182,0.7720395811460505,0.5008014601478974,0.39150208133046316,0.09799573224394628,4.0,0.35815272357431666,False
898,0.9089960041108499,0.051830998108147334,0.7452066233562273,0.16970869626131632,0.23532002796423213,0.9583519759199739,0.8815550286600801,0.5125020558527277,0.13135090034289612,4.0,0.25479337664377266,False
899,0.08827861395519376,0.2922288923550533,0.7396326125512425,0.08297783387659824,0.450993846036212,0.2684284035345299,0.6487495469450969,0.242061316024475,0.055123806880228894,4.0,0.26036738744875754,False
900,0.8726866802893002,0.40088048963826245,0.5010035239071634,0.07131111495936185,0.20468855848299222,0.7653968955726635,0.6753350053818299,0.4325540792675495,0.1395750224915179,4.0,0.4989964760928366,False
901,0.7071102205899027,0.10658539886270209,0.5905810984273954,0.1341119227741484,0.6976854617896313,0.8427047058229349,0.3184162339978699,0.41164705767206,0.0906618412488824,4.0,0.40941890157260463,False
902,0.5479933150840355,0.37454184893240167,0.5738707388602129,0.16618401924297593,0.5361055126160632,0.2047504158909087,0.5265661550474405,0.20364347265038868,0.08123541773351568,4.0,0.4261292611397871,False
903,0.4495907351887003,0.4329009752314828,0.2896906438387151,0.06778317223404895,0.15980499491231154,0.5243881728911296,0.5888788892708723,0.31429103129927277,0.08729746662230853,4.0,0.7103093561612848,False
904,0.7542309256864639,0.07846899606856193,0.7779101332212226,0.18870570662775804,0.5563099221221101,0.8266252548276607,0.6156268507674121,0.4706776993557578,0.1019842482668563,4.0,0.2220898667787774,False
905,0.37552522636989216,0.28371142337967264,0.2534523098051052,0.06221401176298483,0.5109998640642255,0.3433740398916051,0.7436389559179918,0.2591522809297023,0.08283628192646823,4.0,0.6636161254718382,False
906,0.2789116707536943,0.09561180043383054,0.6001583270992528,0.18717859968180203,0.25448375013887575,0.2530082441160675,0.7492744471858199,0.22938984098009374,0.05623160264171522,4.0,0.3998416729007473,False
907,0.3222424725898194,0.4045499660347975,0.4972324852668019,0.14258875651916642,0.5977696761507046,0.67224999133887,0.07118489325145094,0.36944073213559514,0.05578541565511304,4.0,0.502767514733198,True
908,0.9947117693362384,0.14139859001287564,0.3591515412846249,0.08591434428203724,0.15516695331276914,0.5969760167744387,0.3116293193426244,0.3670751026094324,0.14126409531755998,4.0,0.6408484587153751,False
909,0.48887479724096694,0.39038404051450576,0.5366261049419758,0.19009409604904604,0.4597611048671031,0.2824979915990882,0.04499268728321848,0.26090111051501397,0.06800558604102926,4.0,0.4633738950580242,False
910,0.7406936182699148,0.4464480894234958,0.2475770541846069,0.0627400885666704,0.25020203371376254,0.9788090970664911,0.15572914051632125,0.4759959200184531,0.11889909183714403,4.0,0.6692276113778177,False
911,0.4035164920638409,0.09827804757598098,0.31132254883845106,0.1431149298241239,0.2642367736346467,0.6446183902052335,0.06221245958739374,0.3826411945545263,0.053372024858413566,4.0,0.688677451161549,True
912,0.5916141408063119,0.24585487036079873,0.5912830663436202,0.03911508120929949,0.29686504620304655,0.6252575653966852,0.1590307400168397,0.41701640561089937,0.11949709191316041,4.0,0.40871693365637984,False
913,0.7158830124038995,0.07739878699349215,0.5549177499992143,0.06326901310345878,0.5576482738677339,0.609289607404215,0.27939766695602297,0.39149495504540827,0.1068215924781244,4.0,0.4450822500007857,False
914,0.09294359790196904,0.1038667686083874,0.45522067772024055,0.038967999978041304,0.42056642857628945,0.8371073994375717,0.31152122222033574,0.4300769975948099,0.08617359352245908,4.0,0.4156586664324406,False
915,0.3535365664121236,0.3389643488351569,0.4361494668014902,0.10934087508638697,0.4049745386249457,0.947468362303812,0.768137346674983,0.48540317157454926,0.06668474282442928,4.0,0.5638505331985098,False
916,0.37535209349865184,0.3548397870229879,0.2710073582210777,0.040600329842152595,0.6459052846203645,0.4250945990392683,0.39442849666023216,0.25951151130878714,0.10418036017654057,4.0,0.433070184982961,False
917,0.6925933640234813,0.06498464592730398,0.33834680007158735,0.19490602731404466,0.13684078399331362,0.46444894374651496,0.38789480139586685,0.30444490904311816,0.08943321819857811,4.0,0.6616531999284126,False
918,0.7136782954875805,0.12696820467697525,0.7638553276198228,0.1329357356122552,0.47110852673162196,0.7985099747804056,0.9558974511786158,0.48444464135586374,0.10222888015177393,4.0,0.23614467238017722,False
919,0.875184376433887,0.20979855641256273,0.446398585685736,0.1013228848290575,0.6070877345062311,0.6862587902571846,0.7151388224912105,0.39447917478340644,0.1248856899570785,4.0,0.553601414314264,False
920,0.9597246573633127,0.3117101644140894,0.7083715456006123,0.18756226190111622,0.19331861636267617,0.6252624649777904,0.1501938304676934,0.4042480082043279,0.13363181900602433,4.0,0.29162845439938767,False
921,0.8988129235131471,0.17403905118794766,0.7626070425830573,0.07314676593939706,0.12765185665465564,0.5845066530969842,0.15420006371055017,0.3749553180911982,0.12759225471415503,4.0,0.2373929574169427,False
922,0.7640916300378805,0.07186513598304362,0.4880635167724904,0.07847179699235662,0.5875497147532305,0.3198281177463278,0.48678748077307377,0.26431526068572414,0.10674205095088554,4.0,0.5119364832275096,False
923,0.22354372086089835,0.09297510424494751,0.3780997023403252,0.13111817435155623,0.39425284528351073,0.24504373590673698,0.8370104893056791,0.2172733188835925,0.05491325019376159,4.0,0.6219002976596748,True
924,0.9700163514167918,0.18551972996571053,0.2541966499440462,0.16700513799310568,0.5921870137103417,0.3191439015753421,0.07231829072433182,0.2554164148025442,0.13102856596809678,4.0,0.7458033500559538,False
925,0.6336452516362887,0.3622301613356502,0.3855043132605839,0.112622533067361,0.6389927729750849,0.9561919432085269,0.1866990997982959,0.43562604037654656,0.08512583834079128,4.0,0.6144956867394161,False
926,0.8772462500575371,0.08276570182629667,0.27469849382951605,0.040889546987987274,0.5370634422605483,0.9872688358493698,0.02449042659496614,0.48182568964886985,0.15308597673878888,4.0,0.4361551678718643,False
927,0.6644227109356893,0.19864734261516592,0.4580631142829703,0.16261555478456285,0.4115732260994054,0.7409603520531878,0.7527432282581662,0.45277167456183565,0.0934848490719141,4.0,0.5419368857170297,False
928,0.779164967312553,0.31858660372567227,0.4935254704421658,0.06386329581559713,0.6533871366998415,0.3220759360481384,0.7718623947838422,0.24546224778553502,0.1286035029203745,4.0,0.5064745295578341,False
929,0.6731921964450484,0.39899982012496193,0.5813845053518891,0.13768164941153016,0.6687288815343089,0.6351096084476828,0.22038811360060173,0.35809288968906866,0.09219863395397096,3.7436277963738793,0.4186154946481109,False
930,0.49714925300769275,0.1781002493981627,0.43486666546309943,0.032152297178046914,0.24956814497246915,0.20982925655388282,0.9362597145287052,0.20434290408554168,0.1311435652891487,4.0,0.3429578365658338,False
931,0.5608324468749432,0.4014947285860394,0.32471522673826314,0.11818808070588285,0.5205129708868791,0.7303941541532251,0.8253177155054192,0.4116277450365292,0.08859801774545734,4.0,0.6752847732617369,False
932,0.37991676709092737,0.43505308638222423,0.5537813281828098,0.10058937067567057,0.13565134498859463,0.6566124808233074,0.8118463243968818,0.3634916555879995,0.07317735807359586,4.0,0.4462186718171902,False
933,0.725114381613919,0.4223365662380567,0.5776800406649127,0.06111449464495192,0.3591899475198404,0.8616320093382004,0.9029596369198606,0.4908222282102391,0.1292191409104081,4.0,0.42231995933508726,False
934,0.8587590532292042,0.3647805381623843,0.27341467931718294,0.13681518635456882,0.15490852272486821,0.31343133266016593,0.19812833087094417,0.24444648771714522,0.11830923065564211,4.0,0.7265853206828169,False
935,0.6992316218182681,0.06291519227700554,0.2479956962520398,0.19126280563371145,0.3736538452074219,0.6543793927884338,0.6525631577234979,0.4144733165053292,0.09464392699311573,4.0,0.7520043037479602,False
936,0.8510663653724209,0.3214494325234749,0.5028382628037958,0.08057761918849951,0.4206853275012538,0.9729516757672594,0.8459493980789696,0.5148248758406284,0.13047442744869733,4.0,0.4971617371962042,False
937,0.06437516763254025,0.2298490214182629,0.44581406830525505,0.0536360574299921,0.26477402020476315,0.3326042939532073,0.36367205458979746,0.24419778254026145,0.0702686178119528,4.0,0.554185931694745,False
938,0.37051664939738094,0.21450557795773711,0.5864410640008053,0.12951610422770304,0.16818065070746652,0.8198441082308598,0.5395502156377309,0.4238763524797011,0.06056016063816159,4.0,0.4135589359991947,False
939,0.8224082630908166,0.062046452988541216,0.2038532613370195,0.1235539365377965,0.6666277037918541,0.2563665877562648,0.9206267715582951,0.19899554311092874,0.11736813526760878,4.0,0.7961467386629806,False
940,0.6357066848184465,0.1817229948816057,0.47658799407760777,0.06278760864860286,0.32304991200793365,0.8981519315864528,0.4357422585084402,0.49115974392568984,0.10059149911245936,4.0,0.5234120059223922,False
941,0.3333099576585201,0.25633829945690667,0.3569009700184552,0.08572885346748228,0.6768418581579917,0.403800943439617,0.17348638160716023,0.24641758782375422,0.055443129326238336,4.0,0.6430990299815448,True
942,0.03736441337976859,0.38405112948415127,0.6572496801774439,0.1928967387068556,0.5706220322782141,0.5882792965292862,0.17699722543111795,0.33983594903308106,0.04663596407196252,3.910128421903275,0.3427503198225561,False
943,0.37780699663239925,0.39332874472931195,0.6364644141723101,0.10944253474239947,0.46370202594630977,0.5399369924838269,0.2730176551257463,0.377783989544036,0.062421190386175544,4.0,0.36353558582768986,False
944,0.9450895698574859,0.1357423553964067,0.23287812844229577,0.12363659409436403,0.16300629736070724,0.9856537826340757,0.43136327255291373,0.45962549465612623,0.1313786158351541,4.0,0.7671218715577042,False
945,0.22519392541124894,0.12621893495896214,0.634736202993041,0.16907525384267924,0.10579408750071288,0.8330554020891316,0.2614955458853715,0.39748327851658355,0.04597316344163713,4.0,0.365263797006959,False
946,0.47341460806589764,0.1985825952810562,0.3613382350816662,0.09347284453024494,0.19313286491036802,0.6005555341246747,0.5992098308291841,0.35840624140847643,0.07019496364324193,4.0,0.6386617649183338,False
947,0.9509261770111336,0.20977282251200274,0.3755943262063356,0.10770493869748701,0.6911149923367981,0.787898885780504,0.5606279951865107,0.39155133858743957,0.13590802342748157,4.0,0.6244056737936644,False
948,0.6649488735131003,0.4032245759642113,0.6665678191274231,0.08969908710305716,0.45433741329753463,0.9834934363465544,0.139715960019004,0.5179195343821034,0.09122567329678212,4.0,0.33343218087257687,False
949,0.7932050186752012,0.30222088468690017,0.4935950769350258,0.1118539853579607,0.5006282763654468,0.43245532514338864,0.5392140387092244,0.3370504332428096,0.11109193812951705,4.0,0.5064049230649742,False
950,0.6393861889635208,0.39004001876931726,0.3329586473436289,0.09364378259035122,0.5302934371527257,0.36092463617918896,0.06300865703459746,0.2818148835300093,0.08539015752003645,4.0,0.667041352656371,False
951,0.9479319265795364,0.08660849356693415,0.7870461350163003,0.17226847516953633,0.2358548859737043,0.2428086549950856,0.022033886612075726,0.25638123079880804,0.12465412979664729,4.0,0.21295386498369973,False
952,0.07207094613764109,0.3241753234518027,0.7553946978775976,0.061725695333551836,0.36299943879408164,0.5968190147453379,0.3999458748541228,0.39077864764080705,0.06564680837075677,4.0,0.2446053021224024,False
953,0.18203245449664784,0.32234665103705906,0.6851002346328651,0.16066193015151314,0.1336501428368213,0.3505290340294271,0.5314169900441,0.24858907555651572,0.05325226178419741,4.0,0.31489976536713493,False
954,0.37104741447108225,0.4325036732936471,0.2853794862879275,0.04345068912392244,0.37258392950746455,0.4753044348332545,0.6414073522268251,0.3334187256024303,0.10720662623328293,4.0,0.46347401732183946,False
955,0.559748453582311,0.38936161634010946,0.7099232458221363,0.09148086827534721,0.19563189893330007,0.8790234453901538,0.8752725522063671,0.4644838728630834,0.08964609847545027,4.0,0.2900767541778637,False
956,0.3625864068606698,0.3739764452680269,0.6129701876498654,0.04665096458523754,0.3108508037544964,0.39484459961395546,0.32791010146063126,0.31836711778812854,0.09488380981824568,4.0,0.38702981235013456,False
957,0.512840932446365,0.15255472572615295,0.28714546659069484,0.056891764600934605,0.34989924116681054,0.42078943547511366,0.15453946665881912,0.320721770770998,0.08723826318063377,4.0,0.6068454890766358,False
958,0.5846131059164097,0.1935514288691879,0.37344978657700617,0.19964028926494679,0.6780435103801106,0.8682388946275248,0.11370489738998568,0.40160168911604344,0.07318852304896137,4.0,0.6265502134229939,False
959,0.48011724072986617,0.10949821417228499,0.5844823520520801,0.14646022712710907,0.40892134698252947,0.7412409125477095,0.13586373583010503,0.4548609517130231,0.06132433421489524,4.0,0.4155176479479199,False
960,0.4498127378500927,0.2431067935383655,0.22140012127224903,0.14306502857688488,0.6655037265963522,0.9061022899978244,0.032605175417817156,0.392952536942948,0.05933982755243572,4.0,0.7785998787277509,True
961,0.7578515461031486,0.37912318694548447,0.7257548268012928,0.18605489353450258,0.5673919715368766,0.3525313831666432,0.7927023390371514,0.29367896963764595,0.11259590287733218,3.779743083985669,0.2742451731987072,False
962,0.1731781717434533,0.3851927295450285,0.6731316358895949,0.09640059245125088,0.10785412144393769,0.3219612596751491,0.6171087923862685,0.22700784337779195,0.05681750761722209,4.0,0.3268683641104051,False
963,0.12978470769958417,0.1626995514944511,0.47123419328190375,0.06562196928716404,0.21938568727393531,0.2976335731675849,0.18606755116802753,0.22553487228984215,0.05586425744342974,4.0,0.5287658067180963,True
964,0.3971610745662144,0.4463183604915787,0.6562124964507745,0.07541085435173558,0.47229916578614545,0.4669809789658258,0.692611010936893,0.3495409347417888,0.0801672871578855,4.0,0.3437875035492255,False
965,0.6670664459737536,0.347748579765253,0.4494892637336346,0.15977057094680994,0.1551684163501756,0.4837177753210867,0.46612762081856285,0.3205258092271347,0.09340656541502448,4.0,0.5505107362663654,False
966,0.9592063615003542,0.24975153188366378,0.4706939635807306,0.06919578795239097,0.3778860337492175,0.9010558522183469,0.626205408836558,0.501931168754313,0.1506375619113266,4.0,0.5293060364192694,False
967,0.7592662778065935,0.3752763801512987,0.5622838719175667,0.19381508892432603,0.16913034068599597,0.38855186722037116,0.21301540414192144,0.295152500361282,0.10319324332481535,4.0,0.4377161280824333,False
968,0.5782810516536844,0.21142777982784788,0.5159194394620871,0.15550522087971336,0.2279921380242701,0.30568056372421987,0.7324943441804783,0.26449474920967336,0.08294502000329583,4.0,0.48408056053791293,False
969,0.9384817982224678,0.13835341575404864,0.7370415646749244,0.14237736757414482,0.08530001729592344,0.7486412468242163,0.7754531880646074,0.4094877340291714,0.13581317415377442,4.0,0.26295843532507557,False
970,0.6254288699152495,0.08725688394405445,0.5520991839907928,0.05448969406507115,0.22190501787742384,0.9368923824093061,0.31028133567743943,0.48253356178607615,0.10401384323689401,4.0,0.44790081600920717,False
971,0.4734957074108569,0.09553327862188882,0.4656038654451106,0.19788637250627658,0.2808805910416134,0.727702135993846,0.5690656853900179,0.43015664224752437,0.0676268785483029,4.0,0.5343961345548893,False
972,0.07233418272116432,0.41856238187782674,0.5189067578359619,0.17446340004191815,0.25924001275212694,0.38817903813895244,0.3420083628862791,0.27607367038593217,0.05115151776963285,4.0,0.4810932421640382,False
973,0.20151616015542273,0.19942133225550202,0.6516851733312059,0.09793617512925337,0.2034476022714375,0.6698110125577178,0.8974195275024481,0.38630435063078605,0.056657937470774945,4.0,0.3483148266687941,False
974,0.3529338453657531,0.30534002380901476,0.717184684965694,0.050721269962562085,0.13290772554955,0.2674784265576826,0.3306006767771934,0.2198210863542823,0.08690732333159283,4.0,0.282815315034306,False
975,0.27038677182664084,0.24247672651532665,0.2795256952969526,0.07482495656987553,0.09309389276699018,0.22496599015904373,0.5266597661511061,0.15914487595401205,0.06218079136369795,4.0,0.7204743047030474,True
976,0.2987816446320437,0.2651068097608232,0.37354637434691784,0.0927344619048714,0.28453840294909244,0.7114113377066202,0.6217843344396832,0.4047683256786101,0.059088456607627696,4.0,0.626453625653082,True
977,0.5884195031418886,0.3879436853960019,0.2610909952913485,0.17586570065408347,0.22577092630646672,0.7656737488806133,0.4213699966527843,0.4139203133554141,0.08455108020664727,4.0,0.7389090047086514,False
978,0.7973170701722173,0.26440043611413,0.22738296025119717,0.167189836652417,0.6756360354014667,0.7911209614439143,0.49354420011095335,0.38184602806509027,0.10986777813939258,4.0,0.7726170397488028,False
979,0.8480015386531099,0.21651789993911164,0.6041731425141268,0.06476774228340529,0.5221945751914329,0.46815268616247324,0.3035891207413036,0.35601242889644125,0.12831831629853782,4.0,0.3958268574858732,False
980,0.29714177195858127,0.34559508023510954,0.4300888071770924,0.06915109467547911,0.12299437410094495,0.5639657994489384,0.17016386259365213,0.3167820334668946,0.06475187132071399,4.0,0.5699111928229076,True
981,0.07700520922217946,0.3172520533008135,0.2933144129585249,0.13409752523978208,0.5267568737001586,0.8900848119063831,0.6361897326334954,0.40474785542495895,0.0521278751062678,4.0,0.7066855870414751,True
982,0.29896956149148324,0.17192802169996985,0.5347898547042491,0.14778606637184805,0.293797904951737,0.3472352345809625,0.1250629271917566,0.2843568980465848,0.04824509647196703,4.0,0.4652101452957509,False
983,0.573810683986416,0.11935975398328443,0.2437408399417999,0.06625303228208966,0.6442518317957342,0.3139803259357503,0.7980071499764222,0.22364512422846694,0.09530245520825992,4.0,0.7066990110089565,False
984,0.39921754736692894,0.3437474175577394,0.3336437815596895,0.12202201531010738,0.425770897290287,0.41214049283632115,0.3382387631894308,0.3114228068859057,0.06320617511469111,4.0,0.6663562184403105,True
985,0.689234998586496,0.2772786361449912,0.7980472733869253,0.1047467875297938,0.059258167611451584,0.6611703041584833,0.8953109471224182,0.3726168653261115,0.10105541709212237,4.0,0.20195272661307473,False
986,0.46290820369517394,0.10061857672203588,0.6449441416432778,0.1940630094394476,0.6683661943530099,0.45387302193575085,0.48461664363420465,0.2960489171479701,0.06532977600780314,4.0,0.35505585835672215,False
987,0.410180283042469,0.08795901558950447,0.3109715063897869,0.03817143016058769,0.30452361172697245,0.6049700220915382,0.5608823777483611,0.37866572794561276,0.10686444669975866,4.0,0.4071619217129354,False
988,0.8679375890087662,0.060806896690790514,0.27840090150313135,0.11277111767680033,0.10785057133566335,0.9406031060078603,0.25710136740094003,0.43245037839139033,0.11406712714262064,4.0,0.7215990984968687,False
989,0.7404454136028918,0.29738085602575864,0.6864561794361772,0.03418675672551909,0.47493094278127707,0.9665410691529375,0.6632755113199035,0.5157341524093376,0.15594109100695625,4.0,0.3135438205638228,False
990,0.0013135434098471288,0.31476371001986303,0.2433607555192464,0.030296460143932086,0.42420584606117834,0.6731200667098587,0.28591046651110785,0.3522070759952408,0.1028432170188103,4.0,0.3231622415352756,False
991,0.6379802126383731,0.11914871482914298,0.4636592736672372,0.1706184993878151,0.08557470190464073,0.6508432380305416,0.19059896161506606,0.35614136936550345,0.07961785234724665,4.0,0.5363407263327629,False
992,0.20050717313555666,0.055612154179437746,0.3677859011686413,0.19776740003488372,0.47800290974887943,0.41495920188131274,0.8965590468847016,0.2891831529269282,0.05463858201986131,4.0,0.6322140988313587,True
993,0.9586428313261838,0.4247444015271825,0.48315152106473047,0.08908661344283422,0.13636878450486198,0.9336076849449164,0.9240948167217533,0.44898661065255024,0.15180703534008114,4.0,0.5168484789352695,False
994,0.3609197856854133,0.36782636060235135,0.6970452774977156,0.05943655817945574,0.17723460344881004,0.6436632300180426,0.12919740592431117,0.3840226037133847,0.07717400237093816,4.0,0.3029547225022844,False
995,0.6001490327150276,0.1371019244615394,0.28195104460696174,0.058446537408659176,0.3044449000756581,0.7072489663976615,0.10273378424493795,0.42109424731694167,0.0941280935885922,4.0,0.6234297323590313,False
996,0.8504434610375479,0.17871827539354573,0.3901767160171172,0.1186305288943234,0.3942286365156012,0.9972833107969652,0.22348729504738918,0.5170326162768545,0.11204969736307567,4.0,0.6098232839828828,False
997,0.7216371254300336,0.1264740534092123,0.5318358130866694,0.0723298540225038,0.27307809830917945,0.7284035848461412,0.44127614883188926,0.44571247167772154,0.10393898509612141,4.0,0.4681641869133306,False
998,0.12923212073228207,0.15665896394870443,0.3868820225515053,0.16913277135535093,0.256539716078402,0.8830717884683181,0.3928060412016583,0.4243937422583329,0.04523538784778823,4.0,0.6131179774484947,True
999,0.5373809101067932,0.29270885667506674,0.46354078736593846,0.03268725710390081,0.3325521634389063,0.38986000574340995,0.5477061538981474,0.3188495010784198,0.13084618686756364,4.0,0.348664075774942,False
1000,0.44031425494442145,0.37812642731284174,0.72305567067443,0.12171616209745281,0.2586186704658137,0.7288788731986273,0.2797761113179873,0.4407388201296705,0.06692686765971168,4.0,0.27694432932557,False
1001,0.19726374459068574,0.14590244292697424,0.23591633421135416,0.12060399092752984,0.6282009301646326,0.6932018099013633,0.530398127613847,0.32923146879597487,0.049486283385766605,4.0,0.7640836657886458,True
1002,0.9065288831186034,0.14083304733017282,0.6376046136492683,0.12401257903656916,0.6813991609729428,0.8436154847930191,0.3804366078027761,0.4247169578866997,0.12362892225164196,4.0,0.36239538635073165,False
1003,0.1616037818972199,0.4403888236847303,0.7291049873782578,0.192253465658565,0.16117553615567004,0.21723021191164238,0.04819953205517746,0.18654184560196788,0.04938041535977823,4.0,0.2708950126217422,False
1004,0.2412648773134467,0.299588800012628,0.34581672846537426,0.06386649521789677,0.3144566929398156,0.28700832817483857,0.1420034807890448,0.23823559297704153,0.06395556524791261,4.0,0.6541832715346257,True
1005,0.6764540749445922,0.2096900278703857,0.7045762854482411,0.13698441109435538,0.11610452796299628,0.45609230781314847,0.44859765773513127,0.3158750447611652,0.09033611934137141,4.0,0.29542371455175886,False
1006,0.551651223619819,0.3267745855921931,0.2311778601292961,0.1464024493046671,0.43695989066214336,0.4501210375028084,0.5741218078685745,0.3281269288489405,0.08065584894655398,4.0,0.768822139870704,False
1007,0.22070072211087866,0.3979440706444453,0.7830826218310145,0.14548393435837526,0.324797915472251,0.982542320702672,0.8716343587986732,0.5095915482591032,0.06317404775903412,4.0,0.21691737816898551,False
1008,0.8639147052139351,0.2775864471976545,0.48047355261422786,0.0582843131236158,0.21519339319762543,0.8831972334573053,0.9689778593751917,0.4670313346606767,0.14928467368825157,4.0,0.5195264473857721,False
1009,0.31155141694512056,0.20393736101427185,0.2584069755302012,0.16191100310082887,0.6895229925656632,0.24836605493121136,0.46370904041552674,0.167943517821534,0.05515286301612044,4.0,0.7415930244697988,True
1010,0.5404599761951862,0.08528398940744922,0.7380877436753497,0.0515362128626739,0.11946487769846104,0.3516957876208331,0.9774194699578308,0.2705105820380511,0.10844508514711929,4.0,0.2619122563246503,False
1011,0.2824439597345362,0.3579459629452467,0.4093900908043513,0.0500623805280293,0.16015817476031055,0.7583459951961069,0.7919288241054758,0.38265994766318556,0.09264145703572328,4.0,0.5339987256323125,False
1012,0.532430751139228,0.4018170206583746,0.4032981815393456,0.16079680542234992,0.48699414100743155,0.7709157300842595,0.7146007334632045,0.43612142591661546,0.0837637684793822,4.0,0.5967018184606544,False
1013,0.8627014264379698,0.12716851201593418,0.6176031916729356,0.0967875207947776,0.5761308107359019,0.7139912672388518,0.18065663044820346,0.4249825771251155,0.11270481896161574,4.0,0.38239680832706435,False
1014,0.5289239076793381,0.416979950634395,0.5795542530867291,0.1590165900341786,0.4606836045267071,0.2833810819630026,0.8558606244620305,0.2650099884075069,0.08635326592826716,4.0,0.42044574691327086,False
1015,0.7123367841159881,0.1304053111648566,0.7590169236526239,0.18876658717021103,0.613729083357138,0.5436582595431498,0.06856154436400763,0.3634957386267051,0.08760522046736048,4.0,0.24098307634737615,False
1016,0.538614933838703,0.36029418367872673,0.7717621756988711,0.12279202198059008,0.2760668847208409,0.8433260477914708,0.5100531581211935,0.4839458228460024,0.07942113941908116,4.0,0.22823782430112893,False
1017,0.18420606261073036,0.19204006676785917,0.6067974749994818,0.19340226965604265,0.6546257231913959,0.5143524779679255,0.11048055122359679,0.29939046845106954,0.04295920595214022,4.0,0.3932025250005182,False
1018,0.7501513373640051,0.32523693820890137,0.6284041458598995,0.11875033122120836,0.2532127733812898,0.47534835124937386,0.5071266626801237,0.3595213522053171,0.10481544238190847,4.0,0.37159585414010055,False
1019,0.8353137554970876,0.4485446269393583,0.5055937498235186,0.0611045291653525,0.30447133216994804,0.7571204818444179,0.4236064873050488,0.45428951267641376,0.1394361669243694,4.0,0.4944062501764815,False
1020,0.7086644723542209,0.22360184282101775,0.3108083220649929,0.08487171320662995,0.26293665061449134,0.9609035688022252,0.29074920311431374,0.4830381923018506,0.09513320873333775,4.0,0.6891916779350071,False
1021,0.08109249788430783,0.20638491362098305,0.5301617109343852,0.12188991082090644,0.05524495887583096,0.5938422617207901,0.4559613328611952,0.2940834336516606,0.046217513111661404,4.0,0.46983828906561476,False
1022,0.6198646569654394,0.22537668879254596,0.32931378166118175,0.11091185130284625,0.23829183930707937,0.6339216808668695,0.5099056806334968,0.388211738544248,0.08450939037241322,4.0,0.6706862183388183,False
1023,0.7017864661877774,0.37500459632327704,0.7009281933109122,0.19261220636654272,0.3195407438851538,0.9103159359358661,0.8568364510008947,0.5075066981036965,0.10546651915850434,4.0,0.29907180668908784,False
1024,0.9998791693924051,0.12536077901758963,0.5013307771121889,0.07844139902135475,0.31808968886003186,0.44203821644134395,0.5999772483982351,0.36049718974149914,0.14988639475777735,4.0,0.4986692228878112,False
1025,0.8785145874504398,0.3279782174380349,0.6547397917783397,0.04538605588610906,0.4652575961909499,0.8422434397257297,0.2795849898859003,0.4880007911816462,0.15671874000772137,4.0,0.34526020822166026,False
1026,0.29838565169227904,0.2442261467213333,0.6579455693710035,0.19127063479323816,0.34918058066547847,0.5662948963106926,0.44269547687843347,0.3921279393181455,0.05496653500808415,4.0,0.3420544306289965,False
1027,0.652719910392878,0.23241197098371458,0.559267898546111,0.124612933813991,0.16914285475614343,0.8550230588272374,0.7078074254736436,0.44514777675768935,0.09200210684707358,4.0,0.44073210145388897,False
1028,0.0712215422773288,0.051908177692572326,0.38724062830663397,0.041994056363852734,0.4688395361414544,0.5454205782324615,0.8726223951192058,0.32567411562617893,0.09032655656763978,4.0,0.4479366012144292,False
1029,0.7868820438451993,0.2168854614593218,0.3615099587844089,0.16493987778330566,0.4848317774338664,0.2617666484329706,0.8363523156794914,0.24890407329686307,0.11264963288496828,4.0,0.6384900412155912,False
1030,0.45772803578297805,0.4146434210501486,0.6709102311926034,0.05222098044110055,0.2844756548502203,0.4595489000741986,0.7561283216700418,0.3504446803221781,0.10457144673362165,4.0,0.3290897688073966,False
1031,0.11260725020622264,0.2774569777949533,0.37706043402564726,0.18918555299085507,0.5995086870253326,0.5862037188379206,0.624011978046318,0.3133340583789863,0.05135412894969516,4.0,0.6229395659743527,True
1032,0.7198721913668584,0.3992987695471652,0.6326571445169147,0.18460692253711405,0.3436622301737385,0.5610702411724804,0.16777738394076036,0.40510790446020095,0.09772051352997424,4.0,0.3673428554830853,False
1033,0.24734627227706352,0.3895218441956257,0.23937011512922368,0.16968643677548695,0.34290397328445554,0.783268020647268,0.5213304595215954,0.41607800054482613,0.05833152189800982,4.0,0.7606298848707763,True
1034,0.41614357022341086,0.19925532414707126,0.7189376711699591,0.18937453661712303,0.37613515915350054,0.897084116746504,0.166720771046048,0.5035309519980585,0.057660443325910436,4.0,0.2810623288300409,False
1035,0.0528350915456246,0.3368554308240981,0.41406555431993036,0.06878603549727644,0.4974186886321648,0.31975101395827893,0.42890909333381577,0.234995817966145,0.06055666092110933,4.0,0.5859344456800697,True
1036,0.04579737095125602,0.10814552255016469,0.20587326196058414,0.06346739228621037,0.33766002168817,0.41788100547696794,0.9983547584499615,0.2634807785021319,0.0687014650235558,4.0,0.6769855177195774,False
1037,0.7956951086131568,0.44522413086752505,0.22259115575851682,0.07595159326688192,0.4928509224218423,0.9020442719742159,0.8978543477866935,0.46322739377263045,0.12971154437567511,4.0,0.7774088442414832,False
1038,0.4644386699807561,0.3999118120211928,0.4085190216038451,0.13101122733658743,0.16908317120757088,0.6318505781909157,0.8496557024450104,0.36194241648705555,0.07925077906564766,4.0,0.5914809783961549,False
1039,0.9066115440115096,0.16676514915638324,0.46330027791178435,0.05581555002234642,0.5537904012200604,0.4411621777614082,0.3648414960426386,0.33055555946861465,0.14674747991114048,4.0,0.5366997220882157,False
1040,0.5285751613570681,0.26697214901003685,0.361086453913645,0.18597093550729182,0.11337461520113486,0.2604229448363176,0.4251345728649508,0.20084025036510122,0.0739285870212853,4.0,0.638913546086355,False
1041,0.40088975574443375,0.27697441846552434,0.6020550699673972,0.09257505437969324,0.4858640515042033,0.7042681533235624,0.5844761716347963,0.4275862042545673,0.065839245154046,4.0,0.3979449300326028,False
1042,0.22569962566560597,0.3399067585466332,0.6351300703465455,0.1404260971742731,0.11007837692959108,0.38173892409109744,0.5340654394986151,0.2555667215490685,0.055646425936557845,4.0,0.36486992965345455,False
1043,0.13340756948946075,0.09445114911846303,0.4551434783196812,0.10348457986221193,0.46768093678970657,0.2294912189383731,0.7854365025942448,0.19973745984790203,0.050935181151827935,4.0,0.5448565216803187,True
1044,0.9252149137524108,0.41890786167711264,0.5088034756044297,0.0725489005157717,0.33470687121434906,0.7865763454864434,0.8162915564076962,0.4687779072712464,0.15107928370157586,4.0,0.49119652439557027,False
1045,0.9738644784475189,0.1660584248837303,0.2426356923794893,0.13090762026212888,0.5175153409991834,0.7073440333881285,0.920271706981789,0.41886312753378735,0.14524349095742828,4.0,0.7573643076205108,False
1046,0.6062405872964339,0.4166536375802417,0.28576189613812375,0.09441754829580766,0.20250637730683274,0.611882711473702,0.748927427990396,0.36452701152203865,0.09355485357461767,4.0,0.7142381038618763,False
1047,0.36188201615976745,0.4097717421006684,0.27125215716029843,0.15704675156405215,0.6761431714708928,0.2166319543429701,0.7925779782036175,0.15793790541628047,0.07043726595608839,4.0,0.7287478428397016,False
1048,0.9583430324453479,0.15743272448935663,0.35320046755350243,0.060200906517323405,0.08483286027177847,0.3811886953925341,0.4017713365603479,0.2664324675966743,0.15231199976771348,4.0,0.6421430028514497,False
1049,0.5681426480397915,0.2861287590711825,0.252092177649226,0.08784294422882057,0.397656048779432,0.7762342594113265,0.0010505987916371584,0.44160756912324006,0.07354666139129623,4.0,0.747907822350774,False
1050,0.05013336070609964,0.30987806869854095,0.6143084329905603,0.10042606082054399,0.3036794940750627,0.6383388105017318,0.5694724997347216,0.3827072863255952,0.05046286589456778,4.0,0.38569156700943974,False
1051,0.2685854241048071,0.20461023066744854,0.3049733068063648,0.10089984496041934,0.14109683235148945,0.8647851264236797,0.2900341044632939,0.39108134419673307,0.049891638639566714,4.0,0.6950266931936352,True
1052,0.16803302720086644,0.35184562768611966,0.4885106402013942,0.03559294839845493,0.3116942659943902,0.24180519778683884,0.5264497191635961,0.21640899039297296,0.10247784478941903,4.0,0.3796581162501859,False
1053,0.8684613713388729,0.362823723859421,0.23200870645667637,0.1724917899765511,0.1295445683663734,0.93150037483799,0.2466493519709102,0.43021207190844646,0.1206678811150761,4.0,0.7679912935433236,False
1054,0.2815160194821401,0.3201906458088026,0.6418564667230243,0.14946972452159252,0.4413658828462033,0.29064693527069907,0.7635944846200132,0.26379516513660795,0.06148536046157245,4.0,0.3581435332769757,False
1055,0.8788676202457524,0.18851757587010026,0.4711979767127276,0.1627994770139894,0.22209747354563014,0.4395551672262774,0.16672813155112742,0.3337074504131792,0.11612484272656028,4.0,0.5288020232872723,False
1056,0.5449386846225007,0.3930258232010977,0.38559718703630974,0.14143297421578185,0.36185882152515486,0.43609769643709567,0.5379373776170432,0.33515327353396424,0.08183507810311742,4.0,0.6144028129636903,False
1057,0.4921554352498052,0.36240630221075115,0.7207436805246006,0.08498299538868075,0.6575198399454942,0.8200121545072356,0.9706487211272189,0.4156822687724117,0.08497877601963144,3.5478495894056667,0.2792563194753994,False
1058,0.564654177137562,0.3190877397899625,0.7576288306287402,0.13283957854662617,0.2754924084640403,0.7753999211209217,0.6023797787780348,0.46676764495582823,0.08227921514910248,4.0,0.2423711693712598,False
1059,0.5223197226495977,0.12360161357582485,0.41609843608256647,0.07617607965435375,0.40526468131041266,0.9794184153196817,0.563532652305716,0.5027375745451671,0.07928888831270242,4.0,0.5839015639174335,False
1060,0.6957755301038789,0.3537843210687504,0.3381168659117624,0.0809003523385673,0.6506611268270605,0.6895821731828727,0.5256485087716721,0.3655766405636187,0.1027175674025779,4.0,0.6618831340882376,False
1061,0.2822061334114432,0.09048087245598341,0.6783204322660195,0.06609980425009665,0.2630693088739159,0.5274778447890445,0.33921960861214806,0.36485359911183896,0.06317506522050371,4.0,0.32167956773398054,False
1062,0.22101357531981258,0.2940985985408719,0.467505713217452,0.08126685499879871,0.6969383154335235,0.37099802573238094,0.8227406258014334,0.22808595580698476,0.0627600720151767,4.0,0.532494286782548,True
1063,0.6801208840234242,0.357382769964831,0.7935834309682932,0.09603986406672653,0.274585571578268,0.8011078537763128,0.4680708186103095,0.47799618257015963,0.09569962022269561,4.0,0.2064165690317068,False
1064,0.352073525765755,0.3374001257730976,0.5072120760216643,0.13490057908276065,0.5957665057734162,0.547137164785013,0.9843501569305271,0.33415353168450346,0.0700572772052785,4.0,0.4927879239783357,False
1065,0.5896797108830858,0.0711777847945557,0.7538360076260899,0.03969515332948162,0.05194472999378322,0.24285145327450808,0.7680169065201634,0.201601517060362,0.12549436640833883,4.0,0.24616399237391007,False
1066,0.6880293338406553,0.06690564618745012,0.7169332652067393,0.1604935385501187,0.09424901698726265,0.2779688107166307,0.8595112017491544,0.23172547939395985,0.09652680422583845,4.0,0.2830667347932607,False
1067,0.9376210752935856,0.440319026602957,0.7995221653669344,0.033920746028820836,0.4527595136458912,0.6664848193922723,0.5376137857635547,0.4471107454272139,0.1922115160311568,3.834472790096649,0.2004778346330656,False
1068,0.7925487819258458,0.37920913743232154,0.4990590168732982,0.11581873841856141,0.5734549800037645,0.7352070919737017,0.4283510510311712,0.417222513684788,0.111920605524011,4.0,0.5009409831267018,False
1069,0.935476575103299,0.3323140414743525,0.3796074659083443,0.1732051671799631,0.5118260620942717,0.4382597434079492,0.1158957028321328,0.3332591085607736,0.1292647789082841,4.0,0.6203925340916556,False
1070,0.2505205055745736,0.15748590053381545,0.7666526465808146,0.058287253661518795,0.24635392327989947,0.26619634969023764,0.7411281168560733,0.24446398983386655,0.07589141540660645,4.0,0.23334735341918544,False
1071,0.7062554148897418,0.0577937388987706,0.7552305635822745,0.06860674623367485,0.1950099419691141,0.9614947876175051,0.785117622166418,0.49709713961071084,0.10932324720907186,4.0,0.24476943641772553,False
1072,0.8765763187424026,0.43166947946411516,0.7475841958648373,0.1249939661482296,0.4819906074581627,0.8293741408206152,0.09480030410089446,0.4835183716985847,0.12243300685123408,3.8816107161131543,0.25241580413516274,False
1073,0.3992999792200791,0.4228372050038865,0.22757485423437057,0.18555164655179315,0.3493412179598432,0.5088553873843846,0.6553216536529555,0.34278563314501254,0.0715543957931338,4.0,0.7724251457656295,False
1074,0.3546264212208773,0.27827441476593295,0.575455707220168,0.12227670979038369,0.33227865495239317,0.9683838866000511,0.4839912227597004,0.5008696599769474,0.06016619082473585,4.0,0.42454429277983197,False
1075,0.6782829717145452,0.29183866999719127,0.4688836692634573,0.18154708198329064,0.4017363247388955,0.4917780132834624,0.47469508090827517,0.37055992126898435,0.09315650086631483,4.0,0.5311163307365427,False
1076,0.5127207011839575,0.11087403121276602,0.795043208476742,0.16091942743883372,0.4897427172212051,0.3336503590370389,0.9312491009031684,0.303693188344583,0.07749186476539695,4.0,0.20495679152325796,False
1077,0.09368011518801311,0.24519382283576757,0.580310689027972,0.18961160303124117,0.2055930179133424,0.46511884236516066,0.47002759806178795,0.30080645225143304,0.04757784871961538,4.0,0.419689310972028,False
1078,0.7667751449078077,0.42285668220477696,0.20954176226670385,0.12354259479487473,0.6727075568747182,0.6324747169275229,0.0692832663123466,0.33554929177168114,0.10395287563485564,4.0,0.7904582377332962,False
1079,0.16234805666725216,0.34858871354920506,0.6213382091734019,0.19501019452719487,0.1585676509211822,0.8282678996157011,0.6968193528766345,0.40770478415048683,0.05620757521971034,4.0,0.3786617908265981,False
1080,0.7723473150409522,0.3564510213168372,0.6724269374168856,0.1953016705293609,0.09203317367298214,0.2346476806622274,0.48983510120652674,0.20346206956607976,0.10895386808843875,4.0,0.3275730625831143,False
1081,0.6601619339940119,0.2394510676709507,0.2561912627936867,0.10392448815936843,0.41802959656272826,0.7462401592285313,0.4569572484468033,0.4375438315500753,0.08903817458369725,4.0,0.7438087372063132,False
1082,0.8923970603912863,0.23905072183984266,0.7291974190882979,0.05556588864391429,0.17496223647254122,0.5004656391761193,0.12357143437506879,0.35747962167404645,0.142097503617146,4.0,0.27080258091170206,False
1083,0.8041508195204577,0.3400172304134803,0.7548547211451107,0.16918869751004648,0.23114278445281178,0.3229703639116579,0.15986286151935314,0.29237530221943486,0.10788042549033083,4.0,0.24514527885488935,False
1084,0.422090630849254,0.09712659803007698,0.484048397525176,0.19288346986610158,0.5007899895071943,0.5158325910078119,0.330126533940615,0.35423199834080527,0.05923471622052304,4.0,0.5159516024748241,True
1085,0.7123108260132617,0.12490469143047932,0.3480287442474753,0.1764616151847132,0.10347209792208875,0.7922185753825348,0.1618007067153795,0.3949585542038705,0.0890500408426523,4.0,0.6519712557525246,False
1086,0.5558769678317821,0.2855809288764256,0.3545068453657341,0.054318622413152606,0.6476165958249658,0.7232403662061111,0.5687874276963202,0.3715542484648446,0.10423226472536487,4.0,0.5793986390736279,False
1087,0.36033298160392313,0.3244545483446733,0.34096309372584055,0.1554754789323338,0.26763141712525373,0.5900961141270447,0.011997165003744925,0.36580152365236285,0.054315880119435674,4.0,0.6590369062741595,True
1088,0.6137444286099323,0.35487946788664837,0.22257800585098308,0.135248047356077,0.49220230656343716,0.8084515533487018,0.5031908970692541,0.43534983661774446,0.0875851286111053,4.0,0.7774219941490169,False
1089,0.25381543158067066,0.3262884761389223,0.24276949495581576,0.15034600194491168,0.56019942200613,0.28921743258653454,0.31961849047536117,0.2122587019593905,0.052992785433158426,4.0,0.7572305050441842,True
1090,0.40063069766413584,0.09214115426527388,0.4837444057794921,0.13637027366600687,0.15716950612711394,0.627465047654701,0.542280571733883,0.36000645065917236,0.0609191012464439,4.0,0.5162555942205078,True
1091,0.6407285653189481,0.3658562852099563,0.440332603561155,0.08463362554516711,0.07067757626394763,0.548000945569355,0.5373604347783862,0.3157502291272305,0.09464577149991207,4.0,0.559667396438845,False
1092,0.008289605427242663,0.19869864278393534,0.22848351081299453,0.1268906671630768,0.6266358783066899,0.41270163533312626,0.4252692410698282,0.2195530406353714,0.04491671408570242,4.0,0.7715164891870054,True
1093,0.12483508509448504,0.4365045656666741,0.5393894298306285,0.09017161548708638,0.57860407186934,0.21392159780484593,0.18424247985332498,0.17645956153247366,0.0515266984566236,4.0,0.46061057016937146,False
1094,0.2817106401678553,0.149469399664728,0.40230714159251857,0.1110710686166133,0.6374395010311906,0.2089197185699,0.5991776797048672,0.16339062697926812,0.05462487256893491,4.0,0.5976928584074814,True
1095,0.957028565541989,0.0718222668118897,0.4574646827961182,0.12793385112101888,0.4276835208181763,0.692277202900339,0.581657160918695,0.4476291849888618,0.1353625607499344,4.0,0.5425353172038818,False
1096,0.5285108876839221,0.09517909306916153,0.49980531242344967,0.06200731959022009,0.34582198682352655,0.9764506698957822,0.09046042146441724,0.5090191671700003,0.08217265795730722,4.0,0.5001946875765504,False
1097,0.34647698052979126,0.37384934219917704,0.2831564664330867,0.04902371747101143,0.3292481254722626,0.4080061902719324,0.9472506772070025,0.3014674813474108,0.100959814041758,4.0,0.522919653024122,False
1098,0.45719173602972074,0.3611038247211579,0.43191384133818866,0.05545962479406166,0.2997349109696838,0.6992418097109281,0.681550872923616,0.42027744368222075,0.09762344167027814,4.0,0.5680861586618113,False
1099,0.5550434456113602,0.08635672963584314,0.2657493901864621,0.1941651644291105,0.24375631622735383,0.23601762746337576,0.7815752061410856,0.21289924659680926,0.0792218720094962,4.0,0.734250609813538,False
1100,0.6490030374287861,0.32119155552797457,0.6169830965096447,0.04128692340845659,0.1736479705096299,0.21184998260965582,0.9553210971058456,0.2033357054301396,0.1386446488398911,4.0,0.38301690349035533,False
1101,0.5125215101478104,0.06504350155150816,0.5034075119729746,0.18527740233656745,0.26582734180098,0.5075566999810102,0.9075330772646824,0.35999916489490524,0.07666370295153313,4.0,0.4965924880270254,False
1102,0.42208222660317196,0.11530374984665742,0.3517099856535582,0.08528860069579108,0.43287650187290655,0.21553659809301734,0.7737766390662681,0.2096605527721876,0.06921996003146635,4.0,0.6482900143464418,False
1103,0.09483667077983193,0.1577917904455005,0.255741633527384,0.15180797069868723,0.6857649030434384,0.6097618098535409,0.8040699481377218,0.27885885426279816,0.051211649674403545,4.0,0.744258366472616,True
1104,0.006155499037929224,0.054450481201086864,0.33595384163729936,0.1357130529346192,0.6267394912493621,0.6694263978096089,0.789482800546833,0.3046407146047603,0.04895096853224803,4.0,0.6640461583627006,True
1105,0.33708328805682686,0.16213026039383385,0.2955038234200087,0.04196512690797512,0.39205168149060216,0.8377615697378131,0.2453785586745636,0.44469716509961654,0.09199105157919724,4.0,0.4476280203517346,False
1106,0.9217409193383788,0.12124990557491305,0.5307091918065535,0.10737209364955777,0.591917287670634,0.6742889831975072,0.7215645387085431,0.4041370518245666,0.131652083366514,4.0,0.4692908081934465,False
1107,0.1454005693792978,0.2797463416696697,0.646045270178484,0.04101266458410151,0.10722083676059117,0.8171189259616176,0.7206126667885642,0.38760628436642136,0.09471494856522482,4.0,0.353954729821516,False
1108,0.5225423177030782,0.055835440713389375,0.36141518911942516,0.04246037354450946,0.23571792005826486,0.7445797696559291,0.6464759262424137,0.41738470964919894,0.11226704542735791,4.0,0.4529106511414343,False
1109,0.6680717062042943,0.27595190940672204,0.23013254945987383,0.11277564028062087,0.6317517270289421,0.7712289213704635,0.8922046593903352,0.3858234128648383,0.09815339026402313,4.0,0.7698674505401262,False
1110,0.36367449828917864,0.0551596242994453,0.22029144403694925,0.03899650153181677,0.16577391761136945,0.22685266599494272,0.373584888234471,0.17637334178013486,0.0988470734333853,4.0,0.41596268300604555,False
1111,0.30505979652602455,0.35854304710178525,0.7994218135663607,0.16881735478062768,0.6871345914616592,0.9198787933821628,0.2523552185346003,0.42561014558122967,0.05585321045394205,3.320695556563223,0.20057818643363937,False
1112,0.42382137611085513,0.4224696389248451,0.6585947862802511,0.19118104141525066,0.538172806667888,0.2807989007809125,0.4767319888627881,0.24826639070940948,0.07059993258296772,3.934930596675279,0.34140521371974886,False
1113,0.2938324835669017,0.22923500531421653,0.4872171848006037,0.08720404383422953,0.09492260382277941,0.6553272074574175,0.7649773427939578,0.34041715400191236,0.06151597819046566,4.0,0.5127828151993963,True
1114,0.987209308516599,0.23851732327490882,0.6156615971049806,0.18606839250578813,0.36868239863163543,0.36327705888401074,0.5476776184919693,0.33205872276817805,0.14325612860026737,4.0,0.38433840289501947,False
1115,0.04257845946350902,0.2113851755390454,0.24371429707595307,0.1749637186827721,0.08405906929220586,0.5973876932084932,0.00468345119587521,0.27114159411236455,0.03849471138904804,4.0,0.756285702924047,True
1116,0.6284934245910407,0.3149527674468303,0.6628842982500778,0.04707400465945786,0.537503550087953,0.31965963141398435,0.07554653062548444,0.2794605769457677,0.11392029833421677,4.0,0.3371157017499222,False
1117,0.6409823456801811,0.3676728384305903,0.3975820322497891,0.14127795271213023,0.614790716673736,0.722582908854984,0.5354381013035505,0.38833365575918755,0.09194104484219383,4.0,0.6024179677502108,False
1118,0.5229505451970512,0.2691137179720424,0.7730247909831374,0.09414844591658203,0.697040776615333,0.6044999514933062,0.7304890753704323,0.34957808993674616,0.07879553385921964,3.5088979125884125,0.22697520901686266,False
1119,0.44641896826622085,0.40369211533047206,0.3403646881613498,0.10356120806898536,0.06963024737952198,0.530027765598081,0.35999253706754153,0.29328029711577236,0.06981014381516701,4.0,0.6596353118386502,False
1120,0.924285031266493,0.1603978459232013,0.39978755555288825,0.17443361086195952,0.15453563730755854,0.7406205171479592,0.8922578360028063,0.4092143836051102,0.13547381423041469,4.0,0.6002124444471117,False
1121,0.8880792421612733,0.3363876828884449,0.40648225596862947,0.1384809527868372,0.6589465149534963,0.8311665609013938,0.7262510338171723,0.4100214315804744,0.13090478453346335,4.0,0.5935177440313706,False
1122,0.487601481121527,0.28835845068475885,0.7905999493648364,0.030379805512172883,0.19908310132827628,0.9888811163022526,0.7683463072748908,0.49616635064576875,0.13303175206483667,4.0,0.20940005063516365,False
1123,0.9847879317723433,0.11599115945065482,0.5806237054376934,0.07236736747707875,0.3750445497786868,0.7239158530860312,0.43321640367475955,0.4669522044477462,0.14762465343565392,4.0,0.4193762945623067,False
1124,0.09840065760684569,0.2497215403533925,0.40045308451240363,0.1559832131122523,0.6966327239313344,0.7150983532487962,0.8591874144555475,0.32037846498876676,0.054135293149356944,4.0,0.5995469154875963,True
1125,0.65155705885081,0.09239163395850568,0.583991551760501,0.12290408763813421,0.2743423532645792,0.5473851449341658,0.05082549199948039,0.3894326192426274,0.07875544794711262,4.0,0.41600844823949906,False
1126,0.05374269463098258,0.2524009474280308,0.6538471416706757,0.13467386899976613,0.44666205480652293,0.5340762311220577,0.18139855341654287,0.35286836973842156,0.0424777643133032,4.0,0.3461528583293243,False
1127,0.6504273974185006,0.30957063593129175,0.7702225209142806,0.04776705464022101,0.05543525475259022,0.8884762744120265,0.5062402192896678,0.42702625746783884,0.12266486603997549,4.0,0.22977747908571947,False
1128,0.3760889298526464,0.22467403455280105,0.3236093261107084,0.07306450014217547,0.07325929116385402,0.4205371690697548,0.9868180008835002,0.2509703125871957,0.0770266981884607,4.0,0.6763906738892914,False
1129,0.28254740826066094,0.31830420768928314,0.32576512835893845,0.16400436806581428,0.38807823776535205,0.9275047552848925,0.7413960104894403,0.4652976440448421,0.06111711477581175,4.0,0.6742348716410616,True
1130,0.10921756863035714,0.3512584678251785,0.5435474340327621,0.13755229995767881,0.4217435977164753,0.6515706924974378,0.49762920816069467,0.3919649291183932,0.051641159138476264,4.0,0.45645256596723793,False
1131,0.6456294511153703,0.11180800529427595,0.28215754825546385,0.13953150723825586,0.2549678234311216,0.5570726027587647,0.5953868496475271,0.36568604259311654,0.0870975124471182,4.0,0.7178424517445361,False
1132,0.4449260690892247,0.12856418230042432,0.43750273573137666,0.03236338175769933,0.07527460206298943,0.9775168209329703,0.4468097349997704,0.4206505554887455,0.1172077222523365,4.0,0.3452094054154596,False
1133,0.7504568199258955,0.12506847458530929,0.2710687386807936,0.030766848544934975,0.5383449608406612,0.607656904556291,0.7732688925305657,0.3776655736721881,0.1608234685570326,4.0,0.32817971781263977,False
1134,0.7551489086784948,0.06011916441115877,0.6109040450976919,0.14260116802796557,0.42393573986192473,0.5887978596267205,0.4980594709328773,0.42021707119208473,0.10006825684758817,4.0,0.3890959549023081,False
1135,0.5472792928482346,0.10039033740336395,0.20358888628775412,0.04176316624443862,0.5234806527378972,0.38142497167520006,0.8847242536757853,0.281036316631427,0.12005928058948913,4.0,0.445473773274012,False
1136,0.4062957748920736,0.35269190857265714,0.5490054413330434,0.047773416068785754,0.33465833249252736,0.8540211057099307,0.9251749876924278,0.4742060069570187,0.10572270263547608,4.0,0.4509945586669566,False
1137,0.6900908227411457,0.053200147139171206,0.6418933985188003,0.09133069192548038,0.5805446588231372,0.7207765903985863,0.818312132023642,0.42311291446314647,0.09692981478416932,4.0,0.35810660148119966,False
1138,0.7046175288558137,0.43462344249798035,0.4537407899531904,0.08005101762448388,0.2168317747574786,0.5294053421902258,0.9381787906550912,0.3557204075564081,0.11438166244314724,4.0,0.5462592100468096,False
1139,0.15628107150284043,0.08881591964872554,0.7606797671845005,0.10321956012872233,0.6889051231861236,0.4468409081856322,0.62205376762531,0.2745217288149283,0.048863505437442493,3.9607983309217505,0.23932023281549952,False
1140,0.568476133063924,0.35308922202822185,0.21666246479871465,0.1920130625783812,0.08750888082966582,0.4874683788824026,0.7281665255115777,0.28258633182274917,0.08595000909557644,4.0,0.7833375352012854,False
1141,0.5313599733828832,0.30391047021405904,0.5332905193689121,0.1570901167350934,0.6999603634866362,0.2358077171748353,0.003781903337883419,0.18480171660741912,0.06844195930952515,3.910483747294816,0.46670948063108786,False
1142,0.8893400378163869,0.07670145370679636,0.33636180209035926,0.1704615448206725,0.05538827427313006,0.6582233913768336,0.6204912719989463,0.35111820381435993,0.12379537585169487,4.0,0.6636381979096407,False
1143,0.7070603355108529,0.29550718449448715,0.5885373754564188,0.1897990147016419,0.2759085990750138,0.9861018356074049,0.6324685178794762,0.5106761098767795,0.09974816721695416,4.0,0.41146262454358123,False
1144,0.14445674528665986,0.2510472825004692,0.3843402121810907,0.1898731023361942,0.30997755963581225,0.48936567383500107,0.829889980466602,0.321593368307748,0.05478712538652656,4.0,0.6156597878189093,True
1145,0.4369228770628908,0.4140545224905042,0.3012402833626767,0.16208159381486292,0.3008314733384526,0.6359927593611081,0.21330439384956368,0.3888396723250879,0.06703711832933583,4.0,0.6987597166373233,False
1146,0.3165686484037038,0.15841080907391594,0.23734918365162713,0.09154850680829708,0.3284724102257127,0.6866171259493876,0.9344419076642906,0.3925576281826253,0.06312226541417224,4.0,0.7626508163483728,True
1147,0.46487683877108366,0.32259155686115293,0.2136357194666847,0.10233561000045537,0.43842125148226335,0.6986851705630471,0.624676245980745,0.40629031964497975,0.07270099440514363,4.0,0.7863642805333154,False
1148,0.9830898027053764,0.3154490806723692,0.5934663919050118,0.19123412848538557,0.5036525072498551,0.8838630408968655,0.8947289254913673,0.48681732928427934,0.15035147357124898,4.0,0.4065336080949882,False
1149,0.8323951309096276,0.19624169706723066,0.7678321132664474,0.05684998449343891,0.49093754234574893,0.4719368816507597,0.7286846639892308,0.37477559999098736,0.1395442241230475,4.0,0.23216788673355263,False
1150,0.42992618783036496,0.29958185050970876,0.5965046003269939,0.1479777970882607,0.597673430834733,0.20417607206894176,0.06460844314029834,0.18697619617256164,0.0597496278021102,4.0,0.40349539967300607,False
1151,0.5337266760625486,0.37238343217722725,0.39576669413410176,0.11119282491970603,0.3738995666471846,0.6017586896330633,0.3317008961970689,0.39818324379296305,0.0764594748264671,4.0,0.6042333058658982,False
1152,0.37379969895953147,0.2473259942402785,0.3401726067496422,0.08819244425585027,0.6571844894930962,0.36457969468352047,0.01722089614801059,0.23717866020254594,0.05470434732983573,4.0,0.6598273932503577,True
1153,0.46152611494791373,0.2047057277342117,0.7384185123123701,0.134646715822817,0.4480076820362873,0.5224241780256996,0.9252165906471664,0.38838490947990756,0.07405568010996402,4.0,0.2615814876876299,False
1154,0.9588453257699148,0.39903187133263457,0.6895152885122757,0.193786944642944,0.060901801444635445,0.35968744056116364,0.1477233681841853,0.26255084450061417,0.1366677451371141,4.0,0.3104847114877243,False
1155,0.036819681557626494,0.09278100373061667,0.43564685820686994,0.05631887632864492,0.509572527140192,0.5358575459376543,0.6427098440036296,0.31514022732967956,0.06940133381265895,4.0,0.56435314179313,False
1156,0.5030025217249855,0.4202225152951517,0.6582442718391531,0.15756268377825952,0.24752331808290945,0.9144584022313111,0.5771301132043536,0.48297763782016806,0.07932631394801858,4.0,0.34175572816084687,False
1157,0.29429581489161205,0.05599579048186847,0.5694565893300823,0.18860344548862543,0.32332334848362565,0.5871894386360637,0.8991456306255234,0.3887551650675344,0.05922757564063369,4.0,0.43054341066991775,False
1158,0.6848274444237699,0.15307469036271698,0.38470827420626486,0.06895397177733797,0.6626105050579173,0.23664079473151026,0.4271666393908027,0.1927199955496769,0.10135653514309396,4.0,0.6152917257937351,False
1159,0.1145284830736012,0.26576743529640456,0.7962723560393594,0.06575496636932807,0.057415450771410984,0.7476084425748573,0.39215906063183403,0.36399932643469696,0.06106215710267996,4.0,0.20372764396064058,False
1160,0.9796171504049763,0.4011489954446999,0.7885149302809176,0.05807476653804694,0.096894027152735,0.42159889066574374,0.05030681597649245,0.3026979267373553,0.15976505802382318,4.0,0.21148506971908246,False
1161,0.07057704938340725,0.4104847649536759,0.6533212488814834,0.1653034486811683,0.5589281291076187,0.9784519231432292,0.8942381686641825,0.45067093175321093,0.05979030626084044,3.9056867815217524,0.34667875111851665,False
1162,0.5352269199893737,0.3487386039269775,0.44838560869115784,0.038562763125724084,0.5363634807787503,0.37445202246520415,0.5003198507624756,0.2896536970845273,0.12283404208881558,4.0,0.4113361400077236,False
1163,0.17561155498256897,0.4240713236373869,0.5523289372360536,0.16515885940030206,0.3103332564729328,0.22367065162897753,0.5931159545388017,0.20942095982475006,0.05800004235928903,4.0,0.4476710627639464,False
1164,0.8525027874488952,0.0612968958496591,0.45526200443028625,0.17416627908692434,0.16735912626032023,0.8773922918621408,0.22954326908171685,0.45122655109126747,0.11102001880344887,4.0,0.5447379955697138,False
1165,0.3270200186991272,0.20876643328097827,0.677877983849636,0.13261111007284254,0.6474202946509948,0.387789889908444,0.010894428215268537,0.2690307686219592,0.04883372020541634,3.9717197039349217,0.32212201615036395,False
1166,0.9441642077132585,0.39133872838864886,0.5093239227191786,0.048803770004516876,0.1709185423198274,0.5117743169638322,0.6263909779852528,0.3454952959644708,0.17222772050174834,4.0,0.4906760772808214,False
1167,0.5624131254862953,0.13377429590564993,0.7792327613436922,0.09323082085526917,0.29172456295640625,0.4229322624922951,0.8293000612000188,0.35210714343674415,0.08189090592582932,4.0,0.22076723865630776,False
1168,0.00549817013879228,0.3877641548145061,0.44222921606257537,0.13159189183957104,0.4195763483159374,0.4113355641522561,0.6982470168989335,0.2840199874260356,0.05515938404132849,4.0,0.5577707839374246,True
1169,0.3189414396901017,0.4454623264118415,0.38126017230801434,0.08984401007631565,0.2574458969991189,0.2734682869371601,0.32907753624737,0.22969050470538993,0.06281567968221397,4.0,0.6187398276919857,True
1170,0.6827475905505258,0.3024123240589547,0.7574000985684362,0.053737436875363837,0.5939351281016892,0.8259826291849093,0.12444745253395084,0.44987214328723957,0.11351379958623815,3.7901561164571116,0.24259990143156385,False
1171,0.8640457192686298,0.3553511754984219,0.73660884020269,0.05610760647098788,0.5823921851697668,0.4798570609431651,0.969778659853273,0.3474412396449885,0.15408039821699426,3.7587437596138358,0.26339115979731,False
1172,0.34318781226127903,0.13149749615546868,0.2836691036799284,0.06105522707681794,0.5874257801765673,0.6463528238417187,0.03748233477025209,0.3489273566360716,0.06677887612447286,4.0,0.6512557554860581,False
1173,0.5192882973712942,0.3440138895370134,0.25764734697164016,0.14072947472818087,0.6455569666646983,0.826443726752331,0.6085631827629688,0.38845033031149984,0.07842787827716238,4.0,0.7423526530283598,False
1174,0.20631154095761628,0.05138812385489322,0.46816901540676686,0.1545663843115067,0.36984956490066245,0.791200285248651,0.6013118419734064,0.4350876086642058,0.050027382133141285,4.0,0.5318309845932332,True
1175,0.4595168124437222,0.08401551801858105,0.3834702498428014,0.11705372520861967,0.06447550029422433,0.4611883785814165,0.4840404894333039,0.2731925158948352,0.06485391795237277,4.0,0.6165297501571986,True
1176,0.6482334020314755,0.17297929686898134,0.5209187859371689,0.053123216539958926,0.23977514668411043,0.4193417113594972,0.8457861248695877,0.32539497589547833,0.11824702033540906,4.0,0.47908121406283116,False
1177,0.8014173918184715,0.3767921014381606,0.21761801513436888,0.03758942415407774,0.5065433721568204,0.31739452587271155,0.3076925592526577,0.2656171947163781,0.15701274390250752,4.0,0.4009538576434959,False
1178,0.9913948270300362,0.058770855809560235,0.4754294098298128,0.17514813683338112,0.059123987991189675,0.4866880563122328,0.2789577156456503,0.3092445641460978,0.13689034665002717,4.0,0.5245705901701871,False
1179,0.601544610050949,0.07186155052821293,0.5265719392649835,0.05757288268430142,0.0686606902758608,0.4022779301067244,0.05017333493038645,0.2690399612708268,0.09358464429154437,4.0,0.47342806073501653,False
1180,0.08429362732535095,0.4464885723259791,0.30609060443691627,0.1234640973902791,0.6347361717102683,0.9615036511537678,0.6031260151195109,0.38792499569787386,0.05685845875448266,4.0,0.6939093955630837,True
1181,0.23943429120160442,0.18871541302697986,0.6880674936928421,0.1374599931911038,0.5141886228344457,0.7087806302121835,0.7247753065399406,0.41739504623942164,0.05521042882860242,4.0,0.31193250630715785,False
1182,0.32914831069135564,0.2231093753084934,0.3147962640899342,0.17625768610440518,0.05693160491523067,0.3308006119838067,0.5721946793303356,0.20763732402202398,0.05845518057389321,4.0,0.6852037359100658,True
1183,0.06837929235442175,0.19014739180604118,0.4357023933908234,0.12635051320510526,0.15369966255809664,0.6475104473017605,0.31862421609811487,0.3284235850663541,0.043453613212370505,4.0,0.5642976066091766,True
1184,0.03460442689889165,0.33001805768036535,0.687070439228918,0.050700291118583624,0.34877137744360986,0.5908161693649073,0.4162176901157858,0.3774875479180221,0.07706703283611162,4.0,0.312929560771082,False
1185,0.073257986060557,0.2482559318636104,0.2978538190545978,0.15202204398679586,0.6165713345812771,0.6939709118859838,0.4592025523985568,0.32581510535839625,0.04714622651416018,4.0,0.7021461809454022,True
1186,0.16559511114247438,0.12034680220217316,0.44457245791005645,0.1724668660424926,0.6360256464343521,0.3768036084561064,0.817173738050685,0.23794971129768053,0.05268616330741569,4.0,0.5554275420899435,True
1187,0.042073672852585786,0.12714684137266652,0.6722256920892595,0.11382695824575978,0.6233767233105187,0.2784769284532244,0.09074801643879482,0.20195578880093934,0.03840580217371421,4.0,0.32777430791074047,False
1188,0.4322221062875473,0.3382874816058973,0.49872713862878937,0.13936031077258682,0.6946223041579894,0.809415456055588,0.4397500984388313,0.38227119653700614,0.0673557612585754,3.9526462064245274,0.5012728613712106,False
1189,0.7162341050806041,0.13933355324197305,0.5981736355601772,0.10426515791760327,0.6997607824096739,0.7883862395844401,0.5113896311575525,0.39807510985487454,0.0955037804057457,4.0,0.4018263644398228,False
1190,0.42470998478492017,0.12108132451538683,0.7813592961923925,0.09524014485639415,0.6615004017735219,0.6189471855910635,0.34985780315030146,0.3624641862922936,0.060313213813611356,3.941407590518854,0.21864070380760747,False
1191,0.4355736403934517,0.3420334051066166,0.56373230442599,0.16075818935560557,0.22999294644403995,0.707073183663766,0.03563646702396184,0.41478083906707586,0.061177998444054575,4.0,0.43626769557401,False
1192,0.2436496607338836,0.0656875309614256,0.26881854890453044,0.11558564442517694,0.3631814205301051,0.6461822268048755,0.5774138162211361,0.3766640789555601,0.051370031685365594,4.0,0.7311814510954695,True
1193,0.42158911383531517,0.18914113527793947,0.6083747718858254,0.07136403476767246,0.6286953687430047,0.6780411704109688,0.5446857013765618,0.3776313608048248,0.07370725803615245,4.0,0.39162522811417455,False
1194,0.7543254477207644,0.18890703456467028,0.7649994591837406,0.1603757415636397,0.4101786367718961,0.9101276496297768,0.4057018659297259,0.5203850222241078,0.10011417547518725,4.0,0.23500054081625943,False
1195,0.7600270436199724,0.2551790921130564,0.5199880530254406,0.11578896228125087,0.47151579562625545,0.5509085018361957,0.31234639039934975,0.39088073885407326,0.10097312730656355,4.0,0.4800119469745594,False
1196,0.9695775987233348,0.12155248053808601,0.7891440456218002,0.17164159895935216,0.3839701721869678,0.7863329255515563,0.40913551635501777,0.4963206918564612,0.13541664383624552,4.0,0.21085595437819982,False
1197,0.924124291298076,0.3391713878956325,0.7527214006334846,0.11388094726455288,0.21616208010607635,0.3562321880258435,0.03365045255311527,0.30744992073953614,0.12609558308216592,4.0,0.24727859936651542,False
1198,0.7707872501207554,0.09293873432564662,0.701078167847702,0.06647977180149775,0.09548852196243814,0.9257813340298218,0.4628571350590114,0.4512333818024658,0.1152968472698941,4.0,0.29892183215229795,False
1199,0.2742042746470964,0.16054865745425442,0.2849770260664498,0.10549181932846372,0.12451900782735731,0.6369248487348045,0.3165330533198182,0.324573029722094,0.049782477401456554,4.0,0.7150229739335502,True
1200,0.33599431467492413,0.20507533505625758,0.40943547148445175,0.1888686351409758,0.2789801788954206,0.6296863510896547,0.5685888406346385,0.3851580264067736,0.05843894890057496,4.0,0.5905645285155483,True
1201,0.6458624290136835,0.20340375940819672,0.5045752494292224,0.1012924682906853,0.12015567274722179,0.6745634654290433,0.9297051396223772,0.3764727999715243,0.09409144484745482,4.0,0.4954247505707776,False
1202,0.027930486709692448,0.23574876216470475,0.2719400231173567,0.05973262801954315,0.35938817385170374,0.3476067974587993,0.7857027527142343,0.2428011846076199,0.07076422670482542,4.0,0.6371480322084604,False
1203,0.5384076544069526,0.14553288615752696,0.5232490440684863,0.18607664325550485,0.6269226755976565,0.5928051812133559,0.6910187150966599,0.352713837742936,0.07667920800884526,4.0,0.47675095593151373,False
1204,0.7166253123367647,0.4473430020145985,0.6561643534751509,0.03468037129902933,0.5327099962952635,0.960050767018114,0.37140877051534815,0.4924085415405981,0.15285080766160763,3.910987274352155,0.3438356465248491,False
1205,0.37955213771194785,0.1444296643357708,0.2448435601061092,0.1726064534973414,0.5980973387252695,0.8165282797464821,0.8362305293214827,0.3909294731350811,0.06475238300148527,4.0,0.7551564398938909,True
1206,0.21079142090362402,0.35638121481085366,0.687653151586011,0.04237908850903187,0.2860260622407595,0.8708475197508458,0.8337366671683608,0.46793058535651016,0.09951588520330688,4.0,0.31234684841398896,False
1207,0.12598038320202443,0.3479831046648514,0.6123168989277834,0.1641019522366397,0.448141131648915,0.5759362330219928,0.4451530616193282,0.3719016875867017,0.05105114979679307,4.0,0.3876831010722166,False
1208,0.6155109764604226,0.06964011818258316,0.5934808043559279,0.16529848062095384,0.41610741690964836,0.31471343821622233,0.048696186696686516,0.29596623209133843,0.07405550115829397,4.0,0.40651919564407213,False
1209,0.29827218707762937,0.3134906922607513,0.39921980592974027,0.08982322741703412,0.5259992314555488,0.6824594280054361,0.42017546730135635,0.3858945452796888,0.05782698015117058,4.0,0.6007801940702597,True
1210,0.21332878365704144,0.36440596253676405,0.391350930918409,0.06459391742440439,0.3082661169468208,0.625828559488647,0.8557443445563542,0.37696676745925883,0.07599741864246012,4.0,0.608649069081591,False
1211,0.6605324543580907,0.435402294646883,0.6545421821723924,0.11401613441037883,0.28167366376414,0.9358760074595847,0.3670254873954678,0.5008012397997021,0.09452487546183665,4.0,0.3454578178276076,False
1212,0.7079850473098777,0.07162240596066752,0.5416901949458108,0.1649463862782203,0.5938918678088857,0.5466788826577018,0.8616557442756634,0.35763969710904364,0.09932405934657033,4.0,0.4583098050541892,False
1213,0.046489171006209196,0.41157467054815455,0.26979236516050337,0.11723228151620531,0.2785985388926262,0.8387886239612623,0.1380312961619955,0.3987062296767181,0.04721863542489249,4.0,0.7302076348394966,True
1214,0.755674008669892,0.10137199529125032,0.3507634581720164,0.1001075414872291,0.12092217690294256,0.2056374466993666,0.5767408378336749,0.18089985254894567,0.10177807642124181,4.0,0.6492365418279836,False
1215,0.36903832382862556,0.10293314600120232,0.5068443090027726,0.06068144370227166,0.6882241088884821,0.6706208118883463,0.8026382690176155,0.3450598624704319,0.08106428182545296,4.0,0.49315569099722745,False
1216,0.7366523995152464,0.3129371925975601,0.34935598517643907,0.10413999154757786,0.31055806095191074,0.8534969445104044,0.17645504753388574,0.4706662464745735,0.09704302963766281,4.0,0.6506440148235609,False
1217,0.3317396588633138,0.36968978103708006,0.7375402882621769,0.16288312700238985,0.11938737071306496,0.7769072825484469,0.4436962269739617,0.4032042299243268,0.06106388572034665,4.0,0.2624597117378231,False
1218,0.29936223595949407,0.22658892385373458,0.4136523717052334,0.07457676997928411,0.06620191778030803,0.5201651437710573,0.5621600545507246,0.28516985979696924,0.06413521829254512,4.0,0.5863476282947666,True
1219,0.7165890382611491,0.1777122844245128,0.20313910599898544,0.06633514468464796,0.36566487800360575,0.2936899943622677,0.795548369994201,0.26488939962029157,0.11414504049407087,4.0,0.707574876636245,False
1220,0.6890903598431278,0.43748221116913044,0.2985301672335216,0.04732131139462546,0.5286661119228216,0.7520230782843593,0.34966718080480585,0.4180960809719633,0.13072135756131023,4.0,0.504760654876005,False
1221,0.9011852933272873,0.12019449275878435,0.33425159924283887,0.03600530907656825,0.12460984186109497,0.9937954326232115,0.9390475165101511,0.4538637455191271,0.17964453570445393,4.0,0.38405663015006136,False
1222,0.6650264923425834,0.3566686053576599,0.39206227959028,0.040077091688861456,0.6385719730327754,0.2245173314012904,0.640791838124541,0.18897034378565938,0.13851569261530558,4.0,0.4274889780145222,False
1223,0.8087574222855417,0.43295910240313146,0.7219695575151135,0.17826762224521345,0.6586673054684452,0.9394269137432216,0.6605480195992145,0.4500836235262877,0.12053207521141,3.4161967583862,0.2780304424848865,False
1224,0.27188881426834033,0.2471222455253153,0.33030866333731956,0.13815572126221687,0.1378754137511658,0.30420198752270067,0.4205766452820311,0.21146774676750657,0.05320010628868874,4.0,0.6696913366626803,True
1225,0.4703223531524603,0.44964436281391784,0.42048908730710116,0.1991137961694968,0.5122741709647736,0.6863232916116098,0.02747603593113168,0.4030461005647857,0.06857696030138771,4.0,0.5795109126928988,False
1226,0.18814089660302002,0.30901687339424966,0.4526997952485372,0.03402980838004867,0.5167940256153161,0.2977099486770809,0.6433671966641658,0.2354960554519635,0.10600408667708795,4.0,0.3629846227205191,False
1227,0.6429834113975353,0.3156987694708271,0.7887766673647161,0.09624107349370196,0.6960317277339422,0.48104831867809933,0.507766490684345,0.31221458371327476,0.09005202953822758,3.3932546915177255,0.21122333263528392,False
1228,0.5808812522012143,0.2923598349906384,0.3609015733463522,0.03320426233400288,0.6774536774569712,0.505370820998212,0.2626923235726595,0.2980845125636715,0.13013262374790247,4.0,0.3541787982293641,False
1229,0.407340572545311,0.07796882997947702,0.7348679644273515,0.03484040591293523,0.3288297131376885,0.6696603133549679,0.12595857155675616,0.4393743829039352,0.10442282182682533,4.0,0.26513203557264853,False
1230,0.8893570946533038,0.11166748202901983,0.6294103340379105,0.0819011414177232,0.2109578204521944,0.7850904452483338,0.2850375577768961,0.45488657716571224,0.12251667302972767,4.0,0.37058966596208953,False
1231,0.06460208986643723,0.36164476150293384,0.4691564566828113,0.1860330087034477,0.16719809516018524,0.3954402887015273,0.32776140054054803,0.25126600106751523,0.048495969819427685,4.0,0.5308435433171887,True
1232,0.7141042785418921,0.26501251517400143,0.3398868800889609,0.16452798639962124,0.6154786859729195,0.44099010711690956,0.6344704181575332,0.29724548617353536,0.09986842874302437,4.0,0.660113119911039,False
1233,0.7128738622864543,0.30935190873908225,0.7217925935784211,0.061719284213882085,0.12461006584140652,0.9261311611447098,0.4128930209837862,0.457084380720236,0.11463076338529196,4.0,0.27820740642157893,False
1234,0.9184228864327773,0.3376236126703175,0.3023002210657775,0.12824183731849037,0.3343905044611389,0.6920036737308874,0.976905127186765,0.4317329624983838,0.14040732095631264,4.0,0.6976997789342224,False
1235,0.3716991050739734,0.13400739711618628,0.7790526779716196,0.05045138783726077,0.05811811587805955,0.4301198626899053,0.11543489355515468,0.2814755635358805,0.08110911097800982,4.0,0.22094732202838044,False
1236,0.7179779798862482,0.42224737403994944,0.7372894573915352,0.18342358505002349,0.3693025951553724,0.5728962558167565,0.5747401980588125,0.4164433297550331,0.10508066001528729,4.0,0.2627105426084648,False
1237,0.5418544510468946,0.10267635130351645,0.5320357929463866,0.03682128570244537,0.49322401985968595,0.5331246887400064,0.3300198150940883,0.3734740718886159,0.11750247497512581,4.0,0.392760380826084,False
1238,0.9752587215929571,0.08105198055871923,0.5779367364874903,0.1078555954152341,0.31549830351362135,0.34063903725351885,0.47446623824451395,0.3173883494670975,0.13713635941688243,4.0,0.42206326351250967,False
1239,0.31047697981172784,0.1223513366137889,0.5259407485853029,0.0830772230299123,0.40047812684873574,0.6235295740633635,0.6205175115486545,0.4020623080138558,0.059621755154880204,4.0,0.4740592514146971,False
1240,0.8587225354692204,0.3385245348125193,0.7938780041235625,0.10190767693463207,0.318798469439057,0.36905441190649757,0.9887197737491747,0.3358499644594815,0.13024216455598295,4.0,0.20612199587643754,False
1241,0.6470662838909187,0.14184788354937117,0.7343242393887264,0.188574402337008,0.34170188117348915,0.9288276048355841,0.7100101107392606,0.5204404154432687,0.08954817886118198,4.0,0.2656757606112736,False
1242,0.6680381453115706,0.3755475537825376,0.45410369115945337,0.0932893037318421,0.27913456112763335,0.43819658469367095,0.8554614910951893,0.33590172695280246,0.10146741997724223,4.0,0.5458963088405466,False
1243,0.26845678240487203,0.28221890775349556,0.3499113506510861,0.09434674848452738,0.07125423649771047,0.5932693452613093,0.9711932055174362,0.30199073711045055,0.0633511770809279,4.0,0.650088649348914,True
1244,0.7360581541190565,0.19821993628675239,0.6052061025163901,0.14542778491624356,0.3236411868789277,0.30466593889370536,0.6847632022537576,0.29241456208030303,0.10219101183308583,4.0,0.39479389748360993,False
1245,0.4452687338957343,0.09893387666170189,0.46420729969652624,0.14510919634750488,0.09971061807269899,0.40660749943202934,0.12661102568964688,0.2664416261321849,0.057900295905128796,4.0,0.5357927003034737,True
1246,0.32656803692245384,0.09899565370994493,0.5005981431809661,0.10529109863123898,0.2097254077472293,0.36700943916103895,0.4583994312116101,0.2746900936812718,0.05434423440060018,4.0,0.49940185681903393,False
1247,0.22641498391384507,0.18752035721992955,0.742025605832997,0.16857270120191944,0.6288849990141397,0.5792211399161911,0.9593553422752552,0.3436068660731213,0.0584216722009871,3.9605823738688257,0.25797439416700296,False
1248,0.05972309583979529,0.11139671830973544,0.5643083071982966,0.09083786585997597,0.5587348125905249,0.2628297238663444,0.5048920911076848,0.2030352071623823,0.04613137653590167,4.0,0.4356916928017034,False
1249,0.316769731769324,0.07622391344494545,0.7856785962162272,0.19131587772015485,0.5303919915124101,0.8194549766686892,0.8006873097914305,0.45808193124458774,0.05910514063344041,4.0,0.21432140378377285,False
1250,0.990838407890911,0.11466170733001535,0.6273361429768971,0.14292609160692138,0.4517358569210286,0.3126016744218092,0.3244631484994345,0.30384126460697625,0.13803131145985634,4.0,0.3726638570231029,False
1251,0.3966853790200833,0.08550811598905547,0.5310691403048198,0.18508804511702717,0.11307716266499292,0.9735875641975327,0.10380093610438612,0.4373360778300811,0.053392927002285845,4.0,0.4689308596951802,False
1252,0.2020501370532245,0.3046530945219067,0.4873342706913195,0.1641394056411328,0.3056600532786629,0.46449825936715183,0.4576949107320383,0.3264837700528558,0.0522225188624096,4.0,0.5126657293086805,True
1253,0.33464735159943015,0.31196505565759736,0.3888323005193095,0.08627025833851212,0.1880752128255429,0.500280083593285,0.7074741770234134,0.3149708376605953,0.06571895375390163,4.0,0.6111676994806905,True
1254,0.5539888809421896,0.3853238343521829,0.36608291344672317,0.19994651455934645,0.4111315460196165,0.4109032801758361,0.18902012361198683,0.3227757617674815,0.07680112056530126,4.0,0.6339170865532768,False
1255,0.939591771560742,0.41867530609230735,0.5314133129094597,0.13409412062302242,0.30923407172541534,0.9841253568478288,0.8401602383329757,0.5131993366192932,0.1452287386861894,4.0,0.4685866870905403,False
1256,0.9099011186080398,0.14765992053030325,0.3327230437294808,0.048358956665111634,0.1351690462004541,0.5609279093458663,0.03127263619112952,0.34503252500990267,0.14997134555454122,4.0,0.5158288710945241,False
1257,0.6815776739086952,0.3556151632733325,0.7750014052823957,0.12979491673880192,0.44642960332076287,0.3293855383871298,0.17219638651613012,0.3095659585461965,0.0908146932193417,4.0,0.22499859471760433,False
1258,0.42677343811111157,0.36529129580451114,0.4114378320645501,0.10644893009138769,0.06398261687727581,0.5821482286892319,0.6505495844486568,0.3124810968734656,0.07133025573440026,4.0,0.5885621679354499,False
1259,0.8487632009650085,0.06650675008506393,0.4378641044642782,0.11343604365304392,0.15510098850692092,0.8163587181690666,0.024093067388079925,0.4307881356839405,0.10707854704752057,4.0,0.5621358955357219,False
1260,0.9735754663624089,0.13603523426378686,0.3125596897000792,0.16250591026631606,0.43874202719805044,0.9116787389994456,0.1501909116433574,0.492466038867688,0.13214591069042617,4.0,0.6874403102999208,False
1261,0.74530802590267,0.4392845325477072,0.6683675738943062,0.10255622064812947,0.547435974352489,0.9956136415030217,0.02456315734649217,0.496870913691681,0.10078394561070238,3.8524465119940867,0.3316324261056937,False
1262,0.8881610174404502,0.1401493230760461,0.38784774314098003,0.131914367227712,0.4233983959002289,0.5576192355957357,0.31483056560826317,0.39733250309879903,0.11931994516864612,4.0,0.61215225685902,False
1263,0.6691219331516528,0.17206600351820261,0.7293066681879234,0.15448485285025992,0.4245371345958936,0.3159904315231978,0.1823065055192019,0.3051632942714621,0.0842735667182457,4.0,0.27069333181207655,False
1264,0.6269938450103596,0.2795786203323363,0.7186472575014842,0.19251344274879517,0.4574115106505267,0.46489686729062785,0.7982613166398285,0.36832204082777953,0.09151570291465463,4.0,0.28135274249851583,False
1265,0.9025440106600471,0.412367006939543,0.5868670802685915,0.09221219209033713,0.4040623737391237,0.6560386241601234,0.8321224821657844,0.43787671281583346,0.1388531653503371,4.0,0.41313291973140853,False
1266,0.21224449403271506,0.12472399188604602,0.35220981508868143,0.09960940200330984,0.13746616988206212,0.9813332514717292,0.5409523221191096,0.4132062792147927,0.04996175461525948,4.0,0.6477901849113186,True
1267,0.5510483450757957,0.13952862739703803,0.34658149724590415,0.05537971496601564,0.1282105541112634,0.7247749516335897,0.4602140441306217,0.3771863766708886,0.09756801855019245,4.0,0.5907169596375003,False
1268,0.9843443067249633,0.0998146580227334,0.2573316918305113,0.10598537025008696,0.2366056005850557,0.8389592053621675,0.7919229380089647,0.4538972502752808,0.14423844792004886,4.0,0.7426683081694887,False
1269,0.6713916680077829,0.3808343829674767,0.6207321196251163,0.13609620038920878,0.535358148794371,0.3892373664407197,0.8878762873685141,0.3116521954230305,0.1021159967335618,4.0,0.3792678803748837,False
1270,0.8216713847131473,0.08216825909441239,0.5529392537735054,0.1336270767561557,0.30664391798597956,0.8883373079502106,0.9182969471729446,0.4989235395058026,0.11736303008942658,4.0,0.4470607462264946,False
1271,0.9902749121500005,0.18254761873237174,0.29091761518236675,0.08781069874733655,0.171367899805556,0.5854250819275877,0.9554190312432902,0.3636967320972128,0.15101982839038147,4.0,0.7090823848176333,False
1272,0.9260566975366735,0.1510685604224164,0.27661461848065444,0.15206909058876655,0.4002510304772284,0.3544766670707067,0.5828589259600431,0.3087863303941476,0.1305932687944879,4.0,0.7233853815193456,False
1273,0.5874805275281315,0.4157553105160239,0.5638665432728796,0.031107752264399675,0.23782445227806448,0.6509544588771372,0.5276936113097275,0.40584681285163715,0.1431194092315925,4.0,0.33181602415359657,False
1274,0.20692937356414343,0.3310638454053981,0.41261173291629705,0.05188694429981327,0.2346333241557702,0.5288339623184727,0.31056547007379054,0.32967742108058046,0.07809634525562834,4.0,0.5534607391980083,False
1275,0.6333440854733454,0.3919784007327253,0.30233663921481,0.12070901889194974,0.32661699450157483,0.31407327112674005,0.06327120266390651,0.2737708128100487,0.08424577561116318,4.0,0.6976633607851899,False
1276,0.5031672768471877,0.42647821183024076,0.59296624096821,0.11753670021664643,0.11896424170409342,0.6839078072408225,0.9522992685699259,0.3751158375558906,0.0857424544040211,4.0,0.40703375903178995,False
1277,0.2307918962622294,0.3834668448732467,0.4481843694849639,0.034401368517499725,0.1749186586120549,0.3246085944328564,0.02116891276931354,0.23538921250418607,0.09971691588154033,4.0,0.36694793085333044,False
1278,0.28915700894943364,0.3796948450763781,0.2409861800769367,0.13363925263399,0.22392830596898,0.5230072849138203,0.8968141086958653,0.3176990241819975,0.06626180919936263,4.0,0.7590138199230634,True
1279,0.2671346578966669,0.35328573393073814,0.5993216872019768,0.12704331005730568,0.2759979936221906,0.8079575330726072,0.9430045609974494,0.4466152678254104,0.0648049941511845,4.0,0.40067831279802324,False
1280,0.04653197499357786,0.14468974595292194,0.39090443034303113,0.043350744723517076,0.4964045312086028,0.549540553733507,0.844587819906639,0.32084493659554936,0.08870902642972173,4.0,0.4624079437175155,False
1281,0.7224500841525117,0.11829933706803258,0.23842005269996286,0.07463916947699292,0.26654011793963195,0.20305164945963547,0.2917421526925582,0.2023660267588778,0.1000697121251282,4.0,0.7615799473000371,False
1282,0.2248714415710844,0.4039500379670477,0.6600156086907322,0.05631250838076522,0.39802404632084426,0.9383687280639961,0.2632786833514392,0.49271718974586437,0.07610702261421806,4.0,0.3399843913092678,False
1283,0.7545810940786618,0.22575882127806013,0.6607638120111663,0.07589772524761602,0.19203777026075924,0.3176191715068273,0.17444440692675012,0.2756962145450007,0.10400223116510604,4.0,0.3392361879888337,False
1284,0.7262207801433884,0.3247225143040283,0.5208376077515056,0.0810066347735531,0.37998091883060225,0.6663125190008357,0.7751931013036346,0.4363199678980639,0.10995263055035849,4.0,0.47916239224849444,False
1285,0.35265444577420446,0.21860475131133944,0.621677673887485,0.0893641857977561,0.07363389194479977,0.58814133691301,0.25684966958676314,0.3286503216525125,0.05610317298898177,4.0,0.37832232611251504,False
1286,0.23975479733276417,0.24574731477116885,0.568647590750295,0.18923209551313797,0.4485829512229156,0.5129244023973913,0.3385061528482436,0.3562821096909258,0.050215159110560355,4.0,0.43135240924970497,False
1287,0.9326021817202281,0.3724394299162336,0.4103069243782759,0.0682297067647122,0.2149471099698287,0.7704015513169842,0.8459168122620104,0.43339963685129423,0.153992085948361,4.0,0.5896930756217241,False
1288,0.6689360571176692,0.3302443209315966,0.36064690135238486,0.12463866723844598,0.6054972663975549,0.9084796306434799,0.2713281452192218,0.43709106299543593,0.08985194599106713,4.0,0.6393530986476151,False
1289,0.19729882414681188,0.12630999029840956,0.33427137856770595,0.1492635044292735,0.3975684629650705,0.4261030506226964,0.3374325820949716,0.3006878394116968,0.04605962988373616,4.0,0.665728621432294,True
1290,0.3432238117237295,0.26981911338823455,0.23152121533537953,0.14112013150002536,0.5087378787474629,0.5097588096732665,0.871291858378793,0.3235868675929796,0.06546617541431785,4.0,0.7684787846646205,True
1291,0.7150610222394198,0.3442539347169707,0.35561615417176196,0.03712519340128527,0.2142302810946754,0.8172602915313394,0.5473732112568657,0.4367573692228128,0.14755834687390992,4.0,0.3960020629470429,False
1292,0.05269313208181048,0.44326595944561187,0.36790756137968345,0.14439892475510507,0.6854496031683188,0.39120615805020187,0.24326679095662584,0.21739265589011245,0.05041139656509013,4.0,0.6320924386203166,True
1293,0.05378048333045027,0.3087050782320019,0.2942956797198287,0.05642336406425039,0.559982568776548,0.3487612102150578,0.6448712468635186,0.22477693175087682,0.07400765162954452,4.0,0.6018492166853376,False
1294,0.19025652810005855,0.13872985631294654,0.5859955219133645,0.1516697390463934,0.15030319819587956,0.8193705988858735,0.5794831827021887,0.4017549014599902,0.04991487342315432,4.0,0.4140044780866356,False
1295,0.025221781328802928,0.42399619120829646,0.23408506965722575,0.19200138884810786,0.18913449000437715,0.7711125219015813,0.5032293500167003,0.3500824555583572,0.053571892728790156,4.0,0.7659149303427742,True
1296,0.20432473575028098,0.4442748468454398,0.6623640344298698,0.030471792924633468,0.6858150227025841,0.32151771420130704,0.4745788495599301,0.21970369574739376,0.1148581117078548,3.4372036561631636,0.32503245786275703,False
1297,0.47634635692184824,0.11264336983036359,0.4077118537297877,0.06524589009118198,0.45215992881975386,0.3816193448591416,0.6403791158428906,0.305636860548418,0.08343587720875252,4.0,0.5922881462702123,False
1298,0.2913105248058674,0.29325404327788956,0.3440938426748794,0.15371515375320866,0.5199540243554018,0.2977983760736425,0.7427771317674634,0.23525984615246961,0.06083199693297895,4.0,0.6559061573251205,True
1299,0.3609880527187306,0.28292841045988865,0.33330300152492576,0.1965929970962878,0.07566312455001417,0.6991597077485827,0.9046938345731376,0.33948495318074834,0.06761485452133016,4.0,0.6666969984750742,False
1300,0.8921275604736165,0.2539121141972474,0.3636484877943938,0.15219415456768914,0.20741890334612645,0.8005580086324116,0.48417256035368483,0.4377843029050621,0.1251167359354841,4.0,0.6363515122056063,False
1301,0.30705456651866847,0.31656398259216695,0.27022576907399326,0.09722872930190724,0.5089553004361377,0.26080136098049894,0.11354940861795604,0.21402647449289447,0.05231736453620663,4.0,0.7297742309260067,True
1302,0.9923564329076866,0.29946861568902916,0.6922029817940185,0.18331188898490292,0.39951807733870703,0.293059727671586,0.3614350277411641,0.29670943152586265,0.1429268099930642,4.0,0.3077970182059815,False
1303,0.1762957477893662,0.26823601837020766,0.5534473419289282,0.06533008779501415,0.11305776665054987,0.25531038984865906,0.5749918654614816,0.18880006366837151,0.06621829494320923,4.0,0.44655265807107186,False
1304,0.34201538904896656,0.1984913452377151,0.7463142122108282,0.17436818477513683,0.07034521238549948,0.662613745337982,0.4907538161182098,0.3588972483521229,0.05742957764735167,4.0,0.25368578778917183,False
1305,0.1784137037353155,0.26835247197670337,0.5502796374682251,0.08384767034688059,0.17928331402815711,0.2849294651957478,0.8252993381302146,0.21989671490689325,0.059321206258064474,4.0,0.449720362531775,False
1306,0.40079623341682946,0.3024146840836007,0.5110682246825613,0.13424155980581542,0.22540038950875546,0.22872543363002507,0.5310520782091075,0.21047886172332309,0.06508193406474833,4.0,0.4889317753174387,False
1307,0.8158743652004534,0.23166399223310624,0.6083955951753713,0.11484067999823197,0.5459466391732528,0.6801481020943123,0.4518225203865507,0.42134480531642754,0.11127029014573951,4.0,0.39160440482462866,False
1308,0.4303810162562466,0.2965582755343435,0.25960989708735,0.10112002951587777,0.2664215068683133,0.4996566597189891,0.4786873253468027,0.3324570773334169,0.06645213430864368,4.0,0.7403901029126501,True
1309,0.6131495520962135,0.37772620984350425,0.5091512128200029,0.1524379328512685,0.41292771296625047,0.2930924417716632,0.8520254404364317,0.2754631695874874,0.09408128770615072,4.0,0.49084878717999714,False
1310,0.25267293052516093,0.17379623082795073,0.3579986186364127,0.14576301664039545,0.22692188523253687,0.7021220121834142,0.5120967047858743,0.3808060300716137,0.0520947405381161,4.0,0.6420013813635873,True
1311,0.17078937817276052,0.20452920113257694,0.6617865858445576,0.1881816625531648,0.31219365376434216,0.2999083418330979,0.3970738623813489,0.26166821438260446,0.04742905570098091,4.0,0.3382134141554423,False
1312,0.9050238405214489,0.2956842048249269,0.7392560124178187,0.17456043177560185,0.20314794584522644,0.8594720236850355,0.0810863540966853,0.47365010966319954,0.12200650792743584,4.0,0.2607439875821813,False
1313,0.6648564570125828,0.3502839676574904,0.7080978659804524,0.15996451067204712,0.6664139660437753,0.5710778234327085,0.6534032231165906,0.34725545597676927,0.09626733488250251,3.5676827805395788,0.29190213401954757,False
1314,0.9158313266794461,0.15725106567016373,0.2814443565606402,0.09186218455859167,0.2304516909305918,0.22329253646082964,0.24632844545141308,0.2175062695267421,0.12413403889231114,4.0,0.7185556434393598,False
1315,0.5556990776121764,0.09366822875085506,0.29301758054995597,0.08188458389856992,0.38081369165405904,0.4822549206709676,0.24893464039591406,0.3500192536075024,0.0745249460371977,4.0,0.706982419450044,False
1316,0.09408600866278749,0.3043761741727794,0.45596781633805694,0.17211249717838084,0.6506792879994624,0.5526798349574875,0.9133297096569514,0.29238156791243813,0.05651932150160748,4.0,0.5440321836619431,True
1317,0.6833848390348897,0.23109889406970047,0.5917817633450347,0.14024975108861135,0.4578029958483813,0.30622365465479,0.4707100067505515,0.28761291552314583,0.0921128361509967,4.0,0.40821823665496526,False
1318,0.8145517469344826,0.22617239463217692,0.22546425986868068,0.17959437807834258,0.6168941228005782,0.4466775228843976,0.5224551391853154,0.29626686119563395,0.11208061961594556,4.0,0.7745357401313193,False
1319,0.983082081838475,0.13687010793206583,0.46655130753080043,0.1303868321097683,0.25461883240736966,0.6127431676103379,0.02097819665390932,0.4085831715001872,0.13187046373190622,4.0,0.5334486924691996,False
1320,0.3017639286227467,0.2619854604074779,0.7314745761473391,0.06680088393169353,0.2655350782636692,0.7026262798651404,0.11767679897877859,0.42902635440151393,0.06328201376285277,4.0,0.26852542385266087,False
1321,0.18752970202977837,0.31848930418033816,0.4137463244693713,0.08160635072287596,0.3305573854427796,0.47865688426276115,0.12787015998138673,0.32765550935768617,0.05071147430705884,4.0,0.5862536755306287,True
1322,0.6947158894096953,0.09593392497284081,0.520098594137872,0.13646615068692816,0.1533580322302196,0.7466545220166905,0.7080492243051729,0.41226340167041625,0.09520704460041482,4.0,0.47990140586212804,False
1323,0.9862330006813425,0.31423533286613164,0.22159504295398563,0.11262956029434941,0.6507408378333304,0.5962632285176086,0.6700973613330208,0.3407275300630234,0.14725143751840503,4.0,0.7784049570460144,False
1324,0.055781361609886004,0.37094333450941014,0.6668236060994011,0.0772262801901426,0.20540764838211722,0.8184891672560906,0.8034710266043864,0.41394102220730755,0.06260674946984232,4.0,0.33317639390059894,False
1325,0.0859479931462559,0.33607859940239626,0.7923552426180513,0.07680964065440456,0.44994079203413917,0.5647570299037235,0.7896251394360023,0.3790009613410141,0.06173706606595811,4.0,0.20764475738194865,False
1326,0.27837487809007244,0.17593449165792702,0.3558581213674038,0.1200202541619307,0.37427419680631924,0.21172027685834527,0.4895681108849673,0.20033898126729682,0.053102717904849175,4.0,0.6441418786325962,True
1327,0.8361957445595578,0.11209149987313004,0.44190586954279903,0.1875480545091657,0.29202547885381147,0.9012272251905944,0.2738290018085614,0.4913995831013572,0.10950609370182758,4.0,0.5580941304572009,False
1328,0.016865797880880717,0.4019327560354797,0.25731018428500285,0.18231796016198235,0.31138535469075895,0.801859021394157,0.6612114390693858,0.38966428823835497,0.05516418669323473,4.0,0.7426898157149971,True
1329,0.9704162142390782,0.35357564893813515,0.7384145055890572,0.06370330782166148,0.4561690839898764,0.8609253145827405,0.7113694138193429,0.49890829132132103,0.1617483681961351,4.0,0.2615854944109428,False
1330,0.52934938853015,0.4118597726730149,0.4686431483978802,0.15354309993509824,0.14684736662032616,0.743550147073273,0.9905999630839525,0.3939903854935321,0.08837484206457477,4.0,0.5313568516021199,False
1331,0.8842681752403001,0.31562940065864215,0.5007758597275976,0.13465934790091694,0.2273069990344911,0.8322536242076921,0.3330081147069547,0.4592939230519374,0.12311817082696282,4.0,0.49922414027240236,False
1332,0.6362385082724137,0.11227985112548905,0.73359285635287,0.1592447888846104,0.08842813488128481,0.8526642242913407,0.9965499274812805,0.4297321382049498,0.0924717058415339,4.0,0.26640714364713003,False
1333,0.5605729128587751,0.2966732111391932,0.5014981751001802,0.04129108980797737,0.18140980806318213,0.46443062280997327,0.5217301382878867,0.32096114975949963,0.12029621830859369,4.0,0.44043829128509193,False
1334,0.41051015087996,0.11932695002646794,0.2890206648849809,0.0840680151805824,0.4069686181972273,0.7894195087338123,0.7800722300964552,0.4370018709734492,0.06886802948404973,4.0,0.7109793351150191,False
1335,0.34672798611912203,0.2237640725722992,0.7919661783335097,0.16857216381229717,0.16084349424043556,0.4737241336173866,0.8679005787537507,0.3274104467582677,0.06446033291570825,4.0,0.20803382166649032,False
1336,0.34035193407939623,0.2250733192163773,0.697996807352677,0.0847595816777037,0.4198593941377841,0.5431797578740589,0.6871300099245393,0.38928255563371883,0.06384109067148434,4.0,0.302003192647323,False
1337,0.4549886209121451,0.41285743332316427,0.30700305480991996,0.12844442328117053,0.5877577264310063,0.41575719086837615,0.2910665563151793,0.2793106206014004,0.06983252226755855,4.0,0.69299694519008,False
1338,0.7553457189980511,0.4074060085577888,0.4196121800544108,0.1486617710113689,0.6058057891545586,0.36846444996809713,0.18291738567416582,0.27356502315109654,0.10343389469337701,4.0,0.5803878199455892,False
1339,0.5835963887686453,0.33570424194640214,0.5229993526601102,0.10938232115696865,0.0970853387563998,0.7910464419385492,0.20011647342735017,0.39708503731628253,0.07841197226553052,4.0,0.4770006473398898,False
1340,0.6837227016238595,0.4117923177506894,0.5193491976415295,0.1177580958665403,0.11173741962136191,0.547720875328469,0.07602724084934342,0.3331293941771054,0.09178347915303486,4.0,0.48065080235847046,False
1341,0.815464278539144,0.08471412129994418,0.6101794324437477,0.10183197459128483,0.4414885918086784,0.8204640346490011,0.756582396767667,0.4879545824906106,0.1137506859147956,4.0,0.3898205675562523,False
1342,0.7887434985853012,0.12830563760064984,0.6470893054675175,0.1068042685584289,0.41554660965935397,0.8948163584032145,0.1954452556301769,0.5103144488306094,0.10087939635741239,4.0,0.3529106945324824,False
1343,0.7117308376444056,0.44331608724067045,0.223489131235185,0.15872417501293143,0.4974794532223375,0.28094123037216434,0.7974573989782135,0.24442714339220156,0.10879350411046154,4.0,0.776510868764815,False
1344,0.05332638229183018,0.05509427090930785,0.40858010127919375,0.18719266130694576,0.6674844142403208,0.4766186243877979,0.5364048851246888,0.24990030148632988,0.04509884549626838,4.0,0.5914198987208062,True
1345,0.07018504257462466,0.2559689307764364,0.7678571837474324,0.03703053728121208,0.09930266242451932,0.7268650223915076,0.7708835530567587,0.36434249807380187,0.09898924070261424,4.0,0.2321428162525676,False
1346,0.13735782735980795,0.3941396226014583,0.6539434472434136,0.05089112985947249,0.6068420233475256,0.80898187174243,0.10388986329793093,0.4010492118109035,0.07590426502780973,3.785365666198924,0.34605655275658637,False
1347,0.8807477168655892,0.16561459845093354,0.2685356108413239,0.13082019426315883,0.6048690757867411,0.8983728555334431,0.3954070367513104,0.43815409229692587,0.11975755525488772,4.0,0.7314643891586761,False
1348,0.17547723318275898,0.1313284618479821,0.37607838957169526,0.05485915212446674,0.050349860717739836,0.5670156633864629,0.13814010598906812,0.280634227991108,0.06602356460475987,4.0,0.5851642893276453,True
1349,0.24888115313662784,0.16260957805394044,0.7501050936726328,0.061423677600127805,0.056174895384837165,0.5457222811763236,0.1730346450633593,0.31246093836173605,0.06366560721293983,4.0,0.24989490632736722,False
1350,0.9198481623807334,0.2039435537700079,0.21541476941886561,0.04868122873985893,0.2020486029274895,0.24393302349235457,0.958556172869744,0.22030788119239145,0.16753186966300368,4.0,0.5192664398918286,False
1351,0.5665441899348137,0.22125782090647222,0.4105081328113997,0.05996284331786531,0.43446456824598845,0.41490694962258146,0.8168896137355092,0.3279369235341888,0.10206593026657033,4.0,0.5894918671886002,False
1352,0.832635094544004,0.09894776762285772,0.6811658780080138,0.07224507375866976,0.5978926160235827,0.9372709726602566,0.7939437013799503,0.4773510466938978,0.1263208025207694,4.0,0.3188341219919862,False
1353,0.6927074075134712,0.4257705419897333,0.667200763461276,0.18368066804126104,0.657177824261377,0.6297549053031234,0.40386396141251946,0.365158511879025,0.09895674859590535,3.5451643228326573,0.332799236538724,False
1354,0.45322230076265113,0.31296596399838983,0.5940558329615531,0.151676060325037,0.6977464442187307,0.9755844713132988,0.7286739851609318,0.42814992350932257,0.07303103233189814,3.7681126922783985,0.405944167038447,False
1355,0.05101184953901783,0.14729909389396806,0.35553979809327196,0.05726983880001368,0.29050200271157106,0.3350752858005873,0.0035724587036808364,0.23907910195294388,0.058809760555695666,4.0,0.6108782805334794,True
1356,0.21272631592923597,0.32799590271005763,0.5720391476564406,0.04973624148212476,0.5057809414499846,0.4760689700413858,0.06149926478884027,0.32867264965877774,0.07665022329566554,4.0,0.4279608523435594,False
1357,0.7691086343167451,0.2773218988094108,0.43671036461500506,0.07171433798304411,0.29800166544241286,0.7220779836517037,0.5371956775542102,0.44158004837559084,0.11602075111075345,4.0,0.563289635384995,False
1358,0.18246175102243922,0.4422748215711043,0.7086248832620872,0.03898375153716183,0.6220525866689715,0.25024488096439335,0.9470634865134074,0.20037428409630223,0.1085909845210384,3.5351954465065414,0.29137511673791283,False
1359,0.9688099267405583,0.3670790367337166,0.3510188570933376,0.13095457087223927,0.5218461342125442,0.6240921368434518,0.6649225416617448,0.3954799187170561,0.14571165147006243,4.0,0.6489811429066624,False
1360,0.43117811230021597,0.3939603934289972,0.5901859530633802,0.08860607996395023,0.667773520830005,0.967199580608668,0.3810266191537951,0.43335786327008297,0.06996378345218894,3.7350604754279373,0.4098140469366199,False
1361,0.27262090699324515,0.4311882273822492,0.5995638831894731,0.03239733096329066,0.297263173631234,0.6842024854024391,0.3108389668043575,0.4156662105522296,0.11167419150550861,4.0,0.3455715302751004,False
1362,0.4608950226091221,0.16655430616147954,0.27062985960356356,0.04699619762386753,0.6600222981150471,0.8382340668628949,0.7857361706451519,0.38417088089001844,0.10399674594211217,4.0,0.501292774654587,False
1363,0.941636007450877,0.3350438475944242,0.2727226969954921,0.15017457732739858,0.06237779152360952,0.9436759688011453,0.9838797481093274,0.41592338473340407,0.14465884149590322,4.0,0.7272773030045079,False
1364,0.7893764496765562,0.19927311561334993,0.7494713227794876,0.1446502138033376,0.3854576253322477,0.7759194072651876,0.6998898501128833,0.48729163862919134,0.11042460811561623,4.0,0.2505286772205124,False
1365,0.8941844363831755,0.4095149996309558,0.5939112987136937,0.14444676063050532,0.2732875395872778,0.9437884856671908,0.0027225993929343995,0.501056872934766,0.12301022237093173,4.0,0.40608870128630625,False
1366,0.952418739684137,0.07373298250736622,0.27201941372272603,0.19337448558637224,0.22076237495870799,0.9353862767019951,0.3026861136022725,0.471993382064139,0.12996191598093265,4.0,0.7279805862772739,False
1367,0.9381387752646264,0.4200732498722228,0.48909054894024917,0.1756532362011802,0.3875836547051438,0.7761852765148507,0.3437531146457907,0.4673000432920437,0.13692076019185254,4.0,0.5109094510597508,False
1368,0.5868991510376711,0.19283818895937926,0.4493187931342301,0.10429268590074166,0.19810997074158193,0.7607783197343589,0.3615256326905719,0.4205270916825484,0.07748116383938942,4.0,0.5506812068657698,False
1369,0.77986972174814,0.38865607878225944,0.23438522842535955,0.03973504630686066,0.5851833236329084,0.2099012822051657,0.14629908511078393,0.18828319432582644,0.14842303045099048,4.0,0.4238404939398471,False
1370,0.3768002565243065,0.187679151535405,0.46504648574874696,0.05479962344215432,0.6799939161021378,0.5259361919351424,0.465261305677511,0.300355314860731,0.08325294924992117,4.0,0.534953514251253,False
1371,0.6304754603989479,0.2574986793042188,0.4513063328411496,0.0487576339882162,0.4297676695753878,0.25958874250568087,0.8606085636685576,0.25363003709706106,0.12319919638354576,4.0,0.5200814292076394,False
1372,0.9885131242074202,0.34189894376344354,0.2792101720205672,0.0349391626894937,0.5388269278664845,0.6958571182254727,0.2925286049312137,0.4086841451026834,0.19222048409251705,4.0,0.3726844020212662,False
1373,0.5014481770393016,0.3871455840053872,0.39581304114695864,0.18813680222208354,0.29809553616979895,0.9072311193777367,0.9456339618564431,0.47396989099766207,0.08379313317123696,4.0,0.6041869588530413,False
1374,0.17367372093135425,0.37238476824664163,0.3797246829082397,0.14055561966281138,0.6583737436983402,0.7922291330713396,0.504071701105195,0.35871960144681875,0.05433040083262934,4.0,0.6202753170917603,True
1375,0.5167589261627219,0.1805967305722107,0.6490545126987711,0.08598554671724135,0.5456478073833072,0.8487090284430912,0.3931561629727751,0.4608935171200552,0.07248599146805139,4.0,0.3509454873012289,False
1376,0.8593551559598666,0.4263439737662547,0.48782648204758217,0.13684384112582598,0.42911986721240486,0.39945661313336933,0.1764114143253731,0.3330092764824474,0.12059882317500761,4.0,0.5121735179524178,False
1377,0.5258483809699239,0.2673444986012853,0.4558309707380557,0.18361756487415382,0.6070206799224765,0.2611987923119287,0.07492579754783968,0.21571475425117922,0.0679415352765501,4.0,0.5441690292619443,False
1378,0.1639690030891019,0.2656644051856831,0.5589590546090356,0.11949575508736442,0.20902322509305227,0.74743495255465,0.7635081849705708,0.39843767788553336,0.05468749629388455,4.0,0.44104094539096445,False
1379,0.11132390650545299,0.13620752382733028,0.32621745532015856,0.07517561554637622,0.3660145826814616,0.24538279154712211,0.12291015377078363,0.20367668550668425,0.04733741595137984,4.0,0.6737825446798414,True
1380,0.4598170642074644,0.3819012874885584,0.33408406322273454,0.08495621419803806,0.4920371387138621,0.6214935021013908,0.3657339860969201,0.3819260987082397,0.07285831490208718,4.0,0.6659159367772655,False
1381,0.20108945827186564,0.17000031961799883,0.282184548584522,0.13176067052581847,0.2463252597370409,0.804240878420756,0.3194591614252601,0.4002378576411639,0.04659030744276325,4.0,0.717815451415478,True
1382,0.8678950663007308,0.0709591701423181,0.6717243247680014,0.10805037434616026,0.17621130498617515,0.9793058526253637,0.4641081476680944,0.49200043651645886,0.11750839704437527,4.0,0.32827567523199863,False
1383,0.7077093674591002,0.08617847441015414,0.5457565616682079,0.0429631582881699,0.3174317367777843,0.20237686734212712,0.31463999685390187,0.2242549198324618,0.12870735796714478,4.0,0.45424343833179215,False
1384,0.7819878300574057,0.33340387475479216,0.2835584012868152,0.161437233847588,0.6393618128809968,0.8144984805427937,0.43939055467153376,0.40163675967154805,0.10876756967238813,4.0,0.7164415987131848,False
1385,0.8930277785039734,0.1404707724982095,0.5130281326875366,0.07795914119412675,0.5862431624318788,0.4732780208774117,0.19256251195622243,0.33653580197307686,0.12388678964608926,4.0,0.48697186731246345,False
1386,0.08803231082614427,0.1478147837100925,0.7891592820074971,0.1515922778539775,0.16684296356709047,0.2694959015874952,0.10700812658213044,0.2167582976378772,0.03955355775678083,4.0,0.21084071799250292,False
1387,0.8789537784674535,0.31627741870832693,0.37919064351905707,0.18446492347795954,0.6804274178070807,0.5065671485495105,0.010445144470262901,0.3092603561259954,0.11695726136230994,4.0,0.6208093564809429,False
1388,0.2504694826135522,0.3948134574358524,0.769133692251619,0.16269106057503777,0.3942234077382648,0.8208994910649281,0.044185604036956816,0.4750307679478434,0.050912897007733854,4.0,0.23086630774838102,False
1389,0.6219374405131264,0.12772490359133876,0.6507475399253932,0.11378049082150435,0.2532341585790043,0.8799088044182419,0.0965542405044828,0.4855171764176693,0.07621411545912361,4.0,0.34925246007460675,False
1390,0.20534526444757295,0.26199614433520674,0.5432722321010119,0.15808064347552883,0.5006822681236976,0.5781683999054954,0.8959466168398161,0.3640362159019311,0.05824440230691671,4.0,0.4567277678989881,False
1391,0.9818887564169735,0.0826512925863554,0.502711710155089,0.056705838370270975,0.4552576707964953,0.7809547574668287,0.32707674140629284,0.4716738260110832,0.1580417430934264,4.0,0.497288289844911,False
1392,0.6177302877993448,0.14793973220907947,0.28514877089965984,0.05261725334310306,0.3066756432226246,0.7834433452477778,0.5952078334055282,0.4438496163638117,0.11051642186551082,4.0,0.5612507023264328,False
1393,0.3359148434823007,0.39268533999230404,0.7647016455987825,0.13873697616041314,0.13045716684227043,0.5764939873255198,0.496940513360272,0.3497637166916271,0.0631215147339467,4.0,0.2352983544012175,False
1394,0.6607490722797618,0.40711802677642783,0.6074162756842635,0.0770508013943238,0.1649532270020651,0.24282221524603856,0.18883789043722343,0.21891061005660967,0.09658908242747635,4.0,0.3925837243157365,False
1395,0.22152156948187463,0.2055263715604218,0.3929638382410725,0.1363557873610686,0.1175051244318294,0.6848922456734736,0.8541201020980637,0.3410625341716452,0.05685906867063884,4.0,0.6070361617589275,True
1396,0.4068431518406955,0.23318588031773996,0.5602951301911447,0.08087613360513635,0.27911752563938547,0.8003702462889057,0.4921089848345158,0.45302166888475204,0.06728575039499327,4.0,0.43970486980885526,False
1397,0.2724784503672978,0.34375218091698334,0.266073024110607,0.09742266414587003,0.43357939485156355,0.9613166352160942,0.3685239568784927,0.4627408409755926,0.05544206634821329,4.0,0.7339269758893929,True
1398,0.023983220696081053,0.09622961285677714,0.3225909750658259,0.11818831059213673,0.31477099692179644,0.7364181098107487,0.5797313204376621,0.37384420176831146,0.045908949681521295,4.0,0.6774090249341741,True
1399,0.8915133813125369,0.25103207529863114,0.6464264259209587,0.11107865369173701,0.49021598532075583,0.3059755095729821,0.07912624703563231,0.2901590271513822,0.11832260011827671,4.0,0.35357357407904133,False
1400,0.455959408367549,0.2620558567431454,0.6137614916994323,0.09617039684089464,0.40637670963086714,0.45815308574569047,0.5003621533479251,0.35712406129540086,0.06819176058544708,4.0,0.3862385083005677,False
1401,0.29443389218798266,0.40772054154340104,0.2636029792569772,0.1482082499899922,0.48833085637931606,0.8022865243598465,0.015098280214010829,0.4160954803316448,0.05332515408679647,4.0,0.7363970207430228,True
1402,0.31982692731290874,0.1009873731650647,0.21762045232985106,0.11002263442349033,0.5291628130679188,0.2842101534991821,0.3068529944095868,0.21813502072939517,0.05146488044203593,4.0,0.782379547670149,True
1403,0.43960562214020205,0.1909158807901834,0.7945169912610759,0.055143090126543046,0.4428026380531237,0.864932786630271,0.8060961690454506,0.49813871506919744,0.09353757960600352,4.0,0.2054830087389241,False
1404,0.708706745439689,0.2413780255161468,0.41331056089091023,0.12596223847176777,0.17229054683811912,0.6663547061110102,0.11933820641670567,0.3872810630301671,0.09008363420133168,4.0,0.5866894391090898,False
1405,0.06712653567644689,0.11643560244017626,0.724368288346029,0.1839639258872303,0.1487367843219503,0.5285977367493655,0.06586910942436142,0.31501663489639686,0.03813138694516276,4.0,0.27563171165397105,False
1406,0.4530620546338696,0.08412785595463852,0.7714803983625222,0.05384689984569066,0.5947905309940034,0.5070386430360676,0.3895198171723592,0.3471925125824938,0.08776706195362317,4.0,0.22851960163747775,False
1407,0.30889248431687133,0.3327834471060023,0.4824141254845574,0.1911935370766757,0.07372207684186564,0.6561778411139616,0.3867159061551563,0.3348314960048568,0.05734649477919116,4.0,0.5175858745154426,True
1408,0.7209813018935858,0.27617282130609033,0.49681254992706936,0.13399796784695533,0.6090481176500702,0.6965702798819655,0.5987447759764372,0.3943548038524633,0.10056725040257963,4.0,0.5031874500729306,False
1409,0.20742636760630984,0.22503554721306807,0.7178859596453568,0.137380897916386,0.5047945389681682,0.8517912035862143,0.7235317261330139,0.45869185183107153,0.05457431869172383,4.0,0.28211404035464316,False
1410,0.6990775379142898,0.15660068085675183,0.6258370403372868,0.06546032475487337,0.48024405746115556,0.7124546681515593,0.161172260036762,0.4481530698774788,0.10169602530607287,4.0,0.3741629596627132,False
1411,0.8974378676627459,0.3704139165479154,0.40655587862124476,0.06087754928136516,0.28823938370503943,0.28367596693361147,0.8346128119441307,0.2667201361942749,0.15355211113595438,4.0,0.5934441213787552,False
1412,0.86508357010027,0.4474022136007619,0.5497002175062761,0.13126740663063646,0.6276364947697175,0.899496655995967,0.9592324335096208,0.4419885782274949,0.13530386408766668,3.8736073488447147,0.45029978249372393,False
1413,0.5983344958596457,0.2861797981891226,0.6093047638455468,0.15823878201571376,0.5382151806687351,0.8756879803548847,0.7039658454508639,0.4688072658951798,0.08673277571747062,4.0,0.3906952361544533,False
1414,0.24018464742169887,0.2122130070955378,0.5592960652415244,0.0772069593534046,0.4744781672742678,0.27938880827541185,0.5729302631878102,0.24483778285240862,0.059364496609149296,4.0,0.4407039347584756,False
1415,0.6406554616445898,0.30192901045096493,0.5964762105677517,0.1707716083281155,0.6381294756590568,0.5950808509249657,0.003383816849935828,0.35729995589686464,0.08091696596146257,3.9840068580444066,0.4035237894322483,False
1416,0.41014103193360774,0.06417651025077298,0.2548262811979967,0.03603235403111602,0.18661627353158144,0.9586694069642645,0.33027480873780735,0.43535618095617706,0.10607064532577005,4.0,0.3843451096652376,False
1417,0.008555911912078273,0.0808592939316168,0.3472791598508669,0.15094708679903882,0.41004957647873497,0.5343508344642094,0.9762378242330695,0.3159311291840507,0.052189152851288195,4.0,0.6527208401491331,True
1418,0.9529963931647777,0.17803462028769135,0.665898660843941,0.07477265102777628,0.24813186279662425,0.9060796040817296,0.6428030183281537,0.4974142647166654,0.14447117538355664,4.0,0.33410133915605894,False
1419,0.522780850010061,0.2893730699859291,0.7924148580055004,0.18026647491145453,0.13360364632927102,0.9784181261675851,0.26544973844052666,0.47155880156123003,0.07137665063798171,4.0,0.20758514199449962,False
1420,0.5686415806629187,0.08464780190475035,0.7162280883570373,0.17177577540449374,0.13323141693421636,0.8000313856911367,0.821448847182242,0.42849078345273756,0.08135374473789403,4.0,0.28377191164296267,False
1421,0.3326267914167075,0.3518471135544718,0.4937372462194012,0.03609112711757125,0.5276598210008937,0.7487384983069278,0.29594278574915167,0.41493396043064135,0.10603433074189372,4.0,0.3849720225874267,False
1422,0.9344995508156824,0.35784226976169803,0.3790164521813957,0.09983582395843892,0.28628563522776884,0.5953857841468844,0.9000925745990871,0.398978092385197,0.1428055181605406,4.0,0.6209835478186043,False
1423,0.04399185165245345,0.15115319207099703,0.5195477372350282,0.1718855800332033,0.1540923611573355,0.20489505948313813,0.5273262410030487,0.15700822452544397,0.04589645285209189,4.0,0.4804522627649718,False
1424,0.6511697116063048,0.30175034015683944,0.37021379874106375,0.16938075898443877,0.12903940424426247,0.42891191963814956,0.29698628085064427,0.2868407915417039,0.08703343844826995,4.0,0.6297862012589363,False
1425,0.13254133387849965,0.2218676406229631,0.5898554483033656,0.05180806674220057,0.2787390700249917,0.9747857908125219,0.885771479376955,0.4739612112334382,0.08194737409003452,4.0,0.41014455169663444,False
1426,0.6589705957362931,0.2576766980721615,0.7633381465795288,0.06141527520806328,0.30401241142054475,0.4554467982704834,0.9430507100040717,0.3688184972759242,0.11478641814341065,4.0,0.2366618534204712,False
1427,0.6042221368212215,0.0761418331454507,0.5894640914352919,0.04865248931795228,0.30885003740832556,0.3169916544860069,0.25404173002757424,0.29278723814370455,0.10709139998170378,4.0,0.4105359085647081,False
1428,0.36981652687471045,0.16119037673039555,0.504804278449509,0.0912957079168779,0.43224369005698626,0.8177890635294209,0.4130292686908995,0.459143403385447,0.058288598856058936,4.0,0.49519572155049096,False
1429,0.35629143402434116,0.14529081152307166,0.2573302891977575,0.039585328601219674,0.5666954146868484,0.9429106947756161,0.13336856881987635,0.4304714852894368,0.09450931973735281,4.0,0.42224350507967656,False
1430,0.9954212672552112,0.28859484653677775,0.5356815921879645,0.12388387562855167,0.0624908979876948,0.4628854765246869,0.08759237498357808,0.3005478267013857,0.13871995330482967,4.0,0.4643184078120355,False
1431,0.5458064734039225,0.12919381258241058,0.37287472158105595,0.07729519993604014,0.3724990436353694,0.5760003118877153,0.8492057158632296,0.39028341155154894,0.08587008999515922,4.0,0.627125278418944,False
1432,0.44367300630971285,0.41896836682228306,0.6656441120286106,0.12240712458656017,0.30931052414062965,0.511888992012299,0.7269395624696384,0.37453210314525726,0.07621622669392325,4.0,0.3343558879713894,False
1433,0.9123191224502825,0.24190689563687634,0.3194261833477091,0.03258384436329877,0.6211804677579118,0.7974283633874502,0.9607701626694818,0.4115662280105375,0.18956181384570997,4.0,0.3475610065418535,False
1434,0.4987542776530186,0.29076929769673415,0.48477737998080567,0.1066919558546947,0.09853234216572118,0.36239900654223955,0.8252176420676963,0.2511302833125582,0.0781515798113252,4.0,0.5152226200191943,False
1435,0.8479419236343931,0.2222883563045674,0.2096157909542974,0.16054820626507382,0.28796214394694675,0.9503508482695817,0.42218700535604337,0.48368276240864216,0.11578921861260003,4.0,0.7903842090457026,False
1436,0.7541230041041331,0.06872542985650557,0.39238272111239514,0.1820712788574867,0.6770055483819062,0.6776132484598538,0.9414487148606653,0.36339404312005175,0.10721125548485093,4.0,0.6076172788876049,False
1437,0.358361518443704,0.0909683760756971,0.5480009464097488,0.14462371306955743,0.4186185649303132,0.3652884607756918,0.8321880604217186,0.3041059083994729,0.06249784025444133,4.0,0.45199905359025117,False
1438,0.041235531737402686,0.42784393784441577,0.730520107702753,0.1508603355696065,0.3916994005321181,0.6677966929763115,0.5868047819098284,0.407792927867661,0.0552113620956114,4.0,0.269479892297247,False
1439,0.8653569888609939,0.14775177748379065,0.4892635547627232,0.030455408596379865,0.41479599624062524,0.5697297055154921,0.5909012107771578,0.40823697016996296,0.1768591692291963,4.0,0.3248576916947186,False
1440,0.6879177684489551,0.44713061542829563,0.40916526607468856,0.10471111139923413,0.5158281900901573,0.7007626382982297,0.7192276189558534,0.41482034358755715,0.1044301511443349,4.0,0.5908347339253115,False
1441,0.5827438962050862,0.44504565759989934,0.30887695202614524,0.07836943652461772,0.3696840178941422,0.42824299679911093,0.15011757712618146,0.32780080908545733,0.08745544550069671,4.0,0.6911230479738548,False
1442,0.19115855284362393,0.42792630779755086,0.6575793719942823,0.08151653585769077,0.08839835542234162,0.2721821497559755,0.2913065246801575,0.1983449340364234,0.05781876916774264,4.0,0.3424206280057177,False
1443,0.8268731849803743,0.2918259574949253,0.7849591452607103,0.04349576673874397,0.23590241650116772,0.6208344508498753,0.5068167736018089,0.4190107299387311,0.1531011020784478,4.0,0.21504085473928972,False
1444,0.8010506720188917,0.14225151418371662,0.4794836984851482,0.16762391693053885,0.24282586907627352,0.3117984307704834,0.596738939263668,0.27815304411497643,0.10954216777340152,4.0,0.5205163015148517,False
1445,0.26304376821665987,0.06225418405400967,0.6804758235932528,0.12163721763913694,0.1707682141070207,0.3984832866198176,0.7619891544180589,0.2861689055171937,0.05532193562508176,4.0,0.31952417640674724,False
1446,0.3408150557945202,0.37543839603957213,0.5349490760722593,0.13185622400804914,0.23095369090303836,0.7183976931818616,0.48487321154753416,0.40972219625425,0.06255739161071756,4.0,0.4650509239277407,False
1447,0.6351448096029506,0.40186708441032026,0.37709556138648803,0.07696263677486176,0.24398399747075883,0.8148757384610505,0.9570797666406994,0.4426322886093498,0.10570431739439222,4.0,0.622904438613512,False
1448,0.4194865494294986,0.41632781890275866,0.2840888499549885,0.13239966131243416,0.4326171552482741,0.7644965890935762,0.10800303401579237,0.42784573882847937,0.06395472419193532,4.0,0.7159111500450114,True
1449,0.6065292975897404,0.22563356248146282,0.7620416688879557,0.1586470042280354,0.11425795820802544,0.8262855851677471,0.3517348619238141,0.43121045138023667,0.08033232299459328,4.0,0.23795833111204437,False
1450,0.4330419494560468,0.06539679742736344,0.595637194477064,0.1704524550261398,0.6533314564761596,0.7694707138264318,0.9689377174109548,0.39464191800391163,0.07030872730797517,4.0,0.404362805522936,False
1451,0.20723197673273996,0.29659655734372464,0.20956231104263423,0.16925194368387508,0.43171333245375465,0.305960749054085,0.7771122209785697,0.23627509367182145,0.05739053781095558,4.0,0.7904376889573658,True
1452,0.8076490082979566,0.2670704682192559,0.35826823097978966,0.10471059086914791,0.22357389433020752,0.7632514683843854,0.7913626323429468,0.43024976580522134,0.11642657704995286,4.0,0.6417317690202103,False
1453,0.008909581892043827,0.12774131429382324,0.639881319571765,0.15860539147978311,0.4801702772344933,0.920536679745199,0.7724224170427414,0.4491115548775974,0.049373987397784945,4.0,0.360118680428235,False
1454,0.8856569888882067,0.08377206387258643,0.43489845802857374,0.1335336704070983,0.3880704325574718,0.8088381584938606,0.06650957676729607,0.4789328026316128,0.1141727094411168,4.0,0.5651015419714263,False
1455,0.940798695208988,0.18106673363258674,0.44015199264118615,0.1051290913988194,0.22492537841243948,0.6144105520081629,0.9054072472224924,0.3976371735004527,0.1390731662008949,4.0,0.5598480073588139,False
1456,0.48760675128239606,0.4485453222468265,0.46175115750201856,0.15408236219484228,0.41601605390785823,0.5814806584201211,0.6672979566344307,0.3911217558958418,0.08058958198251712,4.0,0.5382488424979814,False
1457,0.21223117482748255,0.1438360253856129,0.457999571977757,0.17050215955468587,0.6649681674347437,0.4160747906195435,0.36414585941164057,0.2514304054517717,0.047341760971111875,4.0,0.542000428022243,True
1458,0.5533652620053277,0.324186171696118,0.7880597029016794,0.15883781578483885,0.6312016115790794,0.7657439819460587,0.4995233284168833,0.4185792163372953,0.07953577813460075,3.5735066185250592,0.21194029709832063,False
1459,0.4935213214353743,0.10288618516825405,0.5887466628932534,0.142463436709069,0.5875162853047659,0.7873887935431538,0.03030689957849053,0.4254657979395657,0.060806193379776656,4.0,0.4112533371067466,False
1460,0.14356367958419647,0.08195612054940998,0.7247985466977798,0.10755759813499888,0.5486854199901839,0.8449012672917242,0.726734068639917,0.43722279730597075,0.05013742247118037,4.0,0.27520145330222023,False
1461,0.8631435108563685,0.05170658202522787,0.6510277406639624,0.11364434264941559,0.05898879134491891,0.9300324039062604,0.07832921795309933,0.43997692218298234,0.11028314703979472,4.0,0.3489722593360376,False
1462,0.6700344847202352,0.28480567048941285,0.2814879389459554,0.15027255121020244,0.3404904796830964,0.9107709212871327,0.056793079737897045,0.48107288329482145,0.0850348446874678,4.0,0.7185120610540444,False
1463,0.09203619969940668,0.14222410559548707,0.29604174515092263,0.10565816343790622,0.31316917850134096,0.7880333786563418,0.4261537504497923,0.3966129888908252,0.044748361308090887,4.0,0.7039582548490773,True
1464,0.6623682494029143,0.35104131968611124,0.309483722895524,0.05833179790787111,0.25303349913845774,0.2574911811376415,0.7113203121017764,0.23352226315802407,0.11732015920138107,4.0,0.6222058443506252,False
1465,0.6408441190572982,0.38320766674049767,0.2535657216531285,0.16238457942146348,0.5307011923770606,0.660735113612301,0.7993323203279534,0.38733608382696977,0.09684003785037947,4.0,0.7464342783468715,False
1466,0.723119162217609,0.27865258857047787,0.24716700239531714,0.03284750651859138,0.5896057309995143,0.7746331653791245,0.041754859891204754,0.404785007050899,0.1448429361305992,4.0,0.3503734028649747,False
1467,0.1702824889400033,0.4018836575610333,0.7358638532128052,0.15759257623239434,0.05240955888192045,0.5923671070505014,0.44527704775318877,0.31781169652320757,0.05444946384607248,4.0,0.26413614678719477,False
1468,0.5919629702339734,0.1921933575664908,0.7754425997369465,0.09204015950336353,0.2828373294316108,0.3339529456936464,0.10340222259172838,0.30737505372376117,0.07458441530671986,4.0,0.22455740026305349,False
1469,0.06547727395407255,0.13578364050883612,0.7602127042225997,0.17491232797049444,0.5606211870351716,0.3040394489172229,0.3785046164578285,0.2389444622553434,0.04346747669477785,4.0,0.23978729577740032,False
1470,0.5180546052465076,0.30483590896862545,0.43548873144144357,0.08878591424541768,0.14907238531590383,0.9281413686970714,0.7583619040137469,0.43881433705075434,0.08089759739217406,4.0,0.5645112685585565,False
1471,0.3263374964409482,0.39177209718620737,0.45390105566206407,0.18104723022516891,0.11536179903907544,0.8476565357141814,0.3134283187516439,0.39660196046432755,0.05946780981942981,4.0,0.5460989443379359,True
1472,0.09644371914008487,0.22065554388345843,0.7308994508583317,0.14597174010106528,0.5481980969454967,0.20157548134466668,0.45233801989083555,0.18417784903660367,0.04674355543108316,4.0,0.26910054914166825,False
1473,0.017400436977268785,0.39727643780355576,0.740741888166965,0.0402464242862191,0.38469468321975886,0.7665238276900503,0.22583084786963814,0.4350729817283545,0.08982378426624167,4.0,0.25925811183303504,False
1474,0.46257751395385216,0.19562569021619453,0.4043374856715194,0.18124475740722693,0.31497880897711417,0.8114280718712752,0.44789540840161346,0.45331331397483354,0.06617044774400589,4.0,0.5956625143284806,True
1475,0.5082400489544774,0.3102982089354561,0.4363631110148869,0.19097455108292996,0.2467464961708476,0.8062527481818045,0.5732112671036362,0.4413723585775384,0.0755869817618942,4.0,0.5636368889851131,False
1476,0.7490590519967315,0.32625112063721307,0.7136199838791866,0.08694316432017285,0.32085435640710674,0.945850308483456,0.589967003124913,0.5187233572709998,0.10804503963557333,4.0,0.28638001612081343,False
1477,0.9692112961697836,0.445884049681956,0.6267943710407289,0.11664099950143035,0.20245614018439062,0.8215528126935194,0.6388742702023591,0.45338670991065144,0.14870872084739972,4.0,0.3732056289592711,False
1478,0.9355060461751384,0.2564434164873072,0.32775282883083134,0.15863150780026367,0.44246214705562864,0.8479656710277086,0.3753222895204713,0.47507028367378934,0.13117136377343283,4.0,0.6722471711691687,False
1479,0.9950429407078012,0.1958433652286269,0.3108992284098402,0.05958031007829222,0.25256654514415944,0.7743065087055567,0.8778257484810865,0.4442580275087615,0.16839597056948064,4.0,0.6355233075017838,False
1480,0.5407491292744886,0.0961663548749733,0.5520701284432505,0.1202232869638871,0.5865506432242343,0.6163128569195331,0.806782250275993,0.37612357842509914,0.07819289149122192,4.0,0.4479298715567495,False
1481,0.5426395385471409,0.12078754828291922,0.7593622016185098,0.10277567508516956,0.496196902640565,0.9005134210748382,0.5775932041912816,0.49845782540419886,0.07493176353801692,4.0,0.24063779838149024,False
1482,0.3819136458438642,0.13255489090561734,0.2590250878416147,0.18446963438280983,0.5116713267972605,0.41219448044837653,0.2144974123645954,0.28965590752227904,0.054609165775142875,4.0,0.7409749121583853,True
1483,0.2917151444783729,0.14782058775138263,0.6084724967548338,0.04881126673932012,0.3619170718654144,0.35965546015148037,0.3795379708687525,0.30231525881777915,0.08236822093706925,4.0,0.3915275032451662,False
1484,0.6925610324438165,0.3065961156263407,0.7160575587240403,0.17100618097668974,0.1324588772233169,0.26561540755637014,0.5436271668580677,0.2315171402253816,0.09665956019939881,4.0,0.2839424412759597,False
1485,0.07144240062145324,0.20543163482011034,0.2772442435506475,0.05631917617423878,0.10782349109219225,0.8270442273457095,0.7071262403873373,0.34403100284814103,0.0725740059439378,4.0,0.6007378791918804,False
1486,0.43641168181669066,0.3886827673585022,0.2476819782242072,0.09221195253128939,0.27923094049991765,0.6883045200065402,0.2687723512511164,0.39630837029577526,0.06754774838859495,4.0,0.7523180217757928,False
1487,0.9984836848412895,0.2936418524866023,0.3017485518772558,0.1290239103131804,0.6490957923385886,0.5874673264898492,0.31094927804714134,0.34384986175209675,0.14311688193414032,4.0,0.6982514481227442,False
1488,0.5199610286935257,0.12238692768987236,0.6509185001614168,0.06930022577856258,0.25639594823722917,0.4354656180967985,0.8916405681311552,0.33976941696287294,0.08879325438146836,4.0,0.34908149983858316,False
1489,0.9196483427595644,0.18183586729180024,0.6241295476296382,0.04680890622663362,0.24331218404408766,0.21589824099395669,0.6183865264277665,0.2308088711533158,0.1637978699123165,4.0,0.3758704523703618,False
1490,0.5848014145226994,0.10022813580273829,0.2549669157116008,0.030561010150752077,0.33186241702697566,0.31353794022677417,0.8641578618513541,0.27045368327586466,0.14068904739187432,4.0,0.3259841082746889,False
1491,0.5756730313130353,0.39264058389183315,0.7177532218591964,0.1974281006307827,0.39260716919805144,0.7910734476083248,0.680205079046329,0.47947647926141873,0.08751404072986609,4.0,0.28224677814080357,False
1492,0.7102060413955966,0.23913404242260305,0.4509800427984173,0.163327877958149,0.17990423089343532,0.3958733283140438,0.8806231283680733,0.296003839159305,0.10266084890037536,4.0,0.5490199572015827,False
1493,0.015353015163501849,0.2841751917247571,0.6723027269037922,0.09546666853848704,0.14232023080955908,0.8227805213832,0.8531643293071446,0.38839566921574453,0.05431409147563088,4.0,0.3276972730962078,False
1494,0.24850808958508108,0.23307194966304884,0.5979612618108977,0.09831844953771351,0.18203002890074577,0.45802130259720847,0.6594224107035755,0.3068758034493486,0.05558772655525045,4.0,0.4020387381891023,False
1495,0.7387944036930135,0.24813743044322129,0.42401564576893785,0.173275467901404,0.6826527633318598,0.3606266675300619,0.029890367696485676,0.2517857682403113,0.09306149710668424,4.0,0.5759843542310621,False
1496,0.7255443773837217,0.09747253193091435,0.21310639328476236,0.10521987498456213,0.4442515794751504,0.5646632127056642,0.013661734749279453,0.37905898712453023,0.08817697392593063,4.0,0.7868936067152377,False
1497,0.5970330796498418,0.13765266684274097,0.680223809345071,0.14068743376566456,0.35681390645087874,0.9618138644719942,0.4672575615557326,0.5235641249043972,0.07942922593463043,4.0,0.319776190654929,False
1498,0.37680598079161054,0.37826204508062317,0.33010480926028507,0.09735921758541874,0.15513890764076838,0.2323395766638976,0.0022430603464622667,0.18539362567315398,0.05740258881786997,4.0,0.6698951907397149,True
1499,0.6993691659654224,0.23262624379168217,0.20177839131829836,0.09994659325570222,0.6109659975045374,0.6820616376463888,0.677266891620659,0.36863833162665416,0.09768559545969754,4.0,0.7982216086817018,False
1500,0.7718235228881658,0.3020585304427631,0.2564032747847753,0.13660947644853272,0.6894254485251816,0.7956526392902714,0.7816830288808001,0.37926434307751206,0.11176730173807052,4.0,0.7435967252152246,False
1501,0.22597715943627883,0.12480755787523878,0.7892787149692311,0.09437272664661339,0.3508008594679447,0.8007993846351753,0.6470361061724856,0.4707713803366028,0.052653930041917804,4.0,0.21072128503076895,False
1502,0.4714393260136597,0.28763873630758263,0.5745654910156346,0.08293135003650419,0.14085450689772794,0.4724150745750055,0.9386228572024413,0.3121528203596674,0.08073639333420397,4.0,0.4254345089843654,False
1503,0.432348585052559,0.15958604203915028,0.4014431714437766,0.18576101336912296,0.4552376369318845,0.6897842263502559,0.9812173455220858,0.4153951332212871,0.07155715629939315,4.0,0.5985568285562234,False
1504,0.9764488241940835,0.2278476229228723,0.3737008907190854,0.11060418791789493,0.4583762318795588,0.4030212615222342,0.550591596992796,0.331557308160047,0.14097458906920216,4.0,0.6262991092809146,False
1505,0.624432948218329,0.14714825021509276,0.3603538023253608,0.12799111556178222,0.12190975006701081,0.8473820296838097,0.8998299042921619,0.4113713148579623,0.08990809563263191,4.0,0.6396461976746393,False
1506,0.4048651917546737,0.34396794557812493,0.4630256678865667,0.16753990840590666,0.6779649558111596,0.752308175993418,0.3061178056691748,0.3684691526738561,0.0631345471581893,4.0,0.5369743321134333,True
1507,0.5329383427245381,0.2573378723814663,0.7286518551391041,0.11793453633044969,0.19120067469408086,0.949647204196292,0.5924221924305986,0.48253203841793113,0.07684868564104096,4.0,0.27134814486089587,False
1508,0.9919816016226669,0.07111573957778106,0.6925673243141812,0.15758604487240363,0.19100693162033688,0.6534934639559262,0.2546712141767926,0.4175845449543293,0.1366916710396081,4.0,0.3074326756858188,False
1509,0.13126846809418058,0.39893698157710816,0.3604682254407755,0.0986752915099958,0.6682776205658858,0.3797345951712474,0.9749637012377934,0.22366792434405805,0.061839946611066905,4.0,0.6395317745592245,True
1510,0.5408316719158548,0.2688555654923524,0.34087349709964454,0.15274443651933012,0.6011453926998411,0.6163653409920551,0.09523654496602718,0.35444299149294056,0.06988047566849624,4.0,0.6591265029003555,False
1511,0.9836197338626959,0.3902477765883917,0.5101726578952066,0.1780333387931212,0.49134732985580365,0.3715399376404907,0.40545849674510315,0.3149265643761172,0.14522486349084912,4.0,0.4898273421047934,False
1512,0.299138300727812,0.09410071242714367,0.7192175072495299,0.04245415878869381,0.09755208761622737,0.9329613727314718,0.11834278299625778,0.4319993283685617,0.08597890609565811,4.0,0.28078249275047007,False
1513,0.1300534095969219,0.25922124788737383,0.5569312265863443,0.040096974227729724,0.37181984496936815,0.7073482957578159,0.40827844669242397,0.41421039781372776,0.08990481158311583,4.0,0.4277010584291171,False
1514,0.2778131005819928,0.4086467276199834,0.25566471682764197,0.17470912493324822,0.09268984284108503,0.9294283968590691,0.5556678586193514,0.38626160038358803,0.06125605826646095,4.0,0.744335283172358,True
1515,0.028535203048779323,0.2807397886522816,0.24526492700132269,0.06874968878935739,0.6791468993905424,0.6977752075979324,0.5858276577281715,0.296794765889753,0.061140767750273196,4.0,0.7333300137531455,True
1516,0.5024240402657648,0.35171665103446775,0.5113322642298468,0.19988407851515985,0.4714227655136345,0.7074559157623701,0.8188828359778388,0.42927996908156885,0.08045313125126793,4.0,0.48866773577015327,False
1517,0.253710555292719,0.1565767205423384,0.7481845247333438,0.10034871997577624,0.4836307703133734,0.272698228056251,0.3711542809806412,0.25311506731725153,0.049548704536537896,4.0,0.25181547526665615,False
1518,0.929300778709269,0.17032464599325625,0.3414651464379298,0.1623240687811002,0.6283940869337675,0.2414683864652603,0.08271515825396869,0.2087717218623824,0.12334289703816248,4.0,0.6585348535620702,False
1519,0.24960609708538073,0.15719418980427463,0.784100532231216,0.08461391070503127,0.3329530993531108,0.3440961436438498,0.7900238072193786,0.3023782999411707,0.058974960988055374,4.0,0.215899467768784,False
1520,0.37593638083380587,0.1991248109245462,0.5135668212626661,0.07037316622330878,0.38880528701307704,0.35411373619573716,0.7048698195179534,0.2987616584431573,0.07363706304497204,4.0,0.48643317873733394,False
1521,0.1406165334724584,0.14097836784662438,0.5490686856444098,0.13938851076077666,0.19476641238521686,0.8805170849962272,0.7833871096285555,0.4231490222244648,0.05166728537270987,4.0,0.4509313143555902,False
1522,0.7614414741931782,0.21187693163972587,0.411283603503668,0.11742033783015997,0.5166140068090475,0.240922861903882,0.24678447569949769,0.23219805819085743,0.09905751674674088,4.0,0.588716396496332,False
1523,0.3843449128142733,0.05145726276072966,0.4085479962928781,0.034606832304259406,0.10165205588354352,0.7678446931615073,0.8697538073535704,0.37288179168653673,0.11495888586587062,4.0,0.369139544578767,False
1524,0.06489726197615175,0.11254229121631831,0.3002178355128753,0.10205932899490319,0.47676827292326823,0.33100372796890465,0.5039533227173836,0.23200107238359774,0.045206132134172586,4.0,0.6997821644871247,True
1525,0.4584692334623156,0.3553843068954769,0.29029494585591437,0.09098541589917608,0.6820893101831149,0.649558230297803,0.40216473150377274,0.32951171151946773,0.07060604480136849,4.0,0.7097050541440856,False
1526,0.13508439634218095,0.2141818008957695,0.33905390415593395,0.16099748295380717,0.10648980187239582,0.5965514851460951,0.49546011980323157,0.29813520550452627,0.048176446939388655,4.0,0.660946095844066,True
1527,0.4298291522522113,0.36045537905345676,0.3932461577337608,0.05076092660905611,0.3445013434465216,0.3129392336224503,0.9746896312177294,0.2707402161210931,0.10518473607746381,4.0,0.5414498838299319,False
1528,0.60187215898413,0.2948533414817563,0.3654831270851372,0.05714762915258507,0.4679344955089665,0.2691160767671157,0.10819722926807929,0.24823880408429116,0.09926738356895813,4.0,0.6095747109609074,False
1529,0.1318330510174982,0.3566762889186909,0.20882936812985736,0.1641866577619647,0.6816109512781792,0.7710575524404197,0.4120708227397214,0.32549211119588367,0.050978903126449024,4.0,0.7911706318701426,True
1530,0.9408208702112127,0.3879787947815896,0.5428634852047274,0.12997947907854648,0.32476022624251805,0.7374436032233125,0.562154858840058,0.4575265709057302,0.13962439689185346,4.0,0.4571365147952726,False
1531,0.9844090183981041,0.4426636000954875,0.5158044080058382,0.05127169579840592,0.13178811998200773,0.3212753321967635,0.45752801070816174,0.25462280923709746,0.1764100195697682,4.0,0.48419559199416184,False
1532,0.9300605267580198,0.3906675144481177,0.5311201571854223,0.10216244276995597,0.576046580540782,0.44352499070279505,0.12441276170119808,0.32452389823744965,0.13061777309015699,4.0,0.46887984281457773,False
1533,0.8669898329268442,0.33425015903030275,0.2515420292074227,0.14459804497292877,0.3798407532481766,0.3236123169412885,0.16063566443465205,0.2877018721494859,0.11797365603160165,4.0,0.7484579707925774,False
1534,0.9768980019776203,0.14722157893458948,0.2500940352760116,0.0759129471613314,0.35696997903492766,0.6990445532341938,0.38951673607495096,0.43712824228302083,0.14367013314139804,4.0,0.7499059647239884,False
1535,0.5750892800866292,0.24469222191210865,0.4664886051924912,0.1442003537529067,0.6216628945554347,0.39433216476049743,0.7873212052427964,0.278647236050061,0.08427180479655068,4.0,0.5335113948075088,False
1536,0.5078343201373159,0.4350932595577582,0.4885098660039094,0.03349287763872791,0.0606518468167279,0.6220748341408389,0.4825450785341089,0.33228359355475134,0.1309038079430845,4.0,0.3572573614797644,False
1537,0.8393387651562328,0.06837898207338933,0.7754180704691473,0.17246985403543294,0.4409104849908423,0.5149248302041576,0.7393419458941517,0.40405524299081075,0.11720758857397973,4.0,0.22458192953085265,False
1538,0.061604723478131285,0.26489692992612185,0.6340044396447078,0.16962326663754515,0.16337391281885416,0.5391753256618479,0.27777671463390496,0.3159451294350541,0.044477205552231044,4.0,0.36599556035529224,False
1539,0.12315172829039345,0.13400350319118193,0.25590773538828027,0.05047043321433366,0.6934304940360569,0.8378367678529348,0.11861835677854848,0.3370502869048274,0.06909428031081408,4.0,0.5383512876195591,False
1540,0.295144300339219,0.40509320617464945,0.43741194867763694,0.17215417910603537,0.32944405523126474,0.6252731895692543,0.5417881290833463,0.3907276787768719,0.06185092675608825,4.0,0.5625880513223631,True
1541,0.4787797051122292,0.24642049816013645,0.23751700508669232,0.06298275534309505,0.08377898772089343,0.5928538888177861,0.43778526261816897,0.31233420430807485,0.08477439011981351,4.0,0.6718160569930139,False
1542,0.085821013710353,0.42168910941453,0.3027140261558712,0.1207230182230315,0.5902268151812685,0.2804778593271687,0.07395168454325152,0.19165332993762682,0.047122567841184196,4.0,0.6972859738441287,True
1543,0.7625974971804522,0.2311955059739919,0.2025430986339265,0.17194431980869898,0.5883469379622023,0.9332705837283091,0.014852480364050402,0.44196793863983463,0.09589165444333361,4.0,0.7974569013660735,False
1544,0.6567135377596652,0.2715316133767089,0.6873130089971967,0.135805351843586,0.6034811707830787,0.9059093879175195,0.6236684378905042,0.4610847458154844,0.09217058312998713,3.9652168643881964,0.3126869910028033,False
1545,0.3088532845918407,0.310190015799627,0.2095978984030275,0.19698774401293057,0.27018458471014495,0.4235591434118227,0.6869710539014174,0.2901313254624541,0.06148597431281776,4.0,0.7904021015969726,True
1546,0.39452061320922405,0.3458837617580986,0.5998376612729486,0.07494164850842042,0.6331489416878909,0.7480251830578342,0.6089478092603883,0.3918853771087104,0.07471530657559225,3.9110890879764466,0.4001623387270514,False
1547,0.15611715535830484,0.33345912029055996,0.4462647362256411,0.1360242204222915,0.19562006703149476,0.9188265064768213,0.6227696403146903,0.42544808270511264,0.05426571261368651,4.0,0.5537352637743589,True
1548,0.4595964584551955,0.16820632967213361,0.6984501679663607,0.18465504747052333,0.5127169205185426,0.8113765042102752,0.7259368151815924,0.4625752375829035,0.06991821859620811,4.0,0.3015498320336393,False
1549,0.09528984452778522,0.28466387277296096,0.6238097158389193,0.1228065688247794,0.5863426541686382,0.5644306813626239,0.49566141499305516,0.3305610586710678,0.049118293916921275,4.0,0.3761902841610807,False
1550,0.6121185316337093,0.34008547489046453,0.6068301430729,0.1896813136176218,0.08279101378140351,0.7950115488870413,0.47496612909200375,0.4002401777137599,0.08639230347061946,4.0,0.39316985692710005,False
1551,0.058439826075247336,0.2399350640436821,0.6985992911962625,0.05369672801869044,0.6035955293281855,0.8233847325806276,0.777843868107723,0.40132826495731133,0.07713848147069494,4.0,0.3014007088037375,False
1552,0.5959849788227767,0.4260059543132887,0.6922731684350494,0.09092915455825065,0.36523624746304545,0.35303984328485927,0.35901609541922697,0.3173468368742834,0.08699585318075176,4.0,0.3077268315649506,False
1553,0.02237031242952836,0.1895501071357733,0.45790435831384146,0.03444024308560462,0.10953329616296205,0.8085730403134264,0.5613056232943989,0.3521495360471782,0.09750214997815759,4.0,0.367362592913116,False
1554,0.5898378362550786,0.28243690157678253,0.7625745232844001,0.12093863540521914,0.1856329563612042,0.32305487310140707,0.6449430865458687,0.2761371173132022,0.08466965516317992,4.0,0.2374254767155999,False
1555,0.9816907709126514,0.32091028748896805,0.43252523196695036,0.06941493509668507,0.49398686970317607,0.5400879926443488,0.8619722970278192,0.38065879136981007,0.1607219449978239,4.0,0.5674747680330496,False
1556,0.11547815154286711,0.42719629037980694,0.24888606542392008,0.13419825070667218,0.6385921836362134,0.9375573131253081,0.2124810876827713,0.37956175044664836,0.050212347718452205,4.0,0.7511139345760799,True
1557,0.10388826109776483,0.3912283609523237,0.5304234997197139,0.05818774868510401,0.2597983021370486,0.7371771487525807,0.9127000612377268,0.4013063239186331,0.08039895709754377,4.0,0.4695765002802861,False
1558,0.019431660421523778,0.18819524032980367,0.522366164400571,0.17482733851835816,0.6474927443091358,0.5641412596102178,0.9836255432130988,0.29257972819901545,0.05384785208328259,4.0,0.47763383559942896,False
1559,0.9251287448994082,0.2471426362513371,0.34801066148279713,0.10539913934963381,0.5032139359363579,0.9265587382544478,0.11247352921342735,0.4822435899559201,0.12474585957348376,4.0,0.6519893385172029,False
1560,0.5755622414852487,0.43219788792946084,0.3359560809206153,0.16083006041765752,0.4366292920545869,0.43788452562777913,0.8958562696790854,0.33035800360230166,0.09272539627094016,4.0,0.6640439190793848,False
1561,0.871887965590608,0.26587221780466297,0.28902965089852295,0.03302125038944558,0.09309061935915232,0.5094802560278531,0.39224976457171745,0.30957773704124847,0.1731632601188515,4.0,0.35222667082075293,False
1562,0.5758121188583493,0.40317972441420324,0.4459692766590857,0.1276967715214258,0.21965451140764852,0.9961020699853838,0.4070871332506555,0.48028344345494023,0.08351012254046203,4.0,0.5540307233409143,False
1563,0.8938459579094119,0.19452417979561237,0.7039114483570799,0.17816982156659647,0.39487690532797126,0.5543738289245577,0.5773591185803366,0.41693921427174185,0.1255472798094554,4.0,0.29608855164292014,False
1564,0.5044256773832904,0.2535139362348197,0.7155379686579209,0.13903046001116098,0.5014821921772118,0.720343211426185,0.09738550178741856,0.442890266017098,0.06577047068176427,4.0,0.28446203134207915,False
1565,0.6560120348101415,0.41376793453014776,0.6752739363860861,0.1835965240028324,0.48150725705411734,0.20917722899387067,0.9868619127929981,0.2243105115884993,0.10309914253461268,4.0,0.3247260636139139,False
1566,0.572513889159264,0.17986492415661548,0.366452138028482,0.06601285833088899,0.2104709319206785,0.3226384218731748,0.9637211759330919,0.2597144594406727,0.09899830393423732,4.0,0.633547861971518,False
1567,0.43738412854659015,0.30630507695591613,0.548725115527287,0.11661626194848378,0.2217936402289457,0.4417123237986517,0.16728504402351518,0.32045984085510854,0.06227163520440346,4.0,0.451274884472713,False
1568,0.11686610623204385,0.25758533654746435,0.3655343386593818,0.10928887319893706,0.07976876856476842,0.502093867675456,0.9059229382062823,0.26229532187823656,0.055495701765888035,4.0,0.6344656613406182,True
1569,0.10681759120562118,0.38439365529579733,0.751393517595818,0.05960582228624285,0.4490948937399468,0.24335312936630907,0.42412020333404366,0.22919007779337464,0.07083833194504721,4.0,0.24860648240418204,False
1570,0.7271606771811223,0.2604545652015691,0.7621740448585796,0.12198742496136357,0.44516727105722476,0.8184108132493735,0.9137839705653704,0.4917718601654437,0.10614489967479399,4.0,0.23782595514142038,False
1571,0.15081705300832826,0.41236880855119,0.6174411998670037,0.04045881428832435,0.4935189655223478,0.44273878792873644,0.02925338033527336,0.3158223199783229,0.08915363309795143,4.0,0.3825588001329963,False
1572,0.4452643941214046,0.3845087421762972,0.4538721463286638,0.05811824045071938,0.16025740648320505,0.3611656624688174,0.7064942769944988,0.26190863458680447,0.0951878656047505,4.0,0.5461278536713362,False
1573,0.7125001442747113,0.17546574670657578,0.7925150452372758,0.04424648041848617,0.6267352375373744,0.5879704181326115,0.7931907827204655,0.37556363378061536,0.13670341214535,3.905858579494172,0.20748495476272422,False
1574,0.25580361354056325,0.17670112458444065,0.5465287871898451,0.039069958684477206,0.5190889278370806,0.6651204054972042,0.985072746273596,0.3918577618297428,0.10365004387066058,4.0,0.4167462259677569,False
1575,0.3818255407058816,0.11225514576036218,0.29441750270581246,0.14791246553037415,0.22278727467576465,0.4146378915255675,0.6477024239556837,0.28713078868191316,0.06141351586774616,4.0,0.7055824972941874,True
1576,0.6762119643872105,0.3177860813913276,0.7697704004328005,0.10234425646838044,0.4048217514057693,0.8121060323334757,0.08253335785920357,0.49252564963608064,0.08730734283504628,4.0,0.2302295995671995,False
1577,0.6668156374831018,0.1052729655972498,0.66414320658078,0.07197153632726533,0.1612841395888384,0.5735935600432153,0.7417055544717647,0.371541852927587,0.10136631880998537,4.0,0.33585679341922003,False
1578,0.5469411159063966,0.15594433497313565,0.33328898609175944,0.06211139539151664,0.3552614561183742,0.7588265830281535,0.8595106854252662,0.44277084040778175,0.0973697931592938,4.0,0.6625215508428443,False
1579,0.3543087746636474,0.32802854867223835,0.3910556387391073,0.06252866205569557,0.06242937416195464,0.5128821499342386,0.670618368008666,0.28406638936521655,0.08126578986237186,4.0,0.6089443612608927,False
1580,0.05008875899217102,0.28228216241118,0.3148804625073489,0.1279122483230581,0.27840171000746355,0.7739539857842033,0.6740002812848672,0.38569299888358805,0.05131498955998145,4.0,0.6851195374926511,True
1581,0.9568018302532333,0.3231797467689378,0.21774043390571562,0.15549502514853109,0.35720427351436895,0.4918312786921793,0.7147271891629748,0.362498879235227,0.14267752915178267,4.0,0.7822595660942844,False
1582,0.6188706350167693,0.22901921211971643,0.31819390473975584,0.13930843671957835,0.4946227977202718,0.40875826024036743,0.7285938013308173,0.3114715642781796,0.0880445404757252,4.0,0.6818060952602442,False
1583,0.10455912951789437,0.42948459583452925,0.5674907997266962,0.06696314999132524,0.13072501846919354,0.425083691765183,0.2602890486280255,0.2640106641656737,0.06368558688509868,4.0,0.43250920027330375,False
1584,0.7934910762896961,0.1449752647824234,0.737557989696064,0.16987370743634614,0.6969198045133272,0.5193487293743817,0.4608908033282748,0.33022750928883915,0.10618536764101062,3.836801728322969,0.262442010303936,False
1585,0.09788552229777325,0.09012548253356845,0.35505960808648424,0.09961376112505768,0.33719889481970144,0.9607343716448933,0.5280580883244381,0.447759948707305,0.04588989200139351,4.0,0.6449403919135157,True
1586,0.20033084907519627,0.387896515712531,0.7959357066803854,0.07220421833298543,0.13334857239088407,0.2660519243881412,0.1471463360356473,0.21426825734132837,0.05917634870629886,4.0,0.20406429331961462,False
1587,0.6056500714823004,0.13137143259065667,0.4431712105361712,0.17989675820481515,0.41597936555463005,0.35047789773557875,0.3584643383732343,0.3041326924094053,0.07858019676563134,4.0,0.5568287894638289,False
1588,0.7823389159907086,0.3589187413087149,0.3865974823162428,0.10325970287961145,0.5634143466340756,0.3117910810708464,0.2761835208515996,0.2581719710282292,0.10708018164111163,4.0,0.6134025176837572,False
1589,0.8970286546080286,0.41423682364123754,0.23176935883211014,0.15008542759593846,0.19659740396211367,0.5447522168672791,0.23596133037676992,0.3475746359274272,0.12751904702176783,4.0,0.7682306411678899,False
1590,0.18505887089952533,0.2595620675575167,0.6432207582114646,0.17825281320086778,0.10918126587475982,0.7566126526276558,0.5641301344279309,0.3764665932943725,0.0519868231466978,4.0,0.3567792417885353,False
1591,0.3127467512564476,0.24882307413896293,0.672673868283838,0.059091505105573136,0.6178790724697488,0.5969708255890849,0.27827098032063347,0.3538815165897002,0.07292673479338717,3.9956879656450845,0.327326131716162,False
1592,0.3294913745160041,0.06819827666202315,0.3383212881832085,0.14672848449207224,0.6772908064774554,0.3432108348656516,0.8630129353707279,0.2190841072496334,0.060866958825528165,4.0,0.6616787118167914,True
1593,0.27920202317115317,0.15730334189896272,0.39161171781916004,0.1100020150038829,0.125461600444091,0.7138699259766066,0.45058985271506846,0.3566421582177293,0.052187439047552624,4.0,0.60838828218084,True
1594,0.5238700330017929,0.2888759697055554,0.6739947576335936,0.1833852590358056,0.46063824267845893,0.7084558447751754,0.28767488224815363,0.4458274351416901,0.07183601968191985,4.0,0.3260052423664063,False
1595,0.5415088689999968,0.05177062233703298,0.7038553239514589,0.14880492518747926,0.27147556512532484,0.7419485784187787,0.32681517160946505,0.4554714963053051,0.07009667480931986,4.0,0.2961446760485411,False
1596,0.295581700198706,0.3891971747983536,0.35601232273913996,0.09171101621190328,0.3664177563568664,0.9235551574201024,0.008839308928256684,0.46817715645368846,0.053325749503936155,4.0,0.64398767726086,True
1597,0.7807625955532544,0.05510295845336497,0.5714291185777698,0.19926940451150885,0.32516535571181926,0.6122396695283963,0.8076124025606144,0.42506041478775625,0.10894292057454569,4.0,0.42857088142223027,False
1598,0.5063287129218073,0.4285404798613252,0.3259992481170627,0.050500141614417335,0.21996615707772865,0.39647396373481647,0.050772154466593666,0.28821413398194906,0.10022657968929469,4.0,0.5386681772204516,False
1599,0.14986621282369128,0.0816120433579119,0.38093199063953037,0.17579071137216867,0.20418430327396814,0.7593407403608137,0.26915325816026703,0.3783112225223758,0.042847247975759936,4.0,0.6190680093604697,True
1600,0.46563532237770155,0.22646928421766227,0.44560664878874456,0.07081777802014168,0.5939667839380776,0.923815710972665,0.37760706113252074,0.442484222235532,0.07598864824359514,4.0,0.5543933512112554,False
1601,0.2772256383799747,0.14390921149182406,0.34056022683811177,0.07612079409858827,0.4073541902593111,0.8159720361222769,0.21477248880608868,0.43678530201686616,0.054721000786284335,4.0,0.6594397731618882,True
1602,0.3036738345653628,0.24578448242383183,0.2705663815489063,0.13265405570388,0.4243142777963578,0.23977473865251453,0.5027763930302495,0.2128086887585622,0.056298802187152414,4.0,0.7294336184510937,True
1603,0.5605412685766894,0.3226719362265411,0.3645523351822765,0.1473193300181751,0.21123988331984295,0.7937313451155024,0.7166549503487453,0.42426941133548707,0.08381128164106016,4.0,0.6354476648177235,False
1604,0.08550085165264854,0.22797489427339096,0.7293476098399347,0.05082695239900475,0.22783990629604972,0.36521854443366436,0.8663476718967256,0.2758015133473913,0.08189197210317517,4.0,0.27065239016006526,False
1605,0.6460078630621469,0.275299557481503,0.3134162829994163,0.05889977614372233,0.42147917509068245,0.37317707547312023,0.03129655918749352,0.30690032277796025,0.10109488554990176,4.0,0.6282642788663716,False
1606,0.15323104004117494,0.06881161711877333,0.7715305823577399,0.05118547169767505,0.41169201717087217,0.6466010826314643,0.3825268843253986,0.41609976460624587,0.07269882864481322,4.0,0.22846941764226014,False
1607,0.12673744138124365,0.1714237212435032,0.6024613467854164,0.10386682154672343,0.5068659316928277,0.3786057465625888,0.23581707186797318,0.28169218724680006,0.042863579295871174,4.0,0.3975386532145836,False
1608,0.25766728093840574,0.10518690384468075,0.2529279183050017,0.10664182843984915,0.3046772558241771,0.35372996686590374,0.09362119549375747,0.26245375588512515,0.044514559895958546,4.0,0.7470720816949983,True
1609,0.6771828026830422,0.1821658628801538,0.3875120289631073,0.18261658456531601,0.5667847495614663,0.356431643422732,0.9086263965712906,0.27751386986991416,0.09737770195864726,4.0,0.6124879710368927,False
1610,0.7937510459844723,0.3525537675565632,0.27353649581735234,0.1585952086382128,0.13949831933942075,0.5587605180479696,0.24071977423301927,0.3351948121397689,0.10802623756694216,4.0,0.7264635041826476,False
1611,0.7611211265224751,0.4216077221721008,0.7158863052282161,0.1326962036679154,0.42384464270835,0.9451413760141163,0.05705533420093456,0.5179679571103195,0.10285223691497497,4.0,0.28411369477178394,False
1612,0.3385130120802502,0.2250884368400718,0.5697198554672636,0.07419439914426454,0.6919323426145186,0.5545075871543448,0.25412705733817875,0.31152293046630997,0.06174808586306331,4.0,0.43028014453273644,False
1613,0.23806761472533167,0.38934012103238896,0.5020156492544932,0.1903459287530038,0.4349554605221315,0.9140258040954818,0.8369042084093171,0.47089552735679385,0.06303365344252065,4.0,0.49798435074550684,False
1614,0.14579844857506785,0.41458817287264754,0.4755435301660405,0.13004485248499467,0.5468206450848556,0.25803521042055055,0.4647022636367273,0.20621335587103845,0.054550408121495995,4.0,0.5244564698339595,True
1615,0.9239031122908735,0.09981220361652708,0.23949962739064923,0.09415491055326258,0.486238126556153,0.6376536661329167,0.46308640488051744,0.4052329041024484,0.1279781390336053,4.0,0.7605003726093508,False
1616,0.5356930759096394,0.11832230711697354,0.7000571050731386,0.05450905636473381,0.447777768840943,0.8736794267742598,0.23329632914453557,0.49745046195053133,0.09286664624962294,4.0,0.29994289492686144,False
1617,0.9490231092755944,0.4431986937380609,0.3560275332041473,0.07582962726021683,0.4201738946344296,0.5391692528568894,0.20129211745222986,0.3839780467697708,0.14451499399635861,4.0,0.6439724667958526,False
1618,0.08635228486410518,0.20086531510133282,0.20354547964709097,0.05228599684716084,0.6725278178059838,0.28116789724457303,0.8107367602944526,0.1647585786354841,0.0787302619676766,4.0,0.5577172997030491,False
1619,0.9492999845763682,0.1488015514377128,0.2297423295941344,0.0570125449590871,0.3478807707361021,0.5258238738525367,0.933526976191236,0.3781403439422491,0.16226539117676494,4.0,0.6081338128969291,False
1620,0.03879080847921834,0.22890918993212217,0.21232978492297486,0.17741330864716748,0.397120706560655,0.9029715115198649,0.6758535834067966,0.4133599334229825,0.0498219152167756,4.0,0.7876702150770252,True
1621,0.025352198206051835,0.25955478031263357,0.6609570760737835,0.11892675074656392,0.3346682858819973,0.8108830083611209,0.8413489815811652,0.4377426235389453,0.05322043080264185,4.0,0.3390429239262165,False
1622,0.01386388653301307,0.12142866139947675,0.7094910675105912,0.09731912716546898,0.18256818989512968,0.20853267226037797,0.28578609596857696,0.17389942380231702,0.04144477927805176,4.0,0.2905089324894088,False
1623,0.6064769745787267,0.18844464514403847,0.5170655645168305,0.07169049930010343,0.5544468059240051,0.9268155712470989,0.4205920124978243,0.4703864253891579,0.09006355840366705,4.0,0.4829344354831695,False
1624,0.5086358323530571,0.2234474132470669,0.2707252222832014,0.05313610994855223,0.6966225901738877,0.6687494783162347,0.28049032358162196,0.3330541137652246,0.09423633768222228,4.0,0.5667851727845572,False
1625,0.7976979468996608,0.4359822215121984,0.36474219696662297,0.10149084814359603,0.6425598600354174,0.718173942324595,0.8403163866956344,0.37938303373222937,0.12186349243764935,4.0,0.635257803033377,False
1626,0.7350631319748778,0.26168247292900515,0.37751596121465847,0.08492653757113688,0.17416904115326345,0.20513422833289213,0.14549105723326317,0.19168208007395798,0.09744040046370374,4.0,0.6224840387853415,False
1627,0.32100739434881076,0.27438249331877,0.5356210696856367,0.19971854469551512,0.09862451827216873,0.8360919212108882,0.7750504336662665,0.39535606158570435,0.06257997930254482,4.0,0.46437893031436334,False
1628,0.799439715011824,0.2914859820467147,0.648591350276112,0.18946990684778242,0.44887945105478966,0.26393874374269627,0.8869612919966283,0.26958250550337665,0.11740716566760855,4.0,0.3514086497238879,False
1629,0.5364295688022235,0.3895936809756919,0.4260421900961637,0.1523531598918481,0.5123618129085511,0.6004639133595868,0.9482167468204106,0.38105890955188915,0.08749002016218088,4.0,0.5739578099038363,False
1630,0.635382840298562,0.36287676610493297,0.4413346405411838,0.055791300968348806,0.05402904597857392,0.5725409232187357,0.8782456392149208,0.3190541019977183,0.11962023289000417,4.0,0.5586653594588162,False
1631,0.18781230136806226,0.189593973007458,0.35111020287596134,0.04095242663561982,0.5246206302313798,0.2794739154837223,0.31117344199334795,0.21638136077458853,0.08728994108392966,4.0,0.4368258841132781,False
1632,0.8982703767973385,0.1338153167823002,0.2546467261801637,0.14896713177437124,0.3639947242742842,0.9845298529990476,0.951480348069149,0.5063925274031452,0.13138885080066381,4.0,0.7453532738198363,False
1633,0.4467688113455701,0.19579740925525385,0.7084315651721087,0.17464200213022327,0.3081342836815681,0.34944432570469597,0.6752792819003811,0.3089756132814871,0.06847739689443157,4.0,0.2915684348278913,False
1634,0.09357554294662995,0.44760933297817745,0.6283695388951651,0.14642288472429726,0.6216677241877049,0.5813413025288835,0.5289161969069072,0.3245909323148191,0.05586126650741461,3.70265858525492,0.3716304611048349,False
1635,0.9288690333830555,0.18920824200140246,0.2767196036953619,0.04426848511081775,0.06974014144382072,0.6310226354538349,0.6134393467966761,0.3433724495565814,0.16878085578998894,4.0,0.47219717451538934,False
1636,0.657874910489794,0.37704011078740424,0.7554078176791053,0.1740954607200256,0.15734780869862142,0.5654716138932181,0.9589696055981669,0.3679357377537137,0.10136663783393136,4.0,0.24459218232089477,False
1637,0.9196716050766054,0.3879683246719467,0.36681642812390514,0.10949118497851795,0.4110497203242531,0.5330128353585288,0.9115819622962922,0.3840251927167907,0.14147381549964674,4.0,0.6331835718760949,False
1638,0.6144378848651023,0.38291229564528145,0.7255767639045896,0.1878229290222916,0.132760984314286,0.33632752580042596,0.6809088194040782,0.26493640049647366,0.09164933705179595,4.0,0.2744232360954104,False
1639,0.28699457357061375,0.28555684135655446,0.507209085823302,0.07181347794511454,0.49352573068997363,0.8431711070649608,0.6113595442164447,0.44731588746609485,0.06754620546472535,4.0,0.49279091417669796,False
1640,0.35032261480765625,0.33411795009676754,0.3724756106838629,0.07887336097762288,0.34789892505462294,0.6035695439167132,0.5348658275006414,0.38463169093452626,0.06773058413076712,4.0,0.6275243893161371,False
1641,0.08059666592022074,0.13932630811158558,0.32032957976231324,0.18610248086575315,0.5273525218512086,0.30598165120073245,0.26061102197953023,0.21514910753759287,0.041810475568362065,4.0,0.6796704202376866,True
1642,0.7875772101960415,0.06279431409546224,0.7723172646912688,0.06349717864241769,0.406290919638194,0.4500062446648147,0.007230183901283493,0.37958277173322524,0.11263176855924727,4.0,0.22768273530873118,False
1643,0.9979355911481107,0.14927014396271976,0.6849201650420857,0.11280633775467575,0.2612658836417697,0.5344869897525206,0.13704315765834396,0.3962388887455005,0.1368316564915329,4.0,0.31507983495791425,False
1644,0.7926430285731961,0.09667287537595648,0.6482319728339081,0.1157604354462723,0.4609620432986266,0.881307920773369,0.28544926819104666,0.5016023540693181,0.10258058066774152,4.0,0.35176802716609185,False
1645,0.9739106581516234,0.3217763858489634,0.2087106175914064,0.14255369006724689,0.1863948019213713,0.47590916416700363,0.14624949306372803,0.32272076543650985,0.13658671514206386,4.0,0.7912893824085937,False
1646,0.7901655838493911,0.10977393432345153,0.7101807948901355,0.19416345967783638,0.33939159603350033,0.5767689184121594,0.7228663391115928,0.4232323892367749,0.10947707264895097,4.0,0.2898192051098645,False
1647,0.7142528530629069,0.3629619297370494,0.29355338886459587,0.19767818980518415,0.23945023176413566,0.22473887202426637,0.5759814724020739,0.21211737468469044,0.10214714269382913,4.0,0.7064466111354042,False
1648,0.749529597645979,0.283721587555287,0.6248233738097959,0.03769951514668917,0.49313497441951126,0.7134019238385092,0.36681441412925486,0.4443610824012454,0.14672486117228098,4.0,0.3751766261902041,False
1649,0.6894292114583661,0.3183036516393961,0.264645863582217,0.1623315909284977,0.30360084902624895,0.4508070419940955,0.3631933304890862,0.3349262690144659,0.09367289275716319,4.0,0.735354136417783,False
1650,0.9012812194879121,0.16390347667019867,0.5344243125615786,0.03038807521563156,0.49908299606841716,0.9580683534403376,0.633632278350456,0.50376721230146,0.18414463227392897,4.0,0.32413946896673673,False
1651,0.5135480640078297,0.050811584571008074,0.5898976233932014,0.10739425113601989,0.48171698290739595,0.9397909208426389,0.7545599010378162,0.49688181505635204,0.07418400657869498,4.0,0.4101023766067986,False
1652,0.1547530342390787,0.21802055200378595,0.2944295843052217,0.05842515685980214,0.24328344961878728,0.8139954106852338,0.4588333074355714,0.39825018512948324,0.06853543144562593,4.0,0.6232016731712229,False
1653,0.07402757405746929,0.12096059333826724,0.7492005146832428,0.14426098589771208,0.11022584339805297,0.6500345456000909,0.8656943158341087,0.3443810067187945,0.05133711493783139,4.0,0.2507994853167572,False
1654,0.1717289507855304,0.06228425449108559,0.3431820841332327,0.07654336232199213,0.6762224199453174,0.6390357403999996,0.36683874608404987,0.30557928866486056,0.05145064742684719,4.0,0.6568179158667673,True
1655,0.3709524327786451,0.2823923396998446,0.3737172833646317,0.1936233887912138,0.48536786367863466,0.30735349395519657,0.7362163190510278,0.2545289547255698,0.06556346782465378,4.0,0.6262827166353683,True
1656,0.1804698577993955,0.09864649087434306,0.4219442789721839,0.06102764012241138,0.2205008234260618,0.7993878521529385,0.7540746555629084,0.4024515617218882,0.06976071337127163,4.0,0.5780557210278161,False
1657,0.3364075407794551,0.39063298182627515,0.7763279395278342,0.07530704454754963,0.685714623946671,0.912741464100449,0.9980140466892072,0.4240627519149201,0.07841349508963848,3.3078748797669033,0.2236720604721658,False
1658,0.7654269216955105,0.05615806592711379,0.5061687586489955,0.18947093752695604,0.1648442468328704,0.335462542614087,0.47043145658764784,0.27112246443778065,0.10112374416959471,4.0,0.4938312413510046,False
1659,0.8268111712529781,0.11112039798767973,0.5076275591174282,0.12218465830398438,0.6355651727760371,0.964392249422209,0.35124103837071696,0.4577735186334129,0.10922991578458324,4.0,0.4923724408825718,False
1660,0.3638569340783484,0.20791928451782843,0.32678054539501666,0.042814757579867545,0.4774783018240828,0.45133406000754406,0.4436564948167526,0.3174896082522362,0.09679957854956499,4.0,0.4566907475185872,False
1661,0.6202856396775336,0.37406600896397374,0.5411322251372821,0.05701679947439889,0.11652311148006106,0.23774212463353114,0.5124807666182721,0.20057958894064495,0.11096901347973252,4.0,0.4588677748627179,False
1662,0.7751221907999509,0.25300483696906406,0.41384494474794487,0.12630976420167328,0.43737994121345825,0.44600291518249596,0.6480545278377243,0.34939733674454426,0.1086639488411883,4.0,0.5861550552520551,False
1663,0.5533548085463665,0.14791674230767585,0.29389478159545207,0.1811949781726005,0.63810620680433,0.44373058733195897,0.34056798232351826,0.28177154475183547,0.07259397708136338,4.0,0.706105218404548,False
1664,0.6181763787394893,0.15268193272004585,0.4290078716043007,0.1494390123630419,0.6667077374280549,0.929784873224069,0.6316352118811178,0.4255662344969011,0.08485611096533154,4.0,0.5709921283956993,False
1665,0.12258156799723396,0.16261627497167164,0.4387236790432295,0.14965683999126433,0.38216616704774825,0.5064208807615653,0.6011889395222335,0.3345713322151574,0.048571818185179735,4.0,0.5612763209567705,True
1666,0.30371131001241414,0.12733296991628057,0.23447482150863191,0.1462533650746612,0.15906888159551608,0.5724444207668095,0.14388957601514973,0.31374402779913046,0.04813521173634183,4.0,0.7655251784913681,True
1667,0.08396676876008302,0.43198941503687927,0.31952817447285187,0.14198785465797067,0.12903389389789666,0.5005257334330362,0.7542958745623971,0.26932274059232403,0.058655127588023194,4.0,0.6804718255271481,True
1668,0.02723955157707647,0.40562356294386065,0.4816346838279118,0.08901875026186445,0.12487884181997315,0.47813591127879285,0.8766807391795375,0.26747815636823674,0.060298484744448565,4.0,0.5183653161720883,True
1669,0.8461221450787241,0.2937852265480633,0.7278458994347061,0.13244605258977088,0.29701120509210904,0.9919714972705127,0.2622423446209101,0.527678439875509,0.11480391276527042,4.0,0.2721541005652939,False
1670,0.8171741174230511,0.13416553827016886,0.7977928206085687,0.06556536516359535,0.4982985033768275,0.8345846814786027,0.22089643198277076,0.4915030131059234,0.11978037484763755,4.0,0.2022071793914313,False
1671,0.8807910391819305,0.060235680119310776,0.21007079335135298,0.05745552499989584,0.2180879087252381,0.5258781379540167,0.6784446732133079,0.3506138054083123,0.14441192858240304,4.0,0.6128589333322224,False
1672,0.041636686386082866,0.41844193300171256,0.6908560684156659,0.1432170054852948,0.1398547515578322,0.5080888281324369,0.8252500435079896,0.30042176949152594,0.05869079775190749,4.0,0.30914393158433406,False
1673,0.7889420436514446,0.4359541256863671,0.4347627988729272,0.16350210271917748,0.1544433493792837,0.8969458753743398,0.865072896451958,0.4409013661709743,0.12090580953225415,4.0,0.5652372011270728,False
1674,0.7807097801166417,0.4137670959933464,0.7422236115909249,0.1011814953727024,0.4792684287273667,0.3217052186272474,0.7358870387103431,0.29949102121008186,0.11654726508553195,3.9375400090886887,0.25777638840907513,False
1675,0.49399287827966853,0.3524176714797019,0.6159206337923873,0.07070521746781586,0.5705493578207583,0.9132039484688395,0.9851962752546145,0.461848792692759,0.09245552842362634,4.0,0.3840793662076128,False
1676,0.22835322257195345,0.34761999863587756,0.7960906979842814,0.09026285361741129,0.22133084585604462,0.8660129517891888,0.8417195567195824,0.4595701531381646,0.062176890386082366,4.0,0.20390930201571858,False
1677,0.7334874580633965,0.17842506343785458,0.6510275294797578,0.12580284412839082,0.6047834050921176,0.37402852977939693,0.44727710356771877,0.2922218469479948,0.09755557289029006,4.0,0.34897247052024216,False
1678,0.8821297463457296,0.4072421261148171,0.3179947016227684,0.18149796323069828,0.6188088364107817,0.9337924228933874,0.5826315605369878,0.43974315117228197,0.13028123933355484,4.0,0.6820052983772316,False
1679,0.17176539566450388,0.28164384925694863,0.5140098773478807,0.06912395482879999,0.40657877591547437,0.6381495894990683,0.028032917538229007,0.39284120417767204,0.054599585169032204,4.0,0.4859901226521193,False
1680,0.2168436460104166,0.3121707183558,0.7880480618827013,0.051313812908214136,0.6462475073227957,0.23422063950258015,0.1185611734755887,0.19302997581544495,0.07539124532967316,3.55218677386479,0.21195193811729873,False
1681,0.6161133936658207,0.18814314323226694,0.6974234884048589,0.17566438275868412,0.1740325338852775,0.540023927273878,0.3615408336431952,0.3633330494336852,0.08082968367762335,4.0,0.3025765115951411,False
1682,0.032451983105055704,0.0719254061177732,0.28055067236221387,0.17076867093399525,0.13912848835654984,0.7223675539081227,0.13663475254299606,0.31884889028367214,0.0385103662851067,4.0,0.7194493276377861,True
1683,0.12230527164974792,0.10569951656967214,0.389031961161162,0.17837615007579807,0.49075860994590864,0.41194585231543396,0.517361946401765,0.27966528827550374,0.046399408533612393,4.0,0.610968038838838,True
1684,0.579285368618722,0.3865976481393483,0.28226993150003304,0.1777176704723262,0.5167735980975935,0.21371682192950037,0.2286898693755418,0.19996354764250926,0.08030732949581121,4.0,0.7177300684999669,False
1685,0.6718488655179644,0.11351365204357747,0.3011580419542514,0.09301318665864683,0.2719437762577451,0.9774039569936661,0.207981636313341,0.4874421481516772,0.084751038173469,4.0,0.6988419580457486,False
1686,0.2994103191593984,0.17033911047155736,0.7933439694441287,0.03646031886870406,0.48871599854659,0.639640040053739,0.9174080726397537,0.41636214111592723,0.10861838909444554,4.0,0.20665603055587137,False
1687,0.9697413762150018,0.09205305538472866,0.7218712522220634,0.04615440525241118,0.2793888796241295,0.8532213212678077,0.4595667140897969,0.49825578314338037,0.1700130767976947,4.0,0.2781287477779366,False
1688,0.9025953744150957,0.2425922494620611,0.7137868819852018,0.041201548884402556,0.5932075618458392,0.5800272287412382,0.7839403892736286,0.3821941308292369,0.17218310380378454,4.0,0.2862131180147982,False
1689,0.5065712933348542,0.4196592557098712,0.6306634187422937,0.10880434826390731,0.2619677055280852,0.7753818956555543,0.9393850711479441,0.44998818337430546,0.08556692681124715,4.0,0.3693365812577063,False
1690,0.0795751606895726,0.16744151317439196,0.4220527739716225,0.04525853602136642,0.5802478275320384,0.5202095168090621,0.1526048385673402,0.29646045377181174,0.07569660542877397,4.0,0.4827577175612418,False
1691,0.8481247830095968,0.18643230606579508,0.28506593210190645,0.09957394966019144,0.22970356152097282,0.49157159250189003,0.12608798491434403,0.34391741984856666,0.11022357430929029,4.0,0.7149340678980934,False
1692,0.21727216916505432,0.05289848247211779,0.7769070503964421,0.17567788872767126,0.6782195489361386,0.9519434403099751,0.00983139799941013,0.42881179654826146,0.04083650179745587,4.0,0.22309294960355788,False
1693,0.3512729534696798,0.42413796760838157,0.2944590381045557,0.19198760018543112,0.6136713877525225,0.33563080220162594,0.4850324994797476,0.23100379701848248,0.06530249468200243,4.0,0.7055409618954442,True
1694,0.5579471873356067,0.1496551599470502,0.7921526771269016,0.09336687689583581,0.6543281309486201,0.21479041656688064,0.25008660430938434,0.196419330862359,0.0721610352937838,3.8775148503924863,0.20784732287309837,False
1695,0.1900759112799294,0.2062763169497353,0.22648175157332834,0.03973121219756111,0.5269481808863373,0.6745065314902903,0.27081754089824994,0.3549818624060169,0.08877226626755733,4.0,0.4237995967739852,False
1696,0.08300949920842438,0.11897396512848735,0.21326250383537917,0.19983115477778857,0.2744629383277845,0.9918538047982557,0.3928366296895035,0.4243687455312853,0.043732668969234466,4.0,0.7867374961646209,True
1697,0.9761342235461447,0.2261843780318965,0.58339001486306,0.19156673449908473,0.16211467524625095,0.7014873384114093,0.010419755808076858,0.41198405252158893,0.13205865619895038,4.0,0.4166099851369401,False
1698,0.6194243000349628,0.4366132414079255,0.7295876653314624,0.17008203089747906,0.5786689489714939,0.6236848273592268,0.1911901311324622,0.390896708612451,0.08655750459368104,3.629095462383214,0.27041233466853765,False
1699,0.07735406298275971,0.14595797697716006,0.4013197003729024,0.0510981688348833,0.585339055478094,0.7933875145774942,0.32344524306009803,0.37118668693913504,0.07098678109804053,4.0,0.5450471342387553,False
1700,0.2510958338123056,0.3601983182506242,0.21014764243960365,0.18244178630637756,0.206358243296765,0.6895272327738713,0.584230768521721,0.3583056210807329,0.058392951256648166,4.0,0.7898523575603964,True
1701,0.4621798963395135,0.34529612404989574,0.7968111926962911,0.17638565899573408,0.0775788069752481,0.6117587747594921,0.3252033227349479,0.3537040643057198,0.06836034465391094,4.0,0.20318880730370892,False
1702,0.5692327688428938,0.07737916143271449,0.7141531549019744,0.10594322121314906,0.28228064654365076,0.9991371295980318,0.24907157152541637,0.5232470969049018,0.07201613821949275,4.0,0.2858468450980256,False
1703,0.40692430320950623,0.4345678053452827,0.7948725260074612,0.09354345196801357,0.49685695448093853,0.4027227423844161,0.5177979587460457,0.3264590023547908,0.07092696451403925,3.731655616371536,0.20512747399253883,False
1704,0.5633203068221435,0.2012671373363295,0.7549648018511759,0.1315487931845259,0.1501926598927781,0.5722861143091247,0.8393393566422188,0.36818657366128665,0.08279733438408707,4.0,0.24503519814882413,False
1705,0.7503552262532359,0.4095752047189056,0.39010506893066876,0.10828208921652396,0.35777223568807026,0.5270019421614599,0.9391742162024795,0.37891254275126846,0.11513373866920651,4.0,0.6098949310693312,False
1706,0.4442060629717026,0.361458064033137,0.3780441244631231,0.0813598246951802,0.1928324096416102,0.45554402421484774,0.8110337366925725,0.30576626592502815,0.07937405196945331,4.0,0.6219558755368769,False
1707,0.9154896671091112,0.3012989382850887,0.26519976515397053,0.10199177297789536,0.35010653554914783,0.4585770561378147,0.39205050514060347,0.3512392782948186,0.12912277039617653,4.0,0.7348002348460294,False
1708,0.6713757402082369,0.25782120690097443,0.699625803969564,0.16142420996929566,0.4489822257251835,0.9673986321698498,0.41876780660988067,0.521233808367221,0.09035419911401729,4.0,0.300374196030436,False
1709,0.6329418304091259,0.4356176458549066,0.23095428592942058,0.03987164069078471,0.12312993204936118,0.5180697381018724,0.04877695078202027,0.3062880263541224,0.12833174157872923,4.0,0.4252975007017036,False
1710,0.3093696215026287,0.10796349952652734,0.3230242866314534,0.060754670421846985,0.5560465409107362,0.7368351286142132,0.7566341210607702,0.3848962541750069,0.07633713134817506,4.0,0.6480498178330345,False
1711,0.1301412606964063,0.20882992925032318,0.48516810502054436,0.14550614947437354,0.6427266229696711,0.7702617842547299,0.7030366501230232,0.3623801445911211,0.05131774879954233,4.0,0.5148318949794557,True
1712,0.22113867681004595,0.21821251477696685,0.2883927409695014,0.11219726902199562,0.37282067616737546,0.3766062787393263,0.8279054327683834,0.2791880783125165,0.05669537105896872,4.0,0.7116072590304986,True
1713,0.6034395189164451,0.40734592877522496,0.27403821177585896,0.12693480594318995,0.5299255418142377,0.7997599592326448,0.5508520609198587,0.42554814609098496,0.08922339110780211,4.0,0.725961788224141,False
1714,0.9673618683798391,0.09592707102721856,0.4683502223727697,0.13598708173944618,0.20526965943247671,0.6030842264471882,0.7875213225781813,0.3918933785192245,0.14088106245446289,4.0,0.5316497776272303,False
1715,0.9234880297792171,0.37755126444508047,0.38641192021843185,0.14087515596633338,0.14762621727608566,0.4652507181144854,0.15009485742034112,0.3145243773745981,0.12931767541371694,4.0,0.6135880797815682,False
1716,0.8514986334376494,0.1386686722894538,0.3147316065384405,0.06976373336049771,0.15566877713232866,0.4893792436597224,0.862291974775417,0.3238547141997069,0.13273131374426278,4.0,0.6852683934615595,False
1717,0.41822508468517083,0.4046722058081735,0.33990813587345836,0.10858973342837712,0.5976689825602567,0.5253873687931487,0.02449306385704686,0.31742132223624697,0.06198845699298101,4.0,0.6600918641265416,True
1718,0.509382796834286,0.34481133856999413,0.4384575764533547,0.1151826559500305,0.06715304038643155,0.5329425094964815,0.7013285552666184,0.304216840442699,0.07897278513544113,4.0,0.5615424235466453,False
1719,0.7206908551157676,0.28539305379216484,0.5783993082809833,0.09688484386258317,0.1788650642596319,0.8221807873460254,0.20040218760348272,0.44295610774214145,0.09440921831599626,4.0,0.4216006917190167,False
1720,0.18522066365187273,0.23882950898051641,0.3935462280107638,0.19258801509283116,0.4544570938516021,0.5257265462987696,0.6403073815423768,0.3394974745641065,0.0526963338768669,4.0,0.6064537719892362,True
1721,0.4510842920924365,0.4113002678843873,0.4851298557642539,0.09829509977173821,0.4754760309754591,0.34288915702213063,0.46060177471242136,0.28528898959917187,0.07222026579793832,4.0,0.5148701442357462,False
1722,0.5543014990266668,0.22388311269928213,0.6229472402706879,0.07157570040458777,0.4676422228611772,0.9213313853356533,0.650309768938407,0.4987802973587923,0.0887216383674272,4.0,0.37705275972931207,False
1723,0.9771960996161876,0.14268189934610281,0.630795908678822,0.056826854368350097,0.4760261478147616,0.9517764378552971,0.35951285196974847,0.5152482209824794,0.15825438174577885,4.0,0.36920409132117804,False
1724,0.8236923086568294,0.17999871232183584,0.34287932939253407,0.07792021079769178,0.24327289863884033,0.5694544709090007,0.10190389823717716,0.37839631218033437,0.1114325599978025,4.0,0.6571206706074659,False
1725,0.7265509835233541,0.15436686399070937,0.3696642535311264,0.15697468308415793,0.44126192567203393,0.9480738381854901,0.8593634816265806,0.4974654987956241,0.10287145213239084,4.0,0.6303357464688736,False
1726,0.9015491746471008,0.1783258422132351,0.2565115221684691,0.0880431732196225,0.40598610495598697,0.9523387557633851,0.6158642393926181,0.49860185634940074,0.12889472066054766,4.0,0.7434884778315309,False
1727,0.7231458042267985,0.36995210681287943,0.6147395711159203,0.16569436109789645,0.527412237186931,0.2685152851591466,0.5279782451427393,0.2530516353312605,0.10288302859211923,4.0,0.38526042888407974,False
1728,0.23165568912598655,0.4437249382358625,0.4372086541809562,0.09684312008663472,0.4351467910326342,0.26856394853708454,0.3867761903949263,0.234461767572382,0.057875386122387934,4.0,0.5627913458190438,True
1729,0.6624138021937496,0.41355285573628364,0.6382794366471913,0.031755788608869795,0.6337327676426536,0.8527910524394045,0.11683020455605564,0.4311821618706185,0.1444456470001636,3.7014659611937932,0.33872841182794455,False
1730,0.010417444604491788,0.23382288848450056,0.23292161099114114,0.13144146469298978,0.18590884540357816,0.9294097297750044,0.8780100946206701,0.37883774667834536,0.053103408611123504,4.0,0.7670783890088589,True
1731,0.7923567421096127,0.2698788266222018,0.3296670531350674,0.12034399665788724,0.5288232196281034,0.5145501580797119,0.45173113445767,0.35261288990635015,0.10856601109252996,4.0,0.6703329468649325,False
1732,0.6136726149897453,0.2502421294224301,0.7904945622891009,0.050085389612612656,0.24934585493349948,0.8760584615919595,0.9186445653501105,0.49121772613706155,0.1203284325272129,4.0,0.20950543771089916,False
1733,0.9830250550199963,0.10809082580494,0.7962456009070391,0.15105455356996794,0.42325414183695376,0.3215674634661282,0.4606356893968748,0.32053608330540495,0.13866709044728645,4.0,0.20375439909296092,False
1734,0.8871494166688513,0.0968279298747508,0.638315300690939,0.18772593030739868,0.3311071570709127,0.9661935892239601,0.555414455730004,0.5266471287810587,0.12253454474507444,4.0,0.361684699309061,False
1735,0.03292584876007154,0.07075903309914465,0.602328529714959,0.09646271568098047,0.33691086554942856,0.8638410253669309,0.30110741481147174,0.4434791161856766,0.041336162422671435,4.0,0.397671470285041,False
1736,0.587828988183728,0.13733720430363688,0.43982757732366806,0.14919313412950685,0.47886972319467724,0.5056199046256445,0.7995047968410455,0.3617015249862125,0.08377945717942553,4.0,0.5601724226763319,False
1737,0.11986844213842218,0.4370500281314574,0.5410904993034439,0.05495102799814916,0.16892029316920007,0.3293332074129414,0.845987975345898,0.23344962455494192,0.08494635792834707,4.0,0.4589095006965561,False
1738,5.419091675629151e-05,0.3515361941195862,0.29562120439405626,0.1658595570332839,0.17155049299818442,0.40086151992868546,0.713736058889982,0.2330272508560584,0.05401037667257667,4.0,0.7043787956059436,True
1739,0.38601788248780544,0.39831230137127455,0.7841248037171962,0.19081838343410848,0.482008438805509,0.8622752614524845,0.7843930656051501,0.4828646139306379,0.07158775411333787,3.8702983548273404,0.21587519628280386,False
1740,0.5114182562689081,0.08985971438731495,0.7365364975088928,0.09039465855324516,0.6479304867298494,0.2053928140098293,0.8616884312431037,0.18800915536268156,0.07708981397647777,4.0,0.26346350249110717,False
1741,0.6432870189078134,0.23980353326253961,0.3851150183735416,0.04054018987985537,0.16840330278869714,0.770108329605202,0.06806448481013183,0.4101831185189801,0.12209237652117169,4.0,0.4324286920517907,False
1742,0.9365528340292746,0.1433170434212961,0.6698659082158774,0.15775850061465502,0.5715878354268724,0.7959444802196296,0.33514839673616725,0.4529190838109232,0.1283456306155105,4.0,0.33013409178412256,False
1743,0.08149954013610172,0.16218428767184523,0.292074917945959,0.171433042503894,0.24424609653178048,0.9556732343233805,0.1806315274237602,0.4197613700973081,0.04087938757018121,4.0,0.7079250820540409,True
1744,0.2983229567756218,0.16480288285012126,0.49996931493071334,0.07131810521687551,0.5837203502938462,0.3697831878611191,0.017823030762876058,0.2649835294914883,0.05599894764369124,4.0,0.5000306850692866,True
1745,0.37389177049188427,0.08246446623421311,0.7840858788734717,0.16159161645540984,0.6135561999658528,0.9971001913599487,0.41306931570099426,0.4748143292609954,0.056693871615630186,4.0,0.2159141211265283,False
1746,0.5194944519678885,0.28529532429717314,0.22616123370121277,0.03215177287600342,0.24493590442745428,0.7507338803919359,0.9389116202834634,0.4097622606182602,0.13600670350037705,4.0,0.3429522440107032,False
1747,0.5042911024133229,0.3451775855558175,0.2515352460573418,0.11600113461172747,0.5919603157396435,0.3549168996965462,0.6535457507421947,0.2520454498587966,0.0777006652966959,4.0,0.7484647539426582,False
1748,0.730624352447468,0.15288841228749217,0.29828577894793623,0.10231740921137954,0.3514101178222914,0.5754534416922068,0.8422435148293118,0.3927746267047005,0.10314956917055115,4.0,0.7017142210520636,False
1749,0.6630773152530747,0.31366294064599176,0.612315348402309,0.03614378003483968,0.10102282680209299,0.27120736032312404,0.9611151871557669,0.2209294227910643,0.14770595158419225,4.0,0.3855336537049566,False
1750,0.12091103645537993,0.20024695420590444,0.20864253339883604,0.0934858108409319,0.2619178472406857,0.21748763443906674,0.2419356008494281,0.17110076094467455,0.04388031618313353,4.0,0.7913574666011641,True
1751,0.16512468496518085,0.0904540340204481,0.5639525699020271,0.12622621191456662,0.6946001794432661,0.31035789528023383,0.39258986743038304,0.20382027958572613,0.045412031153009284,4.0,0.43604743009797287,False
1752,0.3017853092212901,0.152836777271334,0.7037183817012798,0.16032851632927114,0.6664405093606963,0.728107436535288,0.9433639473355406,0.37869601514187956,0.06144270595901387,3.9827194111560256,0.29628161829872024,False
1753,0.7592957469018057,0.1666051389042984,0.681216976447764,0.17365201692140866,0.3076476511224713,0.880063525831537,0.8555772488323985,0.5031573842015482,0.10777938175934425,4.0,0.318783023552236,False
1754,0.6637057117298042,0.2166948857964986,0.6681371822847222,0.12314500782707409,0.2192854153917136,0.44916689169490376,0.527219341814953,0.34181097666986415,0.09010223877223901,4.0,0.3318628177152778,False
1755,0.9126340498890826,0.15736810020296282,0.41185450702802673,0.12071648758113741,0.23113913736164116,0.25644539875289346,0.1427042698551172,0.24415823854973476,0.12109395296195806,4.0,0.5881454929719733,False
1756,0.9096936788575445,0.17988968523475563,0.7090771291987314,0.1790692715488785,0.3985873729629173,0.8809867949310195,0.4496270453659781,0.5128302863891813,0.12597532266587916,4.0,0.29092287080126855,False
1757,0.7357414704401644,0.3850175568582776,0.6142857949588546,0.05016668655384578,0.22183747599821413,0.6944496126390953,0.8901136833391478,0.42284115626057944,0.14036999101348505,4.0,0.3857142050411454,False
1758,0.2730613789764075,0.1965473044436517,0.4022710821759536,0.044175258681946716,0.07108128637768887,0.6113682218660097,0.48420782227306103,0.31164976458028215,0.08975130593452689,4.0,0.4712027592740983,False
1759,0.5377485161492014,0.10838492841807681,0.7828043667289961,0.17516892693389477,0.6231174783575097,0.8598378850455617,0.6674499530337756,0.4481558391995835,0.0757324247313154,4.0,0.21719563327100389,False
1760,0.6748877675139047,0.3054501395752856,0.4588828620156787,0.18864379821551622,0.06615998882569937,0.4199192362776472,0.9064413035390275,0.27227563898762996,0.10017788894703045,4.0,0.5411171379843214,False
1761,0.29422324470950767,0.30053290113270903,0.7441152888733031,0.03973835932438115,0.5988291632138523,0.2575692301039258,0.7601841019435867,0.21984282743715133,0.10418356574986566,3.804906583876355,0.25588471112669686,False
1762,0.32218897122062196,0.09413908495594825,0.40939250921602405,0.15713857641113294,0.4064388511200739,0.48268042163388397,0.3093517119314011,0.3418079314008377,0.05158437614326817,4.0,0.590607490783976,True
1763,0.817476399397911,0.42593543564469993,0.3111953935089323,0.18929560240707857,0.35454266291870185,0.6281855436308257,0.13035682860657294,0.40986601363372943,0.11295209701193817,4.0,0.6888046064910677,False
1764,0.4500695343480685,0.3395591102212582,0.5583323535137613,0.1445355188694685,0.516406317918778,0.36264026709746794,0.7571655683717045,0.2919809110249328,0.07412346950965522,4.0,0.44166764648623874,False
1765,0.37580786530815935,0.17493815870785015,0.5859950138346353,0.10860976558337584,0.5489992374668315,0.38143460668874857,0.6610191666134049,0.29125415337748933,0.06212461189423144,4.0,0.41400498616536474,False
1766,0.22020217286264343,0.4373802080395724,0.7487960520398249,0.08952125727692176,0.5847933760873738,0.22986543979018742,0.9038136394180836,0.20189563991735052,0.06668858389285924,3.570006283100782,0.2512039479601751,False
1767,0.08866679740445038,0.3911291590976503,0.7427991633635711,0.07963825113221709,0.4657160790845441,0.6849839027991145,0.900917944112478,0.41134680514610694,0.06424319834427046,4.0,0.2572008366364289,False
1768,0.2925792368546225,0.07049116522170684,0.49931874283201483,0.19957733944372924,0.6904662593808681,0.27940798487110846,0.2499028639160744,0.19540775432283167,0.048628159228575926,4.0,0.5006812571679852,True
1769,0.8811786101776421,0.07284713814230695,0.7107968644252007,0.03902015353837887,0.08021727189606313,0.8635484718373958,0.8074352058061766,0.4353075433977503,0.16909937035068728,4.0,0.28920313557479926,False
1770,0.36795604586488373,0.33755352773061975,0.6621758401281337,0.09234119615575845,0.6189515988012405,0.5004412564135676,0.7109701281489942,0.32232970002549877,0.06740995090086026,3.8352272049608978,0.3378241598718663,False
1771,0.046840619485308266,0.20329552600844408,0.6324536731597779,0.15722037238139425,0.09566735197140294,0.6267981634399533,0.8594868422558747,0.32010763629738814,0.052308376487432015,4.0,0.36754632684022215,False
1772,0.4697115826517254,0.14632570218674207,0.4218547151931513,0.04079575369312302,0.39466084497695664,0.20932524189672083,0.16704372399349332,0.2146386069887803,0.1025476616522426,4.0,0.4351547060599789,False
1773,0.8010736434204596,0.28591544873578084,0.5210969131632586,0.16996371908880592,0.31466330236941814,0.4849004816125012,0.4114411979923497,0.37105211986118464,0.10973413887101392,4.0,0.47890308683674143,False
1774,0.7859175642175977,0.3786259477553045,0.7166923298195844,0.07017748843286228,0.24066130202184505,0.8981861818897716,0.5994886137427038,0.4894280252858763,0.12411715457577151,4.0,0.2833076701804156,False
1775,0.6940715050925018,0.11588400223467508,0.46887428054403396,0.1281725862626778,0.2853310449017866,0.7347010547984982,0.8061203854038556,0.44470878254070195,0.09694076731242002,4.0,0.531125719455966,False
1776,0.3255832713114315,0.28980632825925595,0.43991868079263574,0.05462263995854916,0.681846147139459,0.8932236960550883,0.9679524075380033,0.39424583146807735,0.09066994450278942,4.0,0.5600813192073643,False
1777,0.9888885169640703,0.44689565009064736,0.644292407610053,0.12420793283447375,0.11928301932629978,0.22642996439625476,0.4921057872594867,0.20582474008651805,0.15013359676111512,4.0,0.355707592389947,False
1778,0.8390402042617833,0.37241702480696776,0.5336147057409634,0.1961719393797018,0.09231366034222835,0.35022026108187965,0.01872754054306003,0.25728116436627363,0.1123966901445494,4.0,0.46638529425903663,False
1779,0.8783811335349399,0.05216967020381951,0.41475258643929425,0.05056852178005031,0.15741698513414926,0.23053829162937423,0.07176007027431286,0.21159864863652678,0.14149127599966235,4.0,0.5393975656538701,False
1780,0.6715207610615217,0.39725121303614114,0.687996037240703,0.10179015280849454,0.34902475889061263,0.7086052033373533,0.48163683591550643,0.455804319506722,0.09616974454000654,4.0,0.312003962759297,False
1781,0.9333566627944636,0.39881162157241573,0.3267452257215474,0.11993245953047216,0.5758345780089924,0.9466233236955188,0.4920207382751456,0.4593579326305815,0.1375549226865377,4.0,0.6732547742784526,False
1782,0.14546400882864685,0.35027208167867796,0.4237065646457907,0.09905488720036999,0.25025334242772534,0.5748606366749962,0.029526845582559025,0.34434313569759867,0.044879454320885546,4.0,0.5762934353542093,True
1783,0.4761354896980331,0.09279327739029704,0.39849180020044606,0.16535508109901007,0.4246027774812386,0.6842572529310857,0.5911483034309413,0.42068462116601135,0.06820583433168707,4.0,0.6015081997995539,False
1784,0.8325479737141916,0.20721891624030497,0.3311274866813019,0.15420065497398566,0.5392535492957832,0.670804305457066,0.9092453382635721,0.40328642656054503,0.1208672862085758,4.0,0.6688725133186981,False
1785,0.22268323105827093,0.3064757938169795,0.5352915239300993,0.07060387399981388,0.4617384172443588,0.23261412563366735,0.3741179574847987,0.21623474130643563,0.061929548525964086,4.0,0.4647084760699008,False
1786,0.23430586378812468,0.43165967765371666,0.5823290534267914,0.1156325195169615,0.30772163233939515,0.6339271665205581,0.4838649580155481,0.3973834497883253,0.05891220056023473,4.0,0.4176709465732086,False
1787,0.3244786061147992,0.2787884272734699,0.41895732612670833,0.033316167983447595,0.19088162317384155,0.8112572007385137,0.02431280981000339,0.411474722417801,0.10292887010378754,4.0,0.3553724584901077,False
1788,0.8160251686014993,0.2396375450241251,0.20261941209275178,0.16111404169679405,0.1341473443620872,0.788999353567527,0.5462656380613422,0.3969478566265413,0.11303210081916772,4.0,0.7973805879072482,False
1789,0.2507296652699055,0.07977521287998379,0.5120640144364804,0.08268102432041893,0.692130158671816,0.9707501839845236,0.8274791881769933,0.4070187290716758,0.05942602288627762,4.0,0.4879359855635196,False
1790,0.4723800027597107,0.06539357785466865,0.7480502029177614,0.06702085810347155,0.07415364082985526,0.5706070867266047,0.5601812993366247,0.3401717348230544,0.07990628100186686,4.0,0.25194979708223864,False
1791,0.5783210559840498,0.23454334479352573,0.5469525760030606,0.057014146032371746,0.2825129831585913,0.381314576233847,0.9539861309340514,0.3157264467067684,0.10881701130969064,4.0,0.4530474239969394,False
1792,0.20783688205160356,0.2381317379660121,0.7054797466115714,0.05501121918162394,0.29682263848607987,0.3176918391034013,0.3767922325845582,0.2751533631037457,0.07303322796034648,4.0,0.2945202533884286,False
1793,0.627911724017994,0.21282395585081842,0.5358254824847761,0.08178993322549724,0.06393035438185517,0.9195835810707564,0.16369025227959433,0.42165615062400547,0.08345152089414264,4.0,0.4641745175152239,False
1794,0.90601381958149,0.1667691419269946,0.2175168885429275,0.1514865556764661,0.3915279326985726,0.7404065626653926,0.3306061400285837,0.4447802923533626,0.12314087592911627,4.0,0.7824831114570725,False
1795,0.4670692530220595,0.409780074028458,0.5510150289972681,0.1524203798459261,0.1614200776786042,0.41681150629694397,0.32845640241476093,0.2929876535978632,0.07140138201536841,4.0,0.44898497100273194,False
1796,0.07767022578786076,0.24755694135792666,0.6532228074058466,0.06377969470274808,0.16136126373757934,0.27434131420134444,0.12369406965587504,0.20856482239312582,0.05713413911249942,4.0,0.34677719259415335,False
1797,0.9220532707937348,0.21064864821835377,0.2922267690519686,0.1040574796571861,0.6356030880698339,0.29275922673699517,0.4747777060415518,0.23136457164278068,0.12923026922512634,4.0,0.7077732309480314,False
1798,0.02784457283161501,0.28659216497398715,0.6389630992356725,0.07590585653193233,0.5114600521135519,0.33312720680676977,0.33464600229967434,0.2529754294690242,0.052556558894469925,4.0,0.3610369007643275,False
1799,0.26159741390048374,0.2904447576859177,0.6527828836462528,0.11504021178697815,0.33383860399518744,0.8201411692660163,0.9824661780863172,0.46472043693984116,0.0630495805399725,4.0,0.3472171163537472,False
1800,0.9270724503707239,0.24998088733147172,0.5387132325732686,0.15079881477705692,0.06225152839181667,0.21829665952937694,0.4650632915162948,0.18755533753939418,0.13092684858321302,4.0,0.46128676742673136,False
1801,0.6175864745267436,0.41192934319890184,0.23272495809262048,0.14500313880859328,0.227016708874635,0.5002555957442212,0.47350112771932407,0.3307506621994631,0.08984863151299888,4.0,0.7672750419073795,False
1802,0.06894564608138698,0.3084144209169882,0.24189623053246728,0.051808243159169695,0.37881643607619975,0.8333531673468413,0.48691412689707736,0.4076091554763665,0.07657943797309617,4.0,0.5526212603644769,False
1803,0.15422432958517784,0.10858019208132981,0.5802313344062848,0.06914961436748905,0.5073018373816808,0.5062008840987176,0.6396647409124536,0.3340943457487185,0.060476491552996295,4.0,0.41976866559371523,False
1804,0.9923541607942787,0.359181561852411,0.2775667268990049,0.1422683195922359,0.5729126830357965,0.6173380654149625,0.4562858957599599,0.37442085495284955,0.14652860042452853,4.0,0.722433273100995,False
1805,0.9120217482130629,0.0909314928914744,0.2740909353786903,0.0697484666455757,0.1390237546337113,0.8025549929954054,0.6046501539385793,0.4120712893873289,0.1384168911487792,4.0,0.7259090646213098,False
1806,0.047184181204509956,0.28444055268710894,0.6240888514355173,0.18671277448537654,0.637601155142715,0.3538425735853097,0.4063119011189882,0.23143857091287878,0.04698217046581409,3.9590145523628797,0.3759111485644827,False
1807,0.17123998959911912,0.12505189874768607,0.695225282282321,0.06022904653287305,0.13390664905651092,0.4888115134173625,0.6067993897550344,0.3045282341420311,0.06808656094117839,4.0,0.30477471771767894,False
1808,0.15685986606416857,0.11815959888326488,0.47048465788263905,0.07680322815521944,0.6910462729382971,0.8320554966708289,0.6804662713269503,0.36260773911763994,0.056475130448308694,4.0,0.529515342117361,True
1809,0.5367998393588175,0.30338700813388814,0.6284292492305117,0.03914915415995868,0.5126416663710668,0.7338174351887987,0.38213266805380064,0.43795566064644487,0.11868286993985888,4.0,0.3715707507694883,False
1810,0.6248137480847892,0.28815322603892657,0.37119730831557796,0.12201636393296626,0.697014561079955,0.6322554498058319,0.3956056577387388,0.33561110293947105,0.08493081678120572,4.0,0.628802691684422,False
1811,0.8570140875197657,0.10319916688901874,0.5206608054701575,0.06847405680038963,0.3590633851497398,0.8508589870728025,0.9412092296219592,0.49398518758533555,0.13543012101574398,4.0,0.4793391945298425,False
1812,0.6235957434983257,0.13636508878080122,0.35488281924591736,0.10155728485031836,0.5409956434202701,0.8806557698683652,0.17979280259774988,0.4524164700313515,0.07789412319058085,4.0,0.6451171807540826,False
1813,0.6300236868318877,0.13230196302491648,0.6064930074712349,0.0759543318232582,0.07241458183558638,0.8195094495756825,0.5288082616452046,0.4070050631008875,0.09111721474068933,4.0,0.39350699252876514,False
1814,0.09752820635284731,0.276760852262152,0.3073193885065908,0.11904191150754259,0.3245771855081445,0.842251539434596,0.9328837665592454,0.41720991644742333,0.05606488579238424,4.0,0.6926806114934092,True
1815,0.5453595546588408,0.31090900892079776,0.6526795826152468,0.1465459359774981,0.46766682763968903,0.2672325194072589,0.7302258844102358,0.260884939968492,0.08199937073702958,4.0,0.34732041738475317,False
1816,0.18745947078206604,0.29219625942213334,0.38296451765721695,0.08984220860415645,0.5047973430381181,0.41057407692352516,0.9884065070320583,0.28484175533085404,0.061152110765606206,4.0,0.617035482342783,True
1817,0.29552637064959963,0.1376797307061105,0.2322061604642186,0.056814647102591195,0.4964401865798082,0.8987383866427836,0.8058384084110162,0.43290964584236763,0.08051803173081083,4.0,0.6060229024276395,False
1818,0.050867515872703106,0.2360981503552781,0.589479922157836,0.1579302452358876,0.18112308110363595,0.8690478823610654,0.4518832926926658,0.40949866165527604,0.04644704617096203,4.0,0.41052007784216404,False
1819,0.9716887462548257,0.14233892534270534,0.6103236738292673,0.13313963370885074,0.3386519226401953,0.735940443778129,0.8750190028029057,0.46947599225893244,0.14370832362029137,4.0,0.38967632617073267,False
1820,0.3610896561720339,0.11425838371837926,0.6217692171272935,0.18795735601358265,0.3753704798762672,0.8485032635367171,0.8496407304504113,0.48020221245441597,0.06322453854852061,4.0,0.3782307828727065,False
1821,0.8835167985952219,0.4445208121360063,0.2649878641807767,0.1181331317756162,0.500793666797681,0.6481652679412437,0.5386828126762659,0.3992746086755962,0.13146215210839887,4.0,0.7350121358192233,False
1822,0.5057730360462575,0.27072923445545144,0.3743021612502979,0.07370149519107642,0.3377777321117805,0.9989477057082168,0.3500671604092106,0.5003241772981103,0.07862661299194766,4.0,0.6256978387497021,False
1823,0.11932355700332586,0.41865956089347495,0.7553945937541404,0.19104191875342372,0.3707879138157773,0.5842846876215717,0.770365393674726,0.3908994021212409,0.05902906273698624,4.0,0.24460540624585958,False
1824,0.8055835254392538,0.09658687730455534,0.22227139611928207,0.12571118720075042,0.4707896560987688,0.8522256505813564,0.1455795784806171,0.4620265567576863,0.10232218425851211,4.0,0.777728603880718,False
1825,0.7846430414865104,0.3828172735658068,0.24354418232347616,0.16716257631291426,0.6364306220251578,0.6793712523503652,0.2913491244355274,0.36372820618411017,0.10860709705234059,4.0,0.7564558176765238,False
1826,0.9110261928917209,0.1610134607031916,0.6799481841120184,0.09420325612983124,0.4633008249838331,0.436476282026411,0.18484462658411083,0.3626312427791527,0.12195008683294409,4.0,0.3200518158879816,False
1827,0.5999133783043127,0.18638380997087273,0.6168321586961278,0.049154495346074495,0.6131675500112639,0.8574156492103244,0.33939015791728766,0.44058108557265485,0.10888501357231144,4.0,0.3831678413038722,False
1828,0.8794580131110639,0.136316168313417,0.387830603787784,0.05110111829902994,0.20712566762579232,0.8233714391370797,0.46477979099348243,0.4467608747098228,0.14830420546239442,4.0,0.5450785951896527,False
1829,0.5653860942831,0.11724826813308172,0.6723218049104742,0.05665827108728372,0.6979196514100995,0.7839808354508118,0.7290999725148528,0.39702739736557346,0.1019037384272108,4.0,0.3276781950895258,False
1830,0.8056390956513362,0.0968363265652291,0.3294187293552522,0.1527619692767456,0.19802984677585456,0.3374737570410429,0.764256734297491,0.27206958759171657,0.1124311215154584,4.0,0.6705812706447478,False
1831,0.35252327503201675,0.1579848511592401,0.3637006140192678,0.04655999815907414,0.3272987151603427,0.8044789757288877,0.9661085460330455,0.441028313281935,0.0987085214964961,4.0,0.4966399803634576,False
1832,0.7562342135634141,0.33303417201609065,0.7727306831092806,0.0980787993491236,0.38136304348491834,0.44039050803080776,0.19911286830988661,0.3699410414150347,0.10099701734747493,4.0,0.2272693168907194,False
1833,0.0985840474104801,0.1521529624310224,0.7022294619915139,0.19382343901970636,0.2700830504253335,0.2784181843387217,0.36666758070314687,0.2397887174327194,0.044052350091012514,4.0,0.2977705380084861,False
1834,0.29267451684454093,0.12936627933872596,0.6439006578961464,0.18763359118597192,0.537772612890055,0.24070824600043342,0.5320894059373135,0.21914934229258232,0.05385383806108445,4.0,0.35609934210385363,False
1835,0.7726951005126053,0.4013486343906946,0.22266012861051834,0.17930786771684876,0.586423181467658,0.4438484280011902,0.372815101538292,0.2999912494844217,0.10887354950323805,4.0,0.7773398713894817,False
1836,0.3038006527367786,0.44774863927262687,0.4916910689778648,0.17787129601334956,0.5352517065598867,0.8701903942482547,0.22831963424195845,0.44072277395779846,0.05914240220492522,4.0,0.5083089310221351,True
1837,0.07604932322388325,0.35250680854702354,0.6256878320281736,0.03589980103091944,0.23611496207630528,0.5804741773305209,0.7304444172571184,0.3528378639930629,0.1031696050403104,4.0,0.3743121679718264,False
1838,0.437068171138117,0.32463326233131895,0.21015966367543115,0.09963934393324353,0.46913206362349247,0.22456448799989595,0.7296514607391826,0.20385925294175372,0.07202865495943586,4.0,0.7898403363245688,False
1839,0.504971240818198,0.3373830368594727,0.3046704652061709,0.0583076150374912,0.52823114462861,0.7421483469430425,0.03087510172091701,0.4088708423977821,0.08775407694026334,4.0,0.6219478937332394,False
1840,0.8483590656140575,0.329516345454293,0.4966219927224752,0.0680751142139746,0.47976230052894514,0.9108556051478574,0.49101247013192695,0.49088672190611554,0.13204911280357576,4.0,0.5033780072775248,False
1841,0.7454846992833081,0.36093582159748583,0.3464273645362011,0.10608713810600136,0.6820359805757709,0.5148004019653798,0.04599372212075448,0.3048989967379733,0.09788499426167029,4.0,0.653572635463799,False
1842,0.21676392628605745,0.2502239114986218,0.6740980283004132,0.033701010240021506,0.5468021063767874,0.8612070011462007,0.27098604145973304,0.4450846170906345,0.09985509814031837,4.0,0.3259019716995868,False
1843,0.11546595104050972,0.30572479490972604,0.7649300449004588,0.13969617747017615,0.6231304334898875,0.20882953345377608,0.9731010245917247,0.17576100282728907,0.05797658198396134,3.6786924595564408,0.23506995509954123,False
1844,0.13093577731079242,0.15730548288035875,0.7868326691891063,0.07038411750118145,0.4474436841231638,0.9820243379975224,0.6473673203958731,0.5012782263565217,0.05975131664806264,4.0,0.21316733081089367,False
1845,0.8150457772541813,0.20131408633833753,0.5321386391784754,0.08537089576100942,0.5066551502849991,0.8690998142726598,0.6064009558504363,0.4789899894417627,0.11548947890385326,4.0,0.46786136082152463,False
1846,0.932977494918198,0.13648501895359733,0.5643011440570446,0.1258313917690043,0.35583710491887766,0.5066978144948986,0.1433789927279585,0.39227979747467584,0.12446128207833138,4.0,0.43569885594295543,False
1847,0.7265321940872284,0.3637968844467549,0.41967605350765463,0.13493447211116494,0.10592709310862354,0.7272009387207616,0.9757355345382569,0.3810642332095711,0.11043589691362689,4.0,0.5803239464923453,False
1848,0.09182694985673012,0.2197864502727997,0.7576469947212576,0.04046842425591082,0.05611945177975844,0.31150373069564763,0.03710369597610863,0.20978709517578628,0.08150823112275468,4.0,0.24235300527874237,False
1849,0.5513767872984986,0.32563983778481315,0.7164323797198537,0.09924184484149962,0.640961512325002,0.7359868798769436,0.4976070095639229,0.4021899609828041,0.07934546857816156,3.677250502250535,0.28356762028014626,False
1850,0.850110389630735,0.38108731582827643,0.7510903273083109,0.15321736653130658,0.21310145674168562,0.31450770515428306,0.8084943275380024,0.2830721867987329,0.12745914551755277,4.0,0.2489096726916891,False
1851,0.3301370639858041,0.4139341312664674,0.2578448491342766,0.05114042943425117,0.4532740454455689,0.9907745394490048,0.789869354762906,0.47064487027735985,0.09647439097218119,4.0,0.5454979139653459,False
1852,0.09640740683484428,0.32723392762757875,0.7925719414204584,0.09301987991383343,0.6221886101438399,0.9711616712594071,0.8019761579379224,0.4422127929658358,0.05607176729481692,3.5861250899039403,0.2074280585795416,False
1853,0.8527119357037329,0.38551734491247125,0.287290294585109,0.07238801541407787,0.2638724606863815,0.4126284090894521,0.964454910794269,0.31755812084039314,0.1395753272820586,4.0,0.712709705414891,False
1854,0.552670755788258,0.4271937485334717,0.644729221163461,0.09074259918385852,0.26780221741331844,0.5210968952526805,0.9410977344878755,0.37311257454773317,0.09171709328595432,4.0,0.355270778836539,False
1855,0.7649936266571397,0.23057983281577227,0.23447982540730167,0.07089857707292271,0.09442344868822741,0.6937552143805501,0.8918674471302088,0.3594002050668021,0.12050148017140064,4.0,0.7562514887778423,False
1856,0.4403939789836674,0.2619719547028098,0.3921838408671212,0.19233301348788004,0.11688593327627571,0.7194265128174517,0.6050626667512801,0.36829377443894235,0.06835966892598043,4.0,0.6078161591328788,False
1857,0.700450660344077,0.29105598493916873,0.6491895427798169,0.08745913791807133,0.45167236721218734,0.6002326503263475,0.19079848973929348,0.4175526468839503,0.09334028327193435,4.0,0.3508104572201831,False
1858,0.7521606083671372,0.2887327561478534,0.611992130525462,0.1601647209841441,0.1551544895866715,0.9316099578919947,0.591303623363239,0.46348944033242767,0.10531435999111045,4.0,0.388007869474538,False
1859,0.3015159205608724,0.38469086847488,0.4676944584480187,0.10399976034886103,0.404981351379791,0.2941110990515129,0.4584434184328462,0.2580266211418044,0.06002134259026033,4.0,0.5323055415519813,True
1860,0.6814554211727156,0.42584545194773704,0.22963197740632024,0.16952302678273942,0.19084679950109695,0.2951828655540607,0.408766780646457,0.2355176162398592,0.09752593041699828,4.0,0.7703680225936799,False
1861,0.278480081094183,0.4253767804372259,0.24586871975016855,0.08848016343370149,0.572860159200169,0.9961389609415008,0.8603354265511669,0.43271827333531254,0.06855322143080259,4.0,0.7541312802498314,False
1862,0.7248007933298373,0.3998846289132482,0.5699558844809998,0.15052440444692206,0.13858853667197396,0.31295073534595313,0.41669761367832214,0.2501933695777385,0.10250495224784449,4.0,0.43004411551900024,False
1863,0.009148353632677075,0.13112435005565815,0.2862289798395791,0.10947351455407005,0.5377042220336928,0.3442690877618193,0.7908013184657143,0.21825464386260235,0.04972011726040181,4.0,0.7137710201604208,True
1864,0.7029181402666504,0.08894626719807636,0.7966165331018098,0.031016873726506553,0.6294656351553318,0.5031357863783137,0.2602654555086814,0.34638323020118483,0.1448746942639139,4.0,0.2033834668981902,False
1865,0.961422513745342,0.11285864743288827,0.39302572217136633,0.18131444248818257,0.12396812438843566,0.9138248506330018,0.30927377212105633,0.4420885545822291,0.13213820690933195,4.0,0.6069742778286337,False
1866,0.034418233780473484,0.08042271576981125,0.6026397494345566,0.0558258304569606,0.5571138686204872,0.4679237225630726,0.2289578079382274,0.2941525517186755,0.06302882303291511,4.0,0.39736025056544344,False
1867,0.35919071537927294,0.20057646346957358,0.5776347347947575,0.199218720137261,0.6141286715385065,0.9614503651257476,0.7359945957125422,0.44783087897132695,0.06265509061602899,4.0,0.4223652652052426,False
1868,0.9897893911422387,0.12417922389457697,0.7380572046056217,0.03535426609122228,0.3116044530080456,0.3657419034937582,0.19039974141760718,0.3375121320794836,0.18486830313708702,4.0,0.26194279539437826,False
1869,0.9618313278337052,0.0994242058291647,0.7959404272164241,0.13044356011202296,0.05049350898900138,0.45266211827880537,0.66975085878016,0.30999900095227617,0.13794972747241632,4.0,0.2040595727835759,False
1870,0.44419558188117014,0.33178552778613124,0.4759913810042084,0.05602764399071397,0.19089805580787156,0.35431242762570314,0.9182327792231614,0.2690842675094016,0.09868741821424071,4.0,0.5240086189957915,False
1871,0.3117611462685196,0.1285821319726447,0.3564095775861733,0.08209564949579204,0.6532499532996752,0.6834608063202863,0.6077629286373368,0.34184588100612806,0.05997521836820882,4.0,0.6435904224138267,True
1872,0.9296305005087874,0.08731016319835505,0.594154854965343,0.14233149770411097,0.4558936402171814,0.6520930840995238,0.3642441584369057,0.43949994504054546,0.12688082541084197,4.0,0.405845145034657,False
1873,0.8755827890366946,0.30526141723902117,0.6376259604031213,0.09626534914725203,0.5631078600325339,0.9146382354477771,0.5257262818399817,0.47774225160631384,0.12459445211958504,4.0,0.36237403959687875,False
1874,0.48191869111925223,0.4443235575398587,0.6333720002783871,0.07079024872941408,0.3534205615490745,0.43260433726516645,0.6062901786966931,0.3458863977327195,0.0888833183325981,4.0,0.3666279997216128,False
1875,0.8960294576808223,0.14816054141915008,0.29250464397180853,0.18423955698056024,0.12049657213859413,0.7583194864745315,0.22854431759990823,0.3946330135265977,0.11940706221420258,4.0,0.7074953560281914,False
1876,0.14087633540266764,0.15101478464234075,0.2718928088009585,0.04455362574816139,0.2316053485053725,0.41066124556348715,0.8197569561909827,0.2631675212161907,0.08854836860577753,4.0,0.4752386746470549,False
1877,0.9270930906253844,0.35617092184749477,0.6146100540600329,0.13354972044712665,0.5019406232648064,0.41587253126666435,0.17577911558889203,0.3380554278796719,0.12957088265393765,4.0,0.3853899459399671,False
1878,0.8971162865678107,0.06127752985031503,0.6821240410327638,0.17340111314896534,0.5389487900044737,0.9925999071862668,0.41628252167646873,0.5111213340228009,0.12171167185105944,4.0,0.3178759589672362,False
1879,0.8663873558670793,0.44157936311061746,0.4701440644520553,0.18092467934814443,0.23333090716069083,0.7176745122254768,0.7469134758238466,0.4251305951796322,0.13178924553412782,4.0,0.5298559355479446,False
1880,0.3016548399048026,0.3217987385730068,0.6501208181369514,0.04568325916237578,0.19398636733724894,0.8206228341787172,0.8318739553152301,0.4327030313600982,0.09847397812884716,4.0,0.34987918186304856,False
1881,0.6186420347995211,0.3466253159900992,0.2742362221624911,0.07844820432134625,0.2197190466489764,0.254339361761819,0.34056519696325793,0.22119223246108527,0.09067778439723757,4.0,0.7257637778375089,False
1882,0.6986425128662157,0.11900705631279447,0.2347945283245545,0.14365247322718197,0.4221724864468508,0.679754110078459,0.6640001629146505,0.41895397260778033,0.09528290720438863,4.0,0.7652054716754455,False
1883,0.49866836358301425,0.38891190467840125,0.4429785723553807,0.06312485360003217,0.09522647859336966,0.2768550365181188,0.8537363615831608,0.20709201479428244,0.0980718220398874,4.0,0.5570214276446193,False
1884,0.4212934090491317,0.3732519064842001,0.5172380003502075,0.03517575751317009,0.4018638411132451,0.8151309655500538,0.9833507259307341,0.46415109669565646,0.12599539302664697,4.0,0.375208080140481,False
1885,0.2012187908674573,0.3196825527069943,0.5080429428377002,0.06751319121885763,0.31267126460543015,0.3963385190478228,0.6356464403935886,0.300303316564278,0.06798649477658916,4.0,0.49195705716229976,False
1886,0.17976661675214778,0.40873180721309943,0.42205378765299406,0.1516830926041163,0.25740000571687416,0.4212854718743304,0.5755469323668523,0.2924092274897388,0.05719068819430551,4.0,0.5779462123470059,True
1887,0.09081052792534738,0.3815090436437788,0.4556029442015956,0.14325013067327536,0.1578023092318022,0.47676241430452776,0.17904906837904588,0.28120901264102843,0.04723866233091185,4.0,0.5443970557984044,True
1888,0.30868490724733644,0.07256391511102059,0.7063540615144412,0.09249612552808203,0.469792331231592,0.20794654802371293,0.05294301206822005,0.2150996976206601,0.04703900494982834,4.0,0.29364593848555876,False
1889,0.8207005197908072,0.12382208347918727,0.24469008950624818,0.12606206189050762,0.3241132251681965,0.9572715074063576,0.6606157846127915,0.4942281475451932,0.11344931002681295,4.0,0.7553099104937518,False
1890,0.9549053968761314,0.17717811970220948,0.46682191244040094,0.1656643809811999,0.6942080399386217,0.9321029461665999,0.02356784756335839,0.43041083540143493,0.12722640161146342,4.0,0.5331780875595991,False
1891,0.906933142466676,0.11754240915388006,0.6134257339423029,0.10674839707212584,0.5653307505022632,0.4142069727309564,0.37073990389046685,0.3252219663676661,0.12322815492164617,4.0,0.38657426605769707,False
1892,0.17621506632334205,0.34457213913409224,0.7277440395855903,0.1233269367237155,0.27085622027573836,0.20918838740248882,0.12575282589959802,0.2053253513263661,0.047201344060076124,4.0,0.2722559604144097,False
1893,0.34326388832588617,0.2642268404628834,0.6792777848237822,0.06578150377257741,0.36391842863829427,0.2792206488153213,0.492609697706649,0.2670916136785252,0.07289203202727854,4.0,0.3207222151762178,False
1894,0.2432179352482532,0.3387415272179802,0.7950193935177219,0.17394959942444627,0.11755034805291166,0.7996833148378066,0.01919805098509153,0.40734259386629745,0.0480062361276136,4.0,0.20498060648227812,False
1895,0.5311289127127489,0.14235727417875635,0.7825781290985603,0.11005742453854729,0.6880825551589779,0.8864013462626283,0.03953738738892565,0.4313500093152616,0.06523604296955995,3.797907625524269,0.21742187090143972,False
1896,0.14997137478788558,0.18244343915034705,0.3613680713501421,0.032791276844704315,0.6536424251300061,0.4673249517113065,0.42411345293224556,0.25982223210875804,0.09985118830898121,4.0,0.34977361967684606,False
1897,0.3343432514695649,0.32788239873665403,0.7149070720356765,0.1712962898317974,0.4100547319012895,0.7348187494217664,0.40696763627735466,0.45271087952432537,0.05911108342238765,4.0,0.2850929279643235,False
1898,0.9542216670331127,0.3083048920137932,0.22230650947106292,0.18928788451322123,0.4233666563213098,0.6454945204438723,0.59835490238356,0.41428756164573477,0.13980472304374075,4.0,0.7776934905289371,False
1899,0.6388534969359736,0.31873351566208385,0.2913243397751823,0.15199562072373551,0.11003020969620796,0.6162777605772687,0.5564910557901119,0.33957636132011093,0.09026337696056914,4.0,0.7086756602248176,False
1900,0.2631373127679274,0.1326216026127233,0.5202149147837509,0.17379221753392415,0.5635303932056895,0.2405111217945195,0.2513862615461283,0.2036018586616536,0.0477092271972124,4.0,0.47978508521624913,False
1901,0.6008234495826996,0.42120956537114673,0.3594057653990673,0.17575102395746997,0.47643077276170503,0.5909942409111024,0.757922492093607,0.38400709969348434,0.0928944808112354,4.0,0.6405942346009327,False
1902,0.7823574685205092,0.18384916893952102,0.5650710681957178,0.04869121762789014,0.07252218657256965,0.8927791843608706,0.4443302965719811,0.4259811013134865,0.13580112558010768,4.0,0.43492893180428216,False
1903,0.49329127573369913,0.14240461001919857,0.731750218046876,0.037378570729830696,0.6696077113000859,0.5642576788361064,0.969515194929412,0.34227229792579633,0.12270174267751768,3.946380962013498,0.268249781953124,False
1904,0.602411372173926,0.28521030047333407,0.3963291915982291,0.15990415939724803,0.34776654252973127,0.509723934920187,0.6671041211759927,0.3688064724753954,0.08658159678176824,4.0,0.6036708084017709,False
1905,0.2629822716071465,0.3054459659475288,0.5189596325762053,0.1330002214014943,0.08203559998622915,0.6447011754987493,0.9137616622607024,0.33340132200702716,0.06246624475692439,4.0,0.4810403674237948,False
1906,0.34443797663340114,0.09788272745462452,0.32310274693866825,0.15218466979676132,0.34881537495507464,0.29987736228381223,0.6548472627003088,0.25325766469202005,0.058713325501961344,4.0,0.6768972530613317,True
1907,0.14179328386223078,0.42890076962955026,0.7400939113402305,0.08609277257453404,0.08699282894477608,0.7223094455368184,0.5573193077749792,0.3630338468985921,0.058852617398788803,4.0,0.2599060886597695,False
1908,0.2657196431776555,0.167380581914632,0.5423492653129899,0.03350273038330434,0.06083573515605467,0.6671965964097384,0.5774182432443687,0.3358207741739133,0.10567212647832305,4.0,0.357362457421913,False
1909,0.08694180809352692,0.11018943168598563,0.2056586988536326,0.08861237170236672,0.6297597854919688,0.6514349551383654,0.7799817264141348,0.298683465695441,0.05153560204486813,4.0,0.7943413011463674,True
1910,0.8289533985652989,0.15625403729527357,0.36347488262784805,0.037320092183588005,0.21229123389988452,0.6937049950306802,0.5407786430829487,0.4102137251532081,0.15946950976520768,4.0,0.3980809832916054,False
1911,0.7059158248048667,0.16481107733423211,0.7951765458122169,0.1913068480590845,0.5703742115448751,0.7240766911848142,0.16503618519767504,0.43681733554944424,0.08881852147045846,4.0,0.20482345418778317,False
1912,0.00044136461476529387,0.1689810833063936,0.4272311709122584,0.1486359016115668,0.4044854075709935,0.23277471315218945,0.859370502054968,0.19275876387339363,0.051424449152948644,4.0,0.5727688290877416,True
1913,0.2600977715228261,0.2451825623731238,0.37472005759584154,0.12081485173070157,0.08940450151802903,0.7558569858175859,0.7792474713578591,0.35335749020717466,0.058389954886804214,4.0,0.6252799424041584,True
1914,0.6517489271200512,0.24200246591248603,0.4415085921542352,0.11604303412923515,0.6941733068520455,0.39469272710379333,0.8576414412408847,0.2610869688631525,0.09456119555699416,4.0,0.5584914078457648,False
1915,0.3754061773064642,0.1116090080515238,0.47557477814451654,0.15682644679483532,0.5122475744747484,0.7877540100380327,0.23887150846379868,0.43221731177772854,0.054257263590322034,4.0,0.5244252218554835,True
1916,0.3592655538730859,0.3589173275454928,0.586838585189052,0.08560919994949862,0.4302724347875792,0.34100671615112993,0.9359570696397751,0.2927675755506962,0.072984613287605,4.0,0.41316141481094804,False
1917,0.9190882470459178,0.1011619267273276,0.696232200045831,0.16003170547062126,0.09574304509422452,0.5420928422064999,0.6776196499645355,0.3487413479683624,0.13022330283200328,4.0,0.303767799954169,False
1918,0.151075954487911,0.33837942745906513,0.5814299222849988,0.06928735402337959,0.192854868068018,0.3952281955927783,0.29042896567650467,0.2748938580075436,0.059947137718532696,4.0,0.4185700777150012,False
1919,0.717885014048732,0.32439803933364836,0.2803715092111522,0.1546831065571898,0.21189982448522615,0.48667577484475066,0.2045226408268559,0.33028579926636853,0.09520939877279747,4.0,0.7196284907888476,False
1920,0.8185657751198057,0.2922202401121922,0.7269854155577007,0.1636404557367732,0.35763907163128006,0.20517717732417007,0.21882257275630135,0.23816279910031884,0.10955511206413916,4.0,0.2730145844422993,False
1921,0.5132289005981454,0.44864512239558824,0.33763882960647607,0.18544137926808346,0.0792106921707043,0.5069054867544147,0.4668159682441586,0.29099563574118387,0.07983334674085261,4.0,0.6623611703935239,False
1922,0.6000488933341867,0.19717914589924573,0.2732422789977117,0.1706328896658553,0.42440265991969933,0.8465676695559925,0.7417010862884564,0.46192628215656545,0.08530303546521986,4.0,0.7267577210022883,False
1923,0.6693840686596866,0.18619065442024296,0.7894863613881116,0.0895791153359787,0.5843592583267797,0.8098341983828012,0.8951808774815364,0.4534310530003507,0.09748342922304015,4.0,0.21051363861188846,False
1924,0.7061438779152207,0.24416088360766702,0.3889865208398291,0.17127552980008923,0.44713749301638345,0.45286073739875277,0.28313049813832036,0.3470341931271587,0.09247242174309407,4.0,0.6110134791601709,False
1925,0.23745957459519407,0.12601913913252327,0.6781330983299684,0.17307149751822765,0.2917969169584151,0.4725681725729177,0.6503789645068743,0.3460550423644887,0.0528733526751677,4.0,0.3218669016700316,False
1926,0.31847284029821277,0.33678927312514556,0.7348935303449422,0.13989189617408554,0.616424164081011,0.997344617080983,0.7141454691076079,0.46386659874134634,0.0634192607281826,3.694945900600102,0.2651064696550578,False
1927,0.8772632359842152,0.21702713754369468,0.6511589143643235,0.14472394718728682,0.6272825610205032,0.5942726136304528,0.31454039487868546,0.3721054746090263,0.11886528461169475,4.0,0.3488410856356765,False
1928,0.06697504002637467,0.05103310668310473,0.7645586556737889,0.13433887950222423,0.6972419652451465,0.4721226716472322,0.5112548775715622,0.273007369147234,0.04482664623385792,4.0,0.23544134432621114,False
1929,0.8284352008785527,0.08599990724937562,0.40630967644177807,0.06418389374814984,0.23184328172156388,0.46257369470873705,0.7480635224068627,0.3415118928418799,0.13078580887329475,4.0,0.5936903235582219,False
1930,0.22870344144611465,0.3001158450525972,0.22235783769195766,0.0491804357902237,0.338541953863144,0.40470532952175625,0.3028301885668512,0.2857374213616896,0.08102534837080946,4.0,0.5245913150957195,False
1931,0.3666079700695869,0.1062760664577187,0.6618391549019449,0.13896062928505992,0.3589745580224425,0.480668998915351,0.3267885334510048,0.3658127648370558,0.054992187428818694,4.0,0.3381608450980551,False
1932,0.30582644592595754,0.37848505173205976,0.6456680767261946,0.11221077182199389,0.6748970014236736,0.24956534788597234,0.972587153153491,0.19215071920787366,0.06842187695403004,3.617302437128679,0.3543319232738053,False
1933,0.13119020135613835,0.3816050636571388,0.4975089916820054,0.10629756082054911,0.07527674426004095,0.9989923036604107,0.5804491752038164,0.4029878323362239,0.05467174153427974,4.0,0.5024910083179945,True
1934,0.8449371821310274,0.43678709448989456,0.6604450342170062,0.09482829791238559,0.3669067031222159,0.45729666325713314,0.8293694584554396,0.36947792066213314,0.12963473264354014,4.0,0.3395549657829938,False
1935,0.1441382474852655,0.39204877385499187,0.28869755256797525,0.15785020738069344,0.6833273864343338,0.3842484941891175,0.40694275946669756,0.21785478110415898,0.05261098756046574,4.0,0.7113024474320248,True
1936,0.4551640184517677,0.13985078793983519,0.2383168488830142,0.032039615209660054,0.30796709410647616,0.7804957853013692,0.742500254604798,0.42835728748652746,0.12361033889023566,4.0,0.34175589556970726,False
1937,0.4843001198159418,0.12285799404630189,0.4124760229562099,0.16277696333403155,0.6341717201088117,0.9859723528318669,0.29648322509458325,0.4402871181450023,0.0645030365874948,4.0,0.5875239770437901,True
1938,0.5568086710165339,0.33487038412244136,0.4569273893268101,0.08260616500556606,0.28606434477357445,0.5960292006142973,0.7097828513986602,0.3926614419127033,0.08726494779997745,4.0,0.5430726106731899,False
1939,0.9200715029031518,0.31325040646545477,0.45386681346708124,0.1866908295532762,0.39323231409273607,0.7688435919226202,0.38422241043961236,0.46579996230045473,0.13020220927004464,4.0,0.5461331865329188,False
1940,0.2477914273975349,0.35982748477731785,0.5673819625477455,0.03384767216487611,0.0672394062932751,0.6123041594432128,0.9889037399734499,0.3218607518309299,0.11624793109777774,4.0,0.3610418364253452,False
1941,0.9346000926963182,0.1790001476205722,0.5800354299714707,0.06202039615053542,0.2267314160270713,0.6671233515697741,0.3824745097837784,0.4230581859389219,0.1463117069276138,4.0,0.41996457002852927,False
1942,0.36771776549667945,0.24833316571712472,0.7169581814882908,0.14799394238922514,0.1824725060240705,0.4125411462991981,0.7275224728516808,0.30491689424569496,0.0642435045303838,4.0,0.2830418185117092,False
1943,0.10049800539486109,0.295430942538763,0.20666575905743442,0.1815695069783832,0.26400926352194226,0.6642786747299716,0.8383406085857381,0.3480319427667709,0.05513735337139208,4.0,0.7933342409425655,True
1944,0.4992100325154709,0.12370025139035463,0.39373528537347313,0.16264298967465157,0.4175932695758167,0.6180818071398413,0.21513488145428472,0.4017260107954353,0.06462219045654033,4.0,0.6062647146265269,True
1945,0.3334057190181856,0.24984954861242653,0.31672719969010876,0.19750947195594956,0.3860061154684866,0.27965074896538633,0.9535635240798966,0.2427367231861982,0.06561640066239871,4.0,0.6832728003098912,True
1946,0.322039558656508,0.2702709630764393,0.6188042609359975,0.09328255668288857,0.6390800232871139,0.8376571974933336,0.28735268861475627,0.41039121268858486,0.055098400942403404,3.9932922731021994,0.3811957390640025,False
1947,0.5133885536188995,0.19562754885839756,0.39960285043085075,0.09487491918503861,0.6555884688861783,0.8629157211956355,0.6091890437876037,0.405835194854069,0.07396792446466238,4.0,0.6003971495691492,False
1948,0.10785845225905555,0.3139119322525794,0.7366845089155167,0.1198967320073225,0.14028166661102504,0.6124289068439761,0.6357584546158355,0.3458754585650807,0.05256927728754166,4.0,0.26331549108448327,False
1949,0.34392872952783315,0.05023208355046878,0.42797841856709556,0.08309401119092572,0.12206655265402164,0.2745953006233176,0.8131087781593809,0.2035819272016853,0.06425211328852341,4.0,0.5720215814329044,True
1950,0.9133937469319928,0.2163027859572303,0.4334017531575379,0.12349541071323654,0.2838902995668739,0.4029112241489604,0.08248388495817371,0.33057525172767377,0.12139710492924843,4.0,0.5665982468424622,False
1951,0.5602771435780967,0.2791149053663606,0.44768820897837974,0.1924236535157491,0.10935975665530567,0.2730019304512339,0.5597190277452587,0.21233776476503463,0.07985187293566523,4.0,0.5523117910216202,False
1952,0.13391787189973825,0.15994281655559145,0.360265124727419,0.15564167711729027,0.09868430384854404,0.9431720126824257,0.5689469886208832,0.38341636857636624,0.048285297918103265,4.0,0.639734875272581,True
1953,0.9331730908009723,0.14382073323038835,0.45806141323436544,0.1715862619304964,0.5231121980315666,0.49939928012470935,0.05694433457946946,0.3626260512493997,0.12319369040305271,4.0,0.5419385867656346,False
1954,0.33021694513056954,0.07227973130936079,0.27408307390316966,0.17455938096320425,0.23290757182724747,0.4744435354828176,0.48234200318579923,0.306688768590314,0.05473071371099932,4.0,0.7259169260968303,True
1955,0.8695923178095858,0.35325500579842795,0.5177022671661211,0.10013255895025659,0.16993804843713123,0.8621462341199251,0.5288882818989548,0.4474089878262354,0.12510902852509467,4.0,0.4822977328338789,False
1956,0.9675051856844912,0.08733488424764166,0.28984996175850636,0.10997179150211037,0.534642821054452,0.2585070908534391,0.8971298741372438,0.24029481725284474,0.14261493811499315,4.0,0.7101500382414936,False
1957,0.40711567117678893,0.4320724026294305,0.4036013503525542,0.11692170142384384,0.4872145927370179,0.750002004591217,0.6502236404150411,0.42289328944910004,0.07250075679382877,4.0,0.5963986496474458,False
1958,0.7695476173451015,0.35825733756970857,0.7499792569247259,0.12840568274408104,0.5955153338052854,0.5180196490090557,0.7104367061280613,0.35643384449983956,0.11219907128418886,3.686258951425696,0.2500207430752741,False
1959,0.5496209722803175,0.17338705350022282,0.44337857234385347,0.1561109890522058,0.1834363340135463,0.5212240717798433,0.07293314371249515,0.33941061150185875,0.06824993498378966,4.0,0.5566214276561465,False
1960,0.33865590123159006,0.06242278619513138,0.6931503985971224,0.07382369379301275,0.5472270928724944,0.900641011782706,0.30744487775053553,0.4664686062147617,0.06041160390904213,4.0,0.30684960140287765,False
1961,0.7605008348010346,0.3347830209436363,0.6165069573947921,0.16165087382411306,0.06979239450361227,0.21810689526046387,0.24125762617843838,0.18693881183848055,0.10233622609633919,4.0,0.3834930426052079,False
1962,0.6183605757598258,0.24064620768993727,0.5059485126827783,0.19710413085012182,0.3300755101208239,0.880992600639863,0.7909089016416229,0.48876952349805974,0.0892850170460633,4.0,0.4940514873172217,False
1963,0.8233574361040221,0.25657762977986426,0.7753078694883635,0.16283682642832853,0.13624485200020092,0.4810670118887795,0.13459270372579424,0.3386300784495764,0.107929202944008,4.0,0.2246921305116365,False
1964,0.19011903270584585,0.16446717261314547,0.6987693021585288,0.14884080302302224,0.48453446606277045,0.26931746095806547,0.09281416894966943,0.24306548787128804,0.04237421694127242,4.0,0.30123069784147116,False
1965,0.17478932001202596,0.1787036343259918,0.47844150889370657,0.10029707764577814,0.1717758746561946,0.6313377936263389,0.6571956814216556,0.34606147625747663,0.05129304711257992,4.0,0.5215584911062934,True
1966,0.682459208423858,0.3937619850232947,0.7965437055129754,0.18637772960827237,0.17339739853799174,0.6202811563963186,0.8017001295033067,0.3940773748507653,0.10269981800525824,4.0,0.20345629448702462,False
1967,0.4044649926859447,0.363312944109345,0.47258106425041635,0.13510124085900177,0.41962080006041313,0.5498158621755744,0.1238374053065745,0.37709126807281584,0.060842372105994864,4.0,0.5274189357495837,True
1968,0.7754397004371858,0.27172948073742925,0.3626461712976796,0.07432054550665598,0.6941892726996352,0.3890536962045321,0.1554788622103167,0.25852295241603734,0.1089350870556995,4.0,0.6373538287023204,False
1969,0.46118440895999757,0.1696352933458563,0.3438917177068672,0.12547495535504555,0.6899112832096911,0.4696157774962322,0.8462241264406695,0.2750792070194019,0.07204987042091988,4.0,0.6561082822931328,False
1970,0.5145669486926281,0.12671505996416332,0.2892249478464069,0.12581310077170732,0.11211196574162616,0.8459229974430367,0.04058579361085701,0.39535937408309874,0.06333733579944746,4.0,0.710775052153593,True
1971,0.28117734298488617,0.26819630963254143,0.4051931984355224,0.18470280245249027,0.6924296670254729,0.49161237214430964,0.7536026980200033,0.2739793506767194,0.05970580828403937,4.0,0.5948068015644776,True
1972,0.3204011598911407,0.23482662827467132,0.21859243453839272,0.13037451306170256,0.2299093259048931,0.8618819460036224,0.4957214596573324,0.41717800996672744,0.05693087939314833,4.0,0.7814075654616073,True
1973,0.6984529038533989,0.359024222778245,0.20346114643904406,0.04348189923618942,0.47620618074902077,0.731441845783156,0.9589872943069147,0.42074117712464376,0.14360137818252378,4.0,0.4638069251860205,False
1974,0.07839170645187388,0.3754892555832465,0.7809159978652955,0.03268867055982132,0.16836093453165685,0.4286718104292595,0.07364192196821795,0.2897269276784059,0.09831780445641738,4.0,0.21908400213470447,False
1975,0.9784241807730628,0.23087921182534926,0.7809980860555874,0.0486045005165109,0.14305236335533733,0.21071203830326113,0.35504248958727247,0.21112255676990146,0.16927497841667163,4.0,0.2190019139444126,False
1976,0.8149033984073913,0.35961191505649676,0.5667422873730945,0.07746166509268881,0.695714602390563,0.3911011203818011,0.4122850814547039,0.2691790517845501,0.12039055142530018,3.7541493902472527,0.4332577126269055,False
1977,0.8087146351464612,0.3775440368635587,0.7211934577413572,0.11110670909483199,0.37930896911109874,0.31778838212901717,0.4683903620498956,0.3072889242896484,0.11504323681879257,4.0,0.27880654225864276,False
1978,0.6717126126492714,0.4244375445574793,0.7937074534746418,0.19236473106134286,0.10525194495355461,0.5130559286058118,0.21720251963002501,0.3342292418747027,0.09304576778997212,4.0,0.20629254652535822,False
1979,0.3167419215773548,0.4299428099933504,0.3162738929859231,0.13752796177812365,0.05811794293113464,0.32171150310337593,0.7184618199937971,0.20316889965067284,0.06711238333692866,4.0,0.6837261070140769,False
1980,0.48092033994623895,0.4192578437178892,0.686435155535436,0.11227304385505804,0.6933740568937974,0.3864842785068736,0.19446619111550822,0.2623283804683301,0.07091072429315123,3.4065528767542244,0.313564844464564,False
1981,0.4196315635486375,0.3699116580035289,0.7410874522043736,0.17570292570153853,0.24781843573792062,0.22328732348588717,0.1715583515898924,0.22406602206642634,0.06309791711883528,4.0,0.25891254779562645,False
1982,0.8474346319567331,0.17520300801673955,0.2543706924449347,0.15284601549597177,0.17175007303100903,0.26008328789306434,0.05160697479642351,0.22223872416817186,0.10867912091668613,4.0,0.7456293075550653,False
1983,0.3237584364620598,0.24797768591214792,0.5134185884364371,0.04529581809202752,0.07394205772925226,0.8439215474547299,0.2607724895274466,0.38770042417109885,0.08880614223009578,4.0,0.4831553929816269,False
1984,0.8048970434197918,0.29253759624201375,0.20305440771202404,0.03779861902112258,0.4397069978617745,0.4506573807729344,0.8552089234765242,0.3379830550864594,0.16324460958855108,4.0,0.4031852695586409,False
1985,0.11910016345027874,0.41213897205313205,0.7451103949079747,0.07070721743208581,0.6566768821119391,0.9477346190224969,0.29538496865106445,0.4221112735503432,0.06107205523033883,3.4131111590938925,0.2548896050920253,False
1986,0.17691502834344552,0.4115967941888549,0.4751836081829663,0.14795007165109697,0.6125400691346239,0.30246825883878964,0.14611989538587644,0.21558561597487239,0.050205002322795615,4.0,0.5248163918170337,True
1987,0.21422663819393561,0.09828779063961718,0.4630216768981052,0.10610161273396049,0.0733252532911936,0.6904678865809195,0.03329430553522028,0.3334670399244984,0.04144916005171997,4.0,0.5369783231018948,True
1988,0.027245235009739743,0.10947068322362492,0.4359671076426661,0.09606262448013714,0.6541011674170645,0.8728551383511909,0.7337010130962278,0.3622646310612977,0.04876274279040363,4.0,0.5640328923573339,True
1989,0.3254770547332956,0.10727290994416427,0.7706265544519857,0.08180899853097806,0.6071005463359215,0.6894359426325877,0.5313147678568192,0.3952186025336579,0.05944249714155761,4.0,0.2293734455480143,False
1990,0.5492007875223471,0.06052638480357669,0.7602503583308124,0.030448565528087744,0.3559066838037491,0.8070993777815128,0.23545856786873376,0.49108358930936374,0.12632467383744947,4.0,0.23974964166918758,False
1991,0.5991208714341475,0.42903940766669657,0.5823316139397847,0.07819511328944931,0.21060730682114348,0.2359018696446202,0.10953807628726675,0.22212727826481657,0.08804682994025899,4.0,0.4176683860602153,False
1992,0.3920587824379991,0.26518553407954787,0.7299841827930906,0.11899661101236118,0.6407605195368599,0.2411904331481586,0.35474678324039566,0.20469219619664777,0.0604223413983218,3.77351807333565,0.27001581720690937,False
1993,0.937662013916508,0.3906040840083153,0.7015523961996686,0.1560285532087035,0.5052897635980139,0.3588688472233149,0.6785329008024364,0.31459526199531457,0.141049507611695,3.998285866583157,0.2984476038003314,False
1994,0.229313981015834,0.4475047568624516,0.26397950905986617,0.1916778961533523,0.5422617446940408,0.24861696084480478,0.4602918767082026,0.19489113779294984,0.05902838052382802,4.0,0.7360204909401338,True
1995,0.2957110671625507,0.07810758989629539,0.48291039334079994,0.18518623534479245,0.3016687600810321,0.3058066562010986,0.7605249008530285,0.2598105385025882,0.05720173935307085,4.0,0.5170896066592001,True
1996,0.8524540133590408,0.3492141381658059,0.6660362918013272,0.06679156657238833,0.5670537015303886,0.732138764570422,0.9548773808288683,0.4307889409666196,0.14198276194705695,3.9693261206121253,0.3339637081986728,False
1997,0.932919769225248,0.24891009866684444,0.3355141223054997,0.07667818829177162,0.6423375271772772,0.8291861640235096,0.4640779677679775,0.41353599259359874,0.13833958326431472,4.0,0.6644858776945003,False
1998,0.03744068757017893,0.3604049540627718,0.7635188018826762,0.14383751054900717,0.6270845712371562,0.433170212677592,0.32961063477386165,0.27595639459890314,0.048207976847421195,3.5608402831949078,0.23648119811732385,False
1999,0.3758430513828259,0.09092958708055106,0.7105621572948773,0.0390323001929853,0.42374115088331954,0.8273745222617417,0.7356434824603872,0.4812412133895061,0.10585921487676025,4.0,0.28943784270512274,False
